arquivo,caminho,split,largura,altura,n_objetos,classes
captura_2023-09-27_14-12-24_png.rf.024cb79af648eb94e0e4ea15f0379fd7.jpg,C:\Users\mviei\AppData\Local\Temp\aed_nativa\Placas-de-Transito-BR-1\test\images\captura_2023-09-27_14-12-24_png.rf.024cb79af648eb94e0e4ea15f0379fd7.jpg,test,1013.0,631.0,1,42
captura_2023-09-27_14-16-12_png.rf.8c274505034a781582d85b34f80d5e51.jpg,C:\Users\mviei\AppData\Local\Temp\aed_nativa\Placas-de-Transito-BR-1\test\images\captura_2023-09-27_14-16-12_png.rf.8c274505034a781582d85b34f80d5e51.jpg,test,,,1,49
captura_2023-09-27_14-18-43_png.rf.2327e7777881f8541cad019c3826cade.jpg,C:\Users\mviei\AppData\Local\Temp\aed_nativa\Placas-de-Transito-BR-1\test\images\captura_2023-09-27_14-18-43_png.rf.2327e7777881f8541cad019c3826cade.jpg,test,,,1,64
captura_2023-09-27_14-21-19_png.rf.4aebd5d7195347394d32b107854d349d.jpg,C:\Users\mviei\AppData\Local\Temp\aed_nativa\Placas-de-Transito-BR-1\test\images\captura_2023-09-27_14-21-19_png.rf.4aebd5d7195347394d32b107854d349d.jpg,test,,,1,59
captura_2023-09-27_14-22-23_png.rf.76c79736768d15365a2fdd666c1f0fbe.jpg,C:\Users\mviei\AppData\Local\Temp\aed_nativa\Placas-de-Transito-BR-1\test\images\captura_2023-09-27_14-22-23_png.rf.76c79736768d15365a2fdd666c1f0fbe.jpg,test,,,3,39
captura_2023-09-27_14-25-47_png.rf.df01a33a0d35fbf2d6e46b21db247bdb.jpg,C:\Users\mviei\AppData\Local\Temp\aed_nativa\Placas-de-Transito-BR-1\test\images\captura_2023-09-27_14-25-47_png.rf.df01a33a0d35fbf2d6e46b21db247bdb.jpg,test,,,1,42
captura_2023-09-27_14-34-29_png.rf.85fd688b06dacf8edb118168bf5918df.jpg,C:\Users\mviei\AppData\Local\Temp\aed_nativa\Placas-de-Transito-BR-1\test\images\captura_2023-09-27_14-34-29_png.rf.85fd688b06dacf8edb118168bf5918df.jpg,test,,,1,39
captura_2023-09-27_14-35-16_png.rf.029d7d92e14637999c1b8e8184ef684e.jpg,C:\Users\mviei\AppData\Local\Temp\aed_nativa\Placas-de-Transito-BR-1\test\images\captura_2023-09-27_14-35-16_png.rf.029d7d92e14637999c1b8e8184ef684e.jpg,test,1013.0,631.0,1,39
captura_2023-09-27_14-37-00_png.rf.92ff134fe9982e844ce2182dc602b04e.jpg,C:\Users\mviei\AppData\Local\Temp\aed_nativa\Placas-de-Transito-BR-1\test\images\captura_2023-09-27_14-37-00_png.rf.92ff134fe9982e844ce2182dc602b04e.jpg,test,,,2,"42,43"
captura_2023-09-27_14-39-12_png.rf.5d5d14a48ac630af8bbb0cb0dfe9db77.jpg,C:\Users\mviei\AppData\Local\Temp\aed_nativa\Placas-de-Transito-BR-1\test\images\captura_2023-09-27_14-39-12_png.rf.5d5d14a48ac630af8bbb0cb0dfe9db77.jpg,test,,,1,48
captura_2023-09-27_14-43-58_png.rf.57cb5f3d30f3b0a3c7459e9f592116a3.jpg,C:\Users\mviei\AppData\Local\Temp\aed_nativa\Placas-de-Transito-BR-1\test\images\captura_2023-09-27_14-43-58_png.rf.57cb5f3d30f3b0a3c7459e9f592116a3.jpg,test,,,1,59
captura_2023-09-27_14-46-35_png.rf.ccacc7b2f22efda1739db791d1c3ccac.jpg,C:\Users\mviei\AppData\Local\Temp\aed_nativa\Placas-de-Transito-BR-1\test\images\captura_2023-09-27_14-46-35_png.rf.ccacc7b2f22efda1739db791d1c3ccac.jpg,test,,,1,54
captura_2023-09-28_15-02-55_png.rf.9d223933d85e7c8b501a9d213f6daec1.jpg,C:\Users\mviei\AppData\Local\Temp\aed_nativa\Placas-de-Transito-BR-1\test\images\captura_2023-09-28_15-02-55_png.rf.9d223933d85e7c8b501a9d213f6daec1.jpg,test,,,1,59
captura_2023-09-28_15-03-19_png.rf.05997296ef9941be6f31b1d24ee540d8.jpg,C:\Users\mviei\AppData\Local\Temp\aed_nativa\Placas-de-Transito-BR-1\test\images\captura_2023-09-28_15-03-19_png.rf.05997296ef9941be6f31b1d24ee540d8.jpg,test,,,1,39
captura_2023-09-28_15-03-42_png.rf.06218aaf694c96baeaf43d1d68471f35.jpg,C:\Users\mviei\AppData\Local\Temp\aed_nativa\Placas-de-Transito-BR-1\test\images\captura_2023-09-28_15-03-42_png.rf.06218aaf694c96baeaf43d1d68471f35.jpg,test,1253.0,636.0,2,"39,42"
captura_2023-09-28_15-04-06_png.rf.bf2e44d8afb5926095e2dcf4bc51e65f.jpg,C:\Users\mviei\AppData\Local\Temp\aed_nativa\Placas-de-Transito-BR-1\test\images\captura_2023-09-28_15-04-06_png.rf.bf2e44d8afb5926095e2dcf4bc51e65f.jpg,test,,,1,39
captura_2023-09-28_15-06-12_png.rf.95051acf587f35df5e00769a21687d56.jpg,C:\Users\mviei\AppData\Local\Temp\aed_nativa\Placas-de-Transito-BR-1\test\images\captura_2023-09-28_15-06-12_png.rf.95051acf587f35df5e00769a21687d56.jpg,test,,,1,59
captura_2023-09-28_15-07-16_png.rf.a3f3afcbaeb9b17e49f715bac761dbcf.jpg,C:\Users\mviei\AppData\Local\Temp\aed_nativa\Placas-de-Transito-BR-1\test\images\captura_2023-09-28_15-07-16_png.rf.a3f3afcbaeb9b17e49f715bac761dbcf.jpg,test,,,2,"14,46"
captura_2023-09-28_15-08-42_png.rf.3da4fc295b66306416f5b1a64731cc35.jpg,C:\Users\mviei\AppData\Local\Temp\aed_nativa\Placas-de-Transito-BR-1\test\images\captura_2023-09-28_15-08-42_png.rf.3da4fc295b66306416f5b1a64731cc35.jpg,test,,,2,39
captura_2023-09-28_15-15-07_png.rf.be66f48dfcad01f2ebc161f593ea46da.jpg,C:\Users\mviei\AppData\Local\Temp\aed_nativa\Placas-de-Transito-BR-1\test\images\captura_2023-09-28_15-15-07_png.rf.be66f48dfcad01f2ebc161f593ea46da.jpg,test,,,1,45
captura_2023-09-28_15-17-33_png.rf.e5679b299df7085d0d11f356f8a2a91b.jpg,C:\Users\mviei\AppData\Local\Temp\aed_nativa\Placas-de-Transito-BR-1\test\images\captura_2023-09-28_15-17-33_png.rf.e5679b299df7085d0d11f356f8a2a91b.jpg,test,,,1,59
captura_2023-09-28_15-22-35_png.rf.20a14659163916640859c6e1c545cf8a.jpg,C:\Users\mviei\AppData\Local\Temp\aed_nativa\Placas-de-Transito-BR-1\test\images\captura_2023-09-28_15-22-35_png.rf.20a14659163916640859c6e1c545cf8a.jpg,test,1253.0,636.0,1,43
captura_2023-09-28_15-29-19_png.rf.d4b366f0429ec5c2efdcaa9d44f73c31.jpg,C:\Users\mviei\AppData\Local\Temp\aed_nativa\Placas-de-Transito-BR-1\test\images\captura_2023-09-28_15-29-19_png.rf.d4b366f0429ec5c2efdcaa9d44f73c31.jpg,test,,,1,14
captura_2023-09-28_15-31-23_png.rf.26c6736586ac3b8c33087d31c3df7256.jpg,C:\Users\mviei\AppData\Local\Temp\aed_nativa\Placas-de-Transito-BR-1\test\images\captura_2023-09-28_15-31-23_png.rf.26c6736586ac3b8c33087d31c3df7256.jpg,test,,,1,39
captura_2023-09-28_15-36-48_png.rf.9ade8cb9fcd4f61f6724e837dab233ee.jpg,C:\Users\mviei\AppData\Local\Temp\aed_nativa\Placas-de-Transito-BR-1\test\images\captura_2023-09-28_15-36-48_png.rf.9ade8cb9fcd4f61f6724e837dab233ee.jpg,test,,,1,48
captura_2023-09-28_15-37-33_png.rf.2e36fdb158d019547757427de7bd5b9b.jpg,C:\Users\mviei\AppData\Local\Temp\aed_nativa\Placas-de-Transito-BR-1\test\images\captura_2023-09-28_15-37-33_png.rf.2e36fdb158d019547757427de7bd5b9b.jpg,test,,,1,39
captura_2023-09-28_15-37-49_png.rf.c5ef5e617cd03e09b0b7f50ea701f424.jpg,C:\Users\mviei\AppData\Local\Temp\aed_nativa\Placas-de-Transito-BR-1\test\images\captura_2023-09-28_15-37-49_png.rf.c5ef5e617cd03e09b0b7f50ea701f424.jpg,test,,,1,39
captura_2023-09-28_15-40-16_png.rf.b568b0c10856e2adcf1634333f272be0.jpg,C:\Users\mviei\AppData\Local\Temp\aed_nativa\Placas-de-Transito-BR-1\test\images\captura_2023-09-28_15-40-16_png.rf.b568b0c10856e2adcf1634333f272be0.jpg,test,,,2,39
captura_2023-09-28_15-40-27_png.rf.3a5baca5646d6c28f892fe8547f6d4d9.jpg,C:\Users\mviei\AppData\Local\Temp\aed_nativa\Placas-de-Transito-BR-1\test\images\captura_2023-09-28_15-40-27_png.rf.3a5baca5646d6c28f892fe8547f6d4d9.jpg,test,1270.0,636.0,0,
captura_2023-09-28_15-40-48_png.rf.2c2d1c8f01d88b87b07cb675538f8e16.jpg,C:\Users\mviei\AppData\Local\Temp\aed_nativa\Placas-de-Transito-BR-1\test\images\captura_2023-09-28_15-40-48_png.rf.2c2d1c8f01d88b87b07cb675538f8e16.jpg,test,,,1,45
captura_2023-09-28_15-41-18_png.rf.d5b6411987ef6817d5760f20905e045c.jpg,C:\Users\mviei\AppData\Local\Temp\aed_nativa\Placas-de-Transito-BR-1\test\images\captura_2023-09-28_15-41-18_png.rf.d5b6411987ef6817d5760f20905e045c.jpg,test,,,1,48
captura_2023-09-28_15-41-23_png.rf.9052b480de5e341eb05efcb9e8c1fe30.jpg,C:\Users\mviei\AppData\Local\Temp\aed_nativa\Placas-de-Transito-BR-1\test\images\captura_2023-09-28_15-41-23_png.rf.9052b480de5e341eb05efcb9e8c1fe30.jpg,test,,,1,25
captura_2023-09-28_15-43-05_png.rf.b1d954864201f3426ac26cade33c8af9.jpg,C:\Users\mviei\AppData\Local\Temp\aed_nativa\Placas-de-Transito-BR-1\test\images\captura_2023-09-28_15-43-05_png.rf.b1d954864201f3426ac26cade33c8af9.jpg,test,,,1,37
captura_2023-09-28_15-46-01_png.rf.c51dad33a23ad2a2fc29905810f4feaf.jpg,C:\Users\mviei\AppData\Local\Temp\aed_nativa\Placas-de-Transito-BR-1\test\images\captura_2023-09-28_15-46-01_png.rf.c51dad33a23ad2a2fc29905810f4feaf.jpg,test,,,1,33
captura_2023-09-28_15-46-04_png.rf.6e7fbecfc414bdc8e7d50ab7f7dc1f16.jpg,C:\Users\mviei\AppData\Local\Temp\aed_nativa\Placas-de-Transito-BR-1\test\images\captura_2023-09-28_15-46-04_png.rf.6e7fbecfc414bdc8e7d50ab7f7dc1f16.jpg,test,,,1,66
captura_2023-09-28_15-47-37_png.rf.543ec1d41e4a398565d1ea4aef1224d0.jpg,C:\Users\mviei\AppData\Local\Temp\aed_nativa\Placas-de-Transito-BR-1\test\images\captura_2023-09-28_15-47-37_png.rf.543ec1d41e4a398565d1ea4aef1224d0.jpg,test,1270.0,636.0,1,40
captura_2023-09-28_15-48-36_png.rf.8a2a9b6cce0d740e3891a25ea033d021.jpg,C:\Users\mviei\AppData\Local\Temp\aed_nativa\Placas-de-Transito-BR-1\test\images\captura_2023-09-28_15-48-36_png.rf.8a2a9b6cce0d740e3891a25ea033d021.jpg,test,,,2,39
captura_2023-09-28_15-48-41_png.rf.41aff8a3a74d3e590bb25e549083fed2.jpg,C:\Users\mviei\AppData\Local\Temp\aed_nativa\Placas-de-Transito-BR-1\test\images\captura_2023-09-28_15-48-41_png.rf.41aff8a3a74d3e590bb25e549083fed2.jpg,test,,,2,39
captura_2023-09-28_15-49-52_png.rf.bfb4cec2042fee384fe543929d9d18bd.jpg,C:\Users\mviei\AppData\Local\Temp\aed_nativa\Placas-de-Transito-BR-1\test\images\captura_2023-09-28_15-49-52_png.rf.bfb4cec2042fee384fe543929d9d18bd.jpg,test,,,1,48
captura_2023-09-28_15-49-57_png.rf.d48cf98c1e36e1b1cb1883e152e9dfd7.jpg,C:\Users\mviei\AppData\Local\Temp\aed_nativa\Placas-de-Transito-BR-1\test\images\captura_2023-09-28_15-49-57_png.rf.d48cf98c1e36e1b1cb1883e152e9dfd7.jpg,test,,,1,48
captura_2023-09-28_15-50-44_png.rf.c3aec81c7fc03ac25ac952ec40b6174a.jpg,C:\Users\mviei\AppData\Local\Temp\aed_nativa\Placas-de-Transito-BR-1\test\images\captura_2023-09-28_15-50-44_png.rf.c3aec81c7fc03ac25ac952ec40b6174a.jpg,test,,,1,39
captura_2023-09-28_15-51-16_png.rf.bdc4013f65d181ab3b08914bf2cdfaf6.jpg,C:\Users\mviei\AppData\Local\Temp\aed_nativa\Placas-de-Transito-BR-1\test\images\captura_2023-09-28_15-51-16_png.rf.bdc4013f65d181ab3b08914bf2cdfaf6.jpg,test,,,1,39
captura_2023-09-28_15-52-03_png.rf.bfe4c7b7ad41aefb3cdab0f616b0992a.jpg,C:\Users\mviei\AppData\Local\Temp\aed_nativa\Placas-de-Transito-BR-1\test\images\captura_2023-09-28_15-52-03_png.rf.bfe4c7b7ad41aefb3cdab0f616b0992a.jpg,test,1270.0,636.0,1,39
captura_2023-09-28_15-54-12_png.rf.e5a1c068cf177dc431300f1bf2f8b549.jpg,C:\Users\mviei\AppData\Local\Temp\aed_nativa\Placas-de-Transito-BR-1\test\images\captura_2023-09-28_15-54-12_png.rf.e5a1c068cf177dc431300f1bf2f8b549.jpg,test,,,0,
captura_2023-09-28_15-58-08_png.rf.a193dee0138c369531e4461085a8a54d.jpg,C:\Users\mviei\AppData\Local\Temp\aed_nativa\Placas-de-Transito-BR-1\test\images\captura_2023-09-28_15-58-08_png.rf.a193dee0138c369531e4461085a8a54d.jpg,test,,,0,
captura_2023-09-28_16-03-30_png.rf.77c08c377f00a4f757219b28a5920fe9.jpg,C:\Users\mviei\AppData\Local\Temp\aed_nativa\Placas-de-Transito-BR-1\test\images\captura_2023-09-28_16-03-30_png.rf.77c08c377f00a4f757219b28a5920fe9.jpg,test,,,0,
captura_2023-09-28_16-04-12_png.rf.2683428b550c513e052bc150213a031b.jpg,C:\Users\mviei\AppData\Local\Temp\aed_nativa\Placas-de-Transito-BR-1\test\images\captura_2023-09-28_16-04-12_png.rf.2683428b550c513e052bc150213a031b.jpg,test,,,1,28
captura_2023-09-28_16-05-21_png.rf.4ef8476de50ae5c0f3056edc3775f9a1.jpg,C:\Users\mviei\AppData\Local\Temp\aed_nativa\Placas-de-Transito-BR-1\test\images\captura_2023-09-28_16-05-21_png.rf.4ef8476de50ae5c0f3056edc3775f9a1.jpg,test,,,1,8
captura_2023-09-28_16-05-37_png.rf.6ba36dfc30b660829d68f3b858b85422.jpg,C:\Users\mviei\AppData\Local\Temp\aed_nativa\Placas-de-Transito-BR-1\test\images\captura_2023-09-28_16-05-37_png.rf.6ba36dfc30b660829d68f3b858b85422.jpg,test,,,1,9
captura_2023-09-28_16-07-09_png.rf.29a2d403f8bd497ed0992bba3b5cc28d.jpg,C:\Users\mviei\AppData\Local\Temp\aed_nativa\Placas-de-Transito-BR-1\test\images\captura_2023-09-28_16-07-09_png.rf.29a2d403f8bd497ed0992bba3b5cc28d.jpg,test,1270.0,636.0,0,
captura_2023-09-28_16-07-12_png.rf.2dc6bdecdb72c6dd6b6b3b84500c38e9.jpg,C:\Users\mviei\AppData\Local\Temp\aed_nativa\Placas-de-Transito-BR-1\test\images\captura_2023-09-28_16-07-12_png.rf.2dc6bdecdb72c6dd6b6b3b84500c38e9.jpg,test,,,0,
captura_2023-09-28_16-08-08_png.rf.0401d24317ec1285d9308f0fb2399941.jpg,C:\Users\mviei\AppData\Local\Temp\aed_nativa\Placas-de-Transito-BR-1\test\images\captura_2023-09-28_16-08-08_png.rf.0401d24317ec1285d9308f0fb2399941.jpg,test,,,1,19
captura_2023-09-29_15-43-39_png.rf.a9e14e6254b471000e6bf8bebfa005d9.jpg,C:\Users\mviei\AppData\Local\Temp\aed_nativa\Placas-de-Transito-BR-1\test\images\captura_2023-09-29_15-43-39_png.rf.a9e14e6254b471000e6bf8bebfa005d9.jpg,test,,,0,
captura_2023-09-29_15-43-40_png.rf.72f13930ed1f2b700d43c65aaac0aca0.jpg,C:\Users\mviei\AppData\Local\Temp\aed_nativa\Placas-de-Transito-BR-1\test\images\captura_2023-09-29_15-43-40_png.rf.72f13930ed1f2b700d43c65aaac0aca0.jpg,test,,,0,
captura_2023-09-29_15-45-12_png.rf.84115c7aff889fa24fed9cd844128f62.jpg,C:\Users\mviei\AppData\Local\Temp\aed_nativa\Placas-de-Transito-BR-1\test\images\captura_2023-09-29_15-45-12_png.rf.84115c7aff889fa24fed9cd844128f62.jpg,test,,,1,42
captura_2023-09-29_15-45-35_png.rf.cc5aa95573ca98bae7bfa89a7f54e45c.jpg,C:\Users\mviei\AppData\Local\Temp\aed_nativa\Placas-de-Transito-BR-1\test\images\captura_2023-09-29_15-45-35_png.rf.cc5aa95573ca98bae7bfa89a7f54e45c.jpg,test,,,1,28
captura_2023-09-29_15-45-51_png.rf.acb2fa8b2b12b51a2ea461bd0a63d978.jpg,C:\Users\mviei\AppData\Local\Temp\aed_nativa\Placas-de-Transito-BR-1\test\images\captura_2023-09-29_15-45-51_png.rf.acb2fa8b2b12b51a2ea461bd0a63d978.jpg,test,1270.0,636.0,2,46
captura_2023-09-29_15-47-40_png.rf.e05e3cf73985d863fd9284a0d9b9e1f0.jpg,C:\Users\mviei\AppData\Local\Temp\aed_nativa\Placas-de-Transito-BR-1\test\images\captura_2023-09-29_15-47-40_png.rf.e05e3cf73985d863fd9284a0d9b9e1f0.jpg,test,,,0,
captura_2023-09-29_15-49-00_png.rf.3572fe3368fd33d79d384b234618687a.jpg,C:\Users\mviei\AppData\Local\Temp\aed_nativa\Placas-de-Transito-BR-1\test\images\captura_2023-09-29_15-49-00_png.rf.3572fe3368fd33d79d384b234618687a.jpg,test,,,1,63
captura_2023-09-29_15-50-02_png.rf.8f74374f8ec2a54b6d6e1cd890b43de9.jpg,C:\Users\mviei\AppData\Local\Temp\aed_nativa\Placas-de-Transito-BR-1\test\images\captura_2023-09-29_15-50-02_png.rf.8f74374f8ec2a54b6d6e1cd890b43de9.jpg,test,,,0,
captura_2023-09-29_15-50-16_png.rf.ee1880aac526f3dec2c4b114b02c66a1.jpg,C:\Users\mviei\AppData\Local\Temp\aed_nativa\Placas-de-Transito-BR-1\test\images\captura_2023-09-29_15-50-16_png.rf.ee1880aac526f3dec2c4b114b02c66a1.jpg,test,,,1,45
captura_2023-09-29_15-50-27_png.rf.21db29fb65173b6272acce3f5f0cf48c.jpg,C:\Users\mviei\AppData\Local\Temp\aed_nativa\Placas-de-Transito-BR-1\test\images\captura_2023-09-29_15-50-27_png.rf.21db29fb65173b6272acce3f5f0cf48c.jpg,test,,,1,39
captura_2023-09-29_15-51-06_png.rf.efa75456c47b61ecc9cc9b23100ef7a3.jpg,C:\Users\mviei\AppData\Local\Temp\aed_nativa\Placas-de-Transito-BR-1\test\images\captura_2023-09-29_15-51-06_png.rf.efa75456c47b61ecc9cc9b23100ef7a3.jpg,test,,,0,
captura_2023-09-29_15-52-04_png.rf.73b4b21e2103af67535ca8286bd5a80e.jpg,C:\Users\mviei\AppData\Local\Temp\aed_nativa\Placas-de-Transito-BR-1\test\images\captura_2023-09-29_15-52-04_png.rf.73b4b21e2103af67535ca8286bd5a80e.jpg,test,1270.0,636.0,1,63
captura_2023-09-29_15-52-50_png.rf.61d8c7226979d2141f98d5eca96850c7.jpg,C:\Users\mviei\AppData\Local\Temp\aed_nativa\Placas-de-Transito-BR-1\test\images\captura_2023-09-29_15-52-50_png.rf.61d8c7226979d2141f98d5eca96850c7.jpg,test,,,1,48
captura_2023-09-29_15-54-00_png.rf.7854045caed84297eca0dd3a3bd658cf.jpg,C:\Users\mviei\AppData\Local\Temp\aed_nativa\Placas-de-Transito-BR-1\test\images\captura_2023-09-29_15-54-00_png.rf.7854045caed84297eca0dd3a3bd658cf.jpg,test,,,1,39
captura_2023-09-29_15-54-50_png.rf.3e8d83f69c00ebc8356e9a6d34579b61.jpg,C:\Users\mviei\AppData\Local\Temp\aed_nativa\Placas-de-Transito-BR-1\test\images\captura_2023-09-29_15-54-50_png.rf.3e8d83f69c00ebc8356e9a6d34579b61.jpg,test,,,1,65
captura_2023-09-29_15-55-14_png.rf.97512ad1b193ac95136b981564689015.jpg,C:\Users\mviei\AppData\Local\Temp\aed_nativa\Placas-de-Transito-BR-1\test\images\captura_2023-09-29_15-55-14_png.rf.97512ad1b193ac95136b981564689015.jpg,test,,,1,39
captura_2023-09-29_15-55-36_png.rf.c65ee34ffa009f7c1c6441e8307e7823.jpg,C:\Users\mviei\AppData\Local\Temp\aed_nativa\Placas-de-Transito-BR-1\test\images\captura_2023-09-29_15-55-36_png.rf.c65ee34ffa009f7c1c6441e8307e7823.jpg,test,,,1,20
captura_2023-09-29_15-55-43_png.rf.4c60d1b02ba1bff71e8631dfcc9574f4.jpg,C:\Users\mviei\AppData\Local\Temp\aed_nativa\Placas-de-Transito-BR-1\test\images\captura_2023-09-29_15-55-43_png.rf.4c60d1b02ba1bff71e8631dfcc9574f4.jpg,test,,,2,39
captura_2023-09-29_15-56-34_png.rf.64868993e7b2cbb47129476ca22079db.jpg,C:\Users\mviei\AppData\Local\Temp\aed_nativa\Placas-de-Transito-BR-1\test\images\captura_2023-09-29_15-56-34_png.rf.64868993e7b2cbb47129476ca22079db.jpg,test,1270.0,636.0,1,9
captura_2023-09-29_15-57-45_png.rf.938db01f28c016b593132bfc4f58e37c.jpg,C:\Users\mviei\AppData\Local\Temp\aed_nativa\Placas-de-Transito-BR-1\test\images\captura_2023-09-29_15-57-45_png.rf.938db01f28c016b593132bfc4f58e37c.jpg,test,,,1,9
captura_2023-09-29_15-58-35_png.rf.769e001d487f170ff0ec43acf6c97a96.jpg,C:\Users\mviei\AppData\Local\Temp\aed_nativa\Placas-de-Transito-BR-1\test\images\captura_2023-09-29_15-58-35_png.rf.769e001d487f170ff0ec43acf6c97a96.jpg,test,,,2,39
captura_2023-09-29_15-59-25_png.rf.6816b503e40840e2e56f3ec038ef3129.jpg,C:\Users\mviei\AppData\Local\Temp\aed_nativa\Placas-de-Transito-BR-1\test\images\captura_2023-09-29_15-59-25_png.rf.6816b503e40840e2e56f3ec038ef3129.jpg,test,,,1,63
captura_2023-09-29_16-00-40_png.rf.a1c47909ee1dfef79e1d9a5e2c86824f.jpg,C:\Users\mviei\AppData\Local\Temp\aed_nativa\Placas-de-Transito-BR-1\test\images\captura_2023-09-29_16-00-40_png.rf.a1c47909ee1dfef79e1d9a5e2c86824f.jpg,test,,,0,
captura_2023-09-29_16-00-42_png.rf.78adb3c728d69d35ff1d7347afddc31a.jpg,C:\Users\mviei\AppData\Local\Temp\aed_nativa\Placas-de-Transito-BR-1\test\images\captura_2023-09-29_16-00-42_png.rf.78adb3c728d69d35ff1d7347afddc31a.jpg,test,,,1,9
captura_2023-09-29_16-01-04_png.rf.7f3960bef4987bbb9ee7f53b541dc67f.jpg,C:\Users\mviei\AppData\Local\Temp\aed_nativa\Placas-de-Transito-BR-1\test\images\captura_2023-09-29_16-01-04_png.rf.7f3960bef4987bbb9ee7f53b541dc67f.jpg,test,,,1,48
captura_2023-09-29_16-02-15_png.rf.314f943b7a77f049054cbd1f58f8afb3.jpg,C:\Users\mviei\AppData\Local\Temp\aed_nativa\Placas-de-Transito-BR-1\test\images\captura_2023-09-29_16-02-15_png.rf.314f943b7a77f049054cbd1f58f8afb3.jpg,test,1270.0,636.0,1,39
captura_2023-09-29_16-02-29_png.rf.52ac3ee729425c8f362af89cf30c09f1.jpg,C:\Users\mviei\AppData\Local\Temp\aed_nativa\Placas-de-Transito-BR-1\test\images\captura_2023-09-29_16-02-29_png.rf.52ac3ee729425c8f362af89cf30c09f1.jpg,test,,,0,
captura_2023-09-29_16-04-46_png.rf.0949043cf1c073b5098fa313defb6c02.jpg,C:\Users\mviei\AppData\Local\Temp\aed_nativa\Placas-de-Transito-BR-1\test\images\captura_2023-09-29_16-04-46_png.rf.0949043cf1c073b5098fa313defb6c02.jpg,test,,,2,"39,9"
captura_2023-09-29_16-05-09_png.rf.8a72268016ff3a2bd2a2ac017021ea06.jpg,C:\Users\mviei\AppData\Local\Temp\aed_nativa\Placas-de-Transito-BR-1\test\images\captura_2023-09-29_16-05-09_png.rf.8a72268016ff3a2bd2a2ac017021ea06.jpg,test,,,1,17
captura_2023-09-29_16-07-19_png.rf.09e258c0d037a77fd9eee32a87295588.jpg,C:\Users\mviei\AppData\Local\Temp\aed_nativa\Placas-de-Transito-BR-1\test\images\captura_2023-09-29_16-07-19_png.rf.09e258c0d037a77fd9eee32a87295588.jpg,test,,,1,39
captura_2023-09-29_16-07-45_png.rf.d2f4bcc99d2cd38bee019c7a387bd749.jpg,C:\Users\mviei\AppData\Local\Temp\aed_nativa\Placas-de-Transito-BR-1\test\images\captura_2023-09-29_16-07-45_png.rf.d2f4bcc99d2cd38bee019c7a387bd749.jpg,test,,,1,27
captura_2023-09-29_16-09-17_png.rf.c756f7b29761ec57749f3bddfc4bd862.jpg,C:\Users\mviei\AppData\Local\Temp\aed_nativa\Placas-de-Transito-BR-1\test\images\captura_2023-09-29_16-09-17_png.rf.c756f7b29761ec57749f3bddfc4bd862.jpg,test,,,2,"45,64"
captura_2023-09-29_16-09-25_png.rf.f30fb8e3e871067b0c5f2dc403c7dcf2.jpg,C:\Users\mviei\AppData\Local\Temp\aed_nativa\Placas-de-Transito-BR-1\test\images\captura_2023-09-29_16-09-25_png.rf.f30fb8e3e871067b0c5f2dc403c7dcf2.jpg,test,1270.0,636.0,1,48
captura_2023-09-29_16-09-39_png.rf.c2b0f4dbfa85290658da95ed3c50e5b6.jpg,C:\Users\mviei\AppData\Local\Temp\aed_nativa\Placas-de-Transito-BR-1\test\images\captura_2023-09-29_16-09-39_png.rf.c2b0f4dbfa85290658da95ed3c50e5b6.jpg,test,,,1,49
captura_2023-09-29_16-10-04_png.rf.b90e98090f8c82b7c1f9dfb9504fa47e.jpg,C:\Users\mviei\AppData\Local\Temp\aed_nativa\Placas-de-Transito-BR-1\test\images\captura_2023-09-29_16-10-04_png.rf.b90e98090f8c82b7c1f9dfb9504fa47e.jpg,test,,,0,
captura_2023-09-29_16-10-22_png.rf.90c7226d90c39960317f681c976053cb.jpg,C:\Users\mviei\AppData\Local\Temp\aed_nativa\Placas-de-Transito-BR-1\test\images\captura_2023-09-29_16-10-22_png.rf.90c7226d90c39960317f681c976053cb.jpg,test,,,0,
captura_2023-09-29_16-10-50_png.rf.f9fd1f3f9cef317d759c35988a6321fb.jpg,C:\Users\mviei\AppData\Local\Temp\aed_nativa\Placas-de-Transito-BR-1\test\images\captura_2023-09-29_16-10-50_png.rf.f9fd1f3f9cef317d759c35988a6321fb.jpg,test,,,1,48
captura_2023-09-29_16-12-18_png.rf.9784d76e731e6883a03908cb4584c6db.jpg,C:\Users\mviei\AppData\Local\Temp\aed_nativa\Placas-de-Transito-BR-1\test\images\captura_2023-09-29_16-12-18_png.rf.9784d76e731e6883a03908cb4584c6db.jpg,test,,,1,19
captura_2023-09-29_16-12-30_png.rf.f9cda8990e3a522919f812ca938e16b2.jpg,C:\Users\mviei\AppData\Local\Temp\aed_nativa\Placas-de-Transito-BR-1\test\images\captura_2023-09-29_16-12-30_png.rf.f9cda8990e3a522919f812ca938e16b2.jpg,test,,,1,51
captura_2023-09-29_16-14-41_png.rf.90cb282ac0e6381f1cd13a0da8728a79.jpg,C:\Users\mviei\AppData\Local\Temp\aed_nativa\Placas-de-Transito-BR-1\test\images\captura_2023-09-29_16-14-41_png.rf.90cb282ac0e6381f1cd13a0da8728a79.jpg,test,1270.0,636.0,1,46
captura_2023-09-29_16-14-49_png.rf.4ad87eed14d0f94d6ade0ea5cb7395fc.jpg,C:\Users\mviei\AppData\Local\Temp\aed_nativa\Placas-de-Transito-BR-1\test\images\captura_2023-09-29_16-14-49_png.rf.4ad87eed14d0f94d6ade0ea5cb7395fc.jpg,test,,,2,"19,48"
captura_2023-09-29_16-14-55_png.rf.9568fb904e88e795f2e58897ecf413e3.jpg,C:\Users\mviei\AppData\Local\Temp\aed_nativa\Placas-de-Transito-BR-1\test\images\captura_2023-09-29_16-14-55_png.rf.9568fb904e88e795f2e58897ecf413e3.jpg,test,,,2,39
captura_2023-09-29_16-14-58_png.rf.fc95f8807398091c93708eeed54fa43e.jpg,C:\Users\mviei\AppData\Local\Temp\aed_nativa\Placas-de-Transito-BR-1\test\images\captura_2023-09-29_16-14-58_png.rf.fc95f8807398091c93708eeed54fa43e.jpg,test,,,2,"39,48"
captura_2023-09-29_16-15-01_png.rf.554f3608c62b66e92a8cbb9a2fc1f7ba.jpg,C:\Users\mviei\AppData\Local\Temp\aed_nativa\Placas-de-Transito-BR-1\test\images\captura_2023-09-29_16-15-01_png.rf.554f3608c62b66e92a8cbb9a2fc1f7ba.jpg,test,,,1,48
captura_2023-09-29_16-15-23_png.rf.9e1447676ec4f79ae562532aa9f882b3.jpg,C:\Users\mviei\AppData\Local\Temp\aed_nativa\Placas-de-Transito-BR-1\test\images\captura_2023-09-29_16-15-23_png.rf.9e1447676ec4f79ae562532aa9f882b3.jpg,test,,,1,63
captura_2023-09-29_16-15-28_png.rf.5878ff474e1371e310ee3e9b596306d5.jpg,C:\Users\mviei\AppData\Local\Temp\aed_nativa\Placas-de-Transito-BR-1\test\images\captura_2023-09-29_16-15-28_png.rf.5878ff474e1371e310ee3e9b596306d5.jpg,test,,,0,
captura_2023-09-29_16-15-55_png.rf.e6aaf7fdb445c0dae292e405e4abecdd.jpg,C:\Users\mviei\AppData\Local\Temp\aed_nativa\Placas-de-Transito-BR-1\test\images\captura_2023-09-29_16-15-55_png.rf.e6aaf7fdb445c0dae292e405e4abecdd.jpg,test,1270.0,636.0,0,
captura_2023-09-29_16-16-38_png.rf.0d4945275ec4d94f36ce3a226c42b287.jpg,C:\Users\mviei\AppData\Local\Temp\aed_nativa\Placas-de-Transito-BR-1\test\images\captura_2023-09-29_16-16-38_png.rf.0d4945275ec4d94f36ce3a226c42b287.jpg,test,,,1,37
captura_2023-09-29_16-19-18_png.rf.b3464448e191e49fd9cbe6d42b7d96dc.jpg,C:\Users\mviei\AppData\Local\Temp\aed_nativa\Placas-de-Transito-BR-1\test\images\captura_2023-09-29_16-19-18_png.rf.b3464448e191e49fd9cbe6d42b7d96dc.jpg,test,,,2,39
captura_2023-09-29_16-19-41_png.rf.aa3381214e20c7a2e31a57bf60ea5be4.jpg,C:\Users\mviei\AppData\Local\Temp\aed_nativa\Placas-de-Transito-BR-1\test\images\captura_2023-09-29_16-19-41_png.rf.aa3381214e20c7a2e31a57bf60ea5be4.jpg,test,,,1,43
captura_2023-09-29_16-19-53_png.rf.dc294d2b0f0aaa079341b3cb49c6eafe.jpg,C:\Users\mviei\AppData\Local\Temp\aed_nativa\Placas-de-Transito-BR-1\test\images\captura_2023-09-29_16-19-53_png.rf.dc294d2b0f0aaa079341b3cb49c6eafe.jpg,test,,,1,39
captura_2023-09-29_16-20-03_png.rf.d73f1e35e9156e1efc055dddfd5ad6ba.jpg,C:\Users\mviei\AppData\Local\Temp\aed_nativa\Placas-de-Transito-BR-1\test\images\captura_2023-09-29_16-20-03_png.rf.d73f1e35e9156e1efc055dddfd5ad6ba.jpg,test,,,0,
captura_2023-09-29_16-20-18_png.rf.da6a0a7aac0d475904997d13585a4d1a.jpg,C:\Users\mviei\AppData\Local\Temp\aed_nativa\Placas-de-Transito-BR-1\test\images\captura_2023-09-29_16-20-18_png.rf.da6a0a7aac0d475904997d13585a4d1a.jpg,test,,,0,
captura_2023-09-29_16-20-27_png.rf.3b1e02f9e009a273f5ef86f10de8e248.jpg,C:\Users\mviei\AppData\Local\Temp\aed_nativa\Placas-de-Transito-BR-1\test\images\captura_2023-09-29_16-20-27_png.rf.3b1e02f9e009a273f5ef86f10de8e248.jpg,test,1270.0,636.0,0,
captura_2023-09-29_16-20-36_png.rf.aa0fdfd3b8184d6a13244324eb3a60f9.jpg,C:\Users\mviei\AppData\Local\Temp\aed_nativa\Placas-de-Transito-BR-1\test\images\captura_2023-09-29_16-20-36_png.rf.aa0fdfd3b8184d6a13244324eb3a60f9.jpg,test,,,1,45
captura_2023-09-29_16-20-58_png.rf.02d06f0eb3a8528ef08b2c21cafeafba.jpg,C:\Users\mviei\AppData\Local\Temp\aed_nativa\Placas-de-Transito-BR-1\test\images\captura_2023-09-29_16-20-58_png.rf.02d06f0eb3a8528ef08b2c21cafeafba.jpg,test,,,0,
captura_2023-09-29_16-21-03_png.rf.6b36e55c15f32b8c3e560c4b73cf4d63.jpg,C:\Users\mviei\AppData\Local\Temp\aed_nativa\Placas-de-Transito-BR-1\test\images\captura_2023-09-29_16-21-03_png.rf.6b36e55c15f32b8c3e560c4b73cf4d63.jpg,test,,,1,14
captura_2023-09-29_16-21-12_png.rf.2bfc485a48723924f376bec35860cb75.jpg,C:\Users\mviei\AppData\Local\Temp\aed_nativa\Placas-de-Transito-BR-1\test\images\captura_2023-09-29_16-21-12_png.rf.2bfc485a48723924f376bec35860cb75.jpg,test,,,1,14
captura_2023-09-29_16-21-34_png.rf.4342333498ad0116a5289057958b3892.jpg,C:\Users\mviei\AppData\Local\Temp\aed_nativa\Placas-de-Transito-BR-1\test\images\captura_2023-09-29_16-21-34_png.rf.4342333498ad0116a5289057958b3892.jpg,test,,,1,39
captura_2023-09-29_16-21-57_png.rf.e130e64ecae591cc5a4072242e1bb755.jpg,C:\Users\mviei\AppData\Local\Temp\aed_nativa\Placas-de-Transito-BR-1\test\images\captura_2023-09-29_16-21-57_png.rf.e130e64ecae591cc5a4072242e1bb755.jpg,test,,,0,
captura_2023-09-29_16-22-05_png.rf.6234566fa49fecb5d416177ca5f12f70.jpg,C:\Users\mviei\AppData\Local\Temp\aed_nativa\Placas-de-Transito-BR-1\test\images\captura_2023-09-29_16-22-05_png.rf.6234566fa49fecb5d416177ca5f12f70.jpg,test,1270.0,636.0,0,
captura_2023-09-29_16-24-06_png.rf.9e00ab6ef0a54ad8cc5741073493df9e.jpg,C:\Users\mviei\AppData\Local\Temp\aed_nativa\Placas-de-Transito-BR-1\test\images\captura_2023-09-29_16-24-06_png.rf.9e00ab6ef0a54ad8cc5741073493df9e.jpg,test,,,1,54
captura_2023-09-29_16-24-52_png.rf.047876b3024a0a1d8a193f4a67e5dbde.jpg,C:\Users\mviei\AppData\Local\Temp\aed_nativa\Placas-de-Transito-BR-1\test\images\captura_2023-09-29_16-24-52_png.rf.047876b3024a0a1d8a193f4a67e5dbde.jpg,test,,,1,19
captura_2023-10-02_14-56-18_png.rf.a80b6a52b0ad05abf921231834e0ca16.jpg,C:\Users\mviei\AppData\Local\Temp\aed_nativa\Placas-de-Transito-BR-1\test\images\captura_2023-10-02_14-56-18_png.rf.a80b6a52b0ad05abf921231834e0ca16.jpg,test,,,0,
captura_2023-10-02_14-56-26_png.rf.7c7b60e3fd2e9ef3d76e087bc9aae2dc.jpg,C:\Users\mviei\AppData\Local\Temp\aed_nativa\Placas-de-Transito-BR-1\test\images\captura_2023-10-02_14-56-26_png.rf.7c7b60e3fd2e9ef3d76e087bc9aae2dc.jpg,test,,,1,42
captura_2023-10-02_14-56-55_png.rf.b628db149034cb6cb83a62d6b232dbb4.jpg,C:\Users\mviei\AppData\Local\Temp\aed_nativa\Placas-de-Transito-BR-1\test\images\captura_2023-10-02_14-56-55_png.rf.b628db149034cb6cb83a62d6b232dbb4.jpg,test,,,1,54
captura_2023-10-02_15-03-11_png.rf.dbc720aa7c697b1260f009dff905806b.jpg,C:\Users\mviei\AppData\Local\Temp\aed_nativa\Placas-de-Transito-BR-1\test\images\captura_2023-10-02_15-03-11_png.rf.dbc720aa7c697b1260f009dff905806b.jpg,test,,,0,
captura_2023-10-02_15-05-30_png.rf.1a6169ddfc97a5461131d11d6671740c.jpg,C:\Users\mviei\AppData\Local\Temp\aed_nativa\Placas-de-Transito-BR-1\test\images\captura_2023-10-02_15-05-30_png.rf.1a6169ddfc97a5461131d11d6671740c.jpg,test,1270.0,636.0,1,39
captura_2023-10-02_15-05-31_png.rf.937da07bf52b4beaf4fca67e7c5fcd6a.jpg,C:\Users\mviei\AppData\Local\Temp\aed_nativa\Placas-de-Transito-BR-1\test\images\captura_2023-10-02_15-05-31_png.rf.937da07bf52b4beaf4fca67e7c5fcd6a.jpg,test,,,1,20
captura_2023-10-02_15-08-16_png.rf.8cdc40604ca16fb30e4f6f8095c6b454.jpg,C:\Users\mviei\AppData\Local\Temp\aed_nativa\Placas-de-Transito-BR-1\test\images\captura_2023-10-02_15-08-16_png.rf.8cdc40604ca16fb30e4f6f8095c6b454.jpg,test,,,2,"39,40"
captura_2023-10-02_15-08-29_png.rf.6b5bf6cebaca97b9c56900b8195310be.jpg,C:\Users\mviei\AppData\Local\Temp\aed_nativa\Placas-de-Transito-BR-1\test\images\captura_2023-10-02_15-08-29_png.rf.6b5bf6cebaca97b9c56900b8195310be.jpg,test,,,1,48
captura_2023-10-02_15-09-31_png.rf.181f8eccf24aed1a6c06402690dc7e32.jpg,C:\Users\mviei\AppData\Local\Temp\aed_nativa\Placas-de-Transito-BR-1\test\images\captura_2023-10-02_15-09-31_png.rf.181f8eccf24aed1a6c06402690dc7e32.jpg,test,,,1,46
captura_2023-10-02_15-09-39_png.rf.b6ff4b1fda29f73adc375a61b25f6b5f.jpg,C:\Users\mviei\AppData\Local\Temp\aed_nativa\Placas-de-Transito-BR-1\test\images\captura_2023-10-02_15-09-39_png.rf.b6ff4b1fda29f73adc375a61b25f6b5f.jpg,test,,,1,43
captura_2023-10-02_15-10-01_png.rf.21f8405184d8407d5b31cbaecd1250a6.jpg,C:\Users\mviei\AppData\Local\Temp\aed_nativa\Placas-de-Transito-BR-1\test\images\captura_2023-10-02_15-10-01_png.rf.21f8405184d8407d5b31cbaecd1250a6.jpg,test,,,1,19
captura_2023-10-02_15-10-06_png.rf.487163560ba7e89542f876206c73d2cb.jpg,C:\Users\mviei\AppData\Local\Temp\aed_nativa\Placas-de-Transito-BR-1\test\images\captura_2023-10-02_15-10-06_png.rf.487163560ba7e89542f876206c73d2cb.jpg,test,1270.0,636.0,0,
captura_2023-10-02_15-12-24_png.rf.3ec2268c320ff326c2214f7498d66ffb.jpg,C:\Users\mviei\AppData\Local\Temp\aed_nativa\Placas-de-Transito-BR-1\test\images\captura_2023-10-02_15-12-24_png.rf.3ec2268c320ff326c2214f7498d66ffb.jpg,test,,,1,63
captura_2023-10-02_15-12-32_png.rf.141b9db0c0cb4cfa5b9d173a92166337.jpg,C:\Users\mviei\AppData\Local\Temp\aed_nativa\Placas-de-Transito-BR-1\test\images\captura_2023-10-02_15-12-32_png.rf.141b9db0c0cb4cfa5b9d173a92166337.jpg,test,,,1,39
captura_2023-10-02_15-12-46_png.rf.0916ebe23ff8ee1e2657b4cdebdec854.jpg,C:\Users\mviei\AppData\Local\Temp\aed_nativa\Placas-de-Transito-BR-1\test\images\captura_2023-10-02_15-12-46_png.rf.0916ebe23ff8ee1e2657b4cdebdec854.jpg,test,,,1,65
captura_2023-10-02_15-14-41_png.rf.75ff944f99b19c6ac24bd28e4082131d.jpg,C:\Users\mviei\AppData\Local\Temp\aed_nativa\Placas-de-Transito-BR-1\test\images\captura_2023-10-02_15-14-41_png.rf.75ff944f99b19c6ac24bd28e4082131d.jpg,test,,,0,
captura_2023-10-02_15-14-46_png.rf.fa716040a2d843ed881d5416f7cf1a07.jpg,C:\Users\mviei\AppData\Local\Temp\aed_nativa\Placas-de-Transito-BR-1\test\images\captura_2023-10-02_15-14-46_png.rf.fa716040a2d843ed881d5416f7cf1a07.jpg,test,,,0,
captura_2023-10-02_15-14-50_png.rf.c39ca52543024cd5faa69747d83cb194.jpg,C:\Users\mviei\AppData\Local\Temp\aed_nativa\Placas-de-Transito-BR-1\test\images\captura_2023-10-02_15-14-50_png.rf.c39ca52543024cd5faa69747d83cb194.jpg,test,,,0,
captura_2023-10-02_15-17-16_png.rf.da1a82ba87da3df8a2fb57f7a6fca42e.jpg,C:\Users\mviei\AppData\Local\Temp\aed_nativa\Placas-de-Transito-BR-1\test\images\captura_2023-10-02_15-17-16_png.rf.da1a82ba87da3df8a2fb57f7a6fca42e.jpg,test,1270.0,636.0,1,48
captura_2023-10-02_15-17-23_png.rf.ada290b42e4cc3d374c2ee9a75ccce7c.jpg,C:\Users\mviei\AppData\Local\Temp\aed_nativa\Placas-de-Transito-BR-1\test\images\captura_2023-10-02_15-17-23_png.rf.ada290b42e4cc3d374c2ee9a75ccce7c.jpg,test,,,0,
captura_2023-10-02_15-18-31_png.rf.e02d12b6e12d17cd6818941fb7c26e24.jpg,C:\Users\mviei\AppData\Local\Temp\aed_nativa\Placas-de-Transito-BR-1\test\images\captura_2023-10-02_15-18-31_png.rf.e02d12b6e12d17cd6818941fb7c26e24.jpg,test,,,1,46
captura_2023-10-02_15-18-42_png.rf.bdb1d3a1fabd634f716a5b6830ec4b31.jpg,C:\Users\mviei\AppData\Local\Temp\aed_nativa\Placas-de-Transito-BR-1\test\images\captura_2023-10-02_15-18-42_png.rf.bdb1d3a1fabd634f716a5b6830ec4b31.jpg,test,,,0,
captura_2023-10-02_15-18-47_png.rf.15e48f0e1e270c7147cac83719a72283.jpg,C:\Users\mviei\AppData\Local\Temp\aed_nativa\Placas-de-Transito-BR-1\test\images\captura_2023-10-02_15-18-47_png.rf.15e48f0e1e270c7147cac83719a72283.jpg,test,,,0,
captura_2023-10-02_15-19-08_png.rf.4a43c51ac3e2eb1cca0a33c5a0990d55.jpg,C:\Users\mviei\AppData\Local\Temp\aed_nativa\Placas-de-Transito-BR-1\test\images\captura_2023-10-02_15-19-08_png.rf.4a43c51ac3e2eb1cca0a33c5a0990d55.jpg,test,,,1,49
captura_2023-10-02_15-19-29_png.rf.817bdac13bc967c3338e70e038e821bb.jpg,C:\Users\mviei\AppData\Local\Temp\aed_nativa\Placas-de-Transito-BR-1\test\images\captura_2023-10-02_15-19-29_png.rf.817bdac13bc967c3338e70e038e821bb.jpg,test,,,1,8
captura_2023-10-02_15-20-45_png.rf.09fd362cfce2ebc024b1628d869ac752.jpg,C:\Users\mviei\AppData\Local\Temp\aed_nativa\Placas-de-Transito-BR-1\test\images\captura_2023-10-02_15-20-45_png.rf.09fd362cfce2ebc024b1628d869ac752.jpg,test,1270.0,636.0,1,19
captura_2023-10-02_15-23-40_png.rf.c2dba0d1e32b8039576c3fc7054464e3.jpg,C:\Users\mviei\AppData\Local\Temp\aed_nativa\Placas-de-Transito-BR-1\test\images\captura_2023-10-02_15-23-40_png.rf.c2dba0d1e32b8039576c3fc7054464e3.jpg,test,,,1,26
captura_2023-10-02_15-24-35_png.rf.ab1fec464060145a2bb51d1f35882e7f.jpg,C:\Users\mviei\AppData\Local\Temp\aed_nativa\Placas-de-Transito-BR-1\test\images\captura_2023-10-02_15-24-35_png.rf.ab1fec464060145a2bb51d1f35882e7f.jpg,test,,,1,5
captura_2023-10-02_15-25-05_png.rf.1ebcdae9be0846014f5c5b7fec8a3228.jpg,C:\Users\mviei\AppData\Local\Temp\aed_nativa\Placas-de-Transito-BR-1\test\images\captura_2023-10-02_15-25-05_png.rf.1ebcdae9be0846014f5c5b7fec8a3228.jpg,test,,,1,48
captura_2023-10-02_15-25-27_png.rf.cf796f2e443a5b60d0b760c5abd97d97.jpg,C:\Users\mviei\AppData\Local\Temp\aed_nativa\Placas-de-Transito-BR-1\test\images\captura_2023-10-02_15-25-27_png.rf.cf796f2e443a5b60d0b760c5abd97d97.jpg,test,,,1,5
captura_2023-10-02_15-25-32_png.rf.4aba281b92085dc20fbd43b878222ee2.jpg,C:\Users\mviei\AppData\Local\Temp\aed_nativa\Placas-de-Transito-BR-1\test\images\captura_2023-10-02_15-25-32_png.rf.4aba281b92085dc20fbd43b878222ee2.jpg,test,,,2,"23,45"
captura_2023-10-02_15-26-53_png.rf.c98ebbf1b1b1e4b7d7989dee0af0df8c.jpg,C:\Users\mviei\AppData\Local\Temp\aed_nativa\Placas-de-Transito-BR-1\test\images\captura_2023-10-02_15-26-53_png.rf.c98ebbf1b1b1e4b7d7989dee0af0df8c.jpg,test,,,1,48
captura_2023-10-02_15-27-21_png.rf.d564972ed00c2f70405bb9b73dfe3ae7.jpg,C:\Users\mviei\AppData\Local\Temp\aed_nativa\Placas-de-Transito-BR-1\test\images\captura_2023-10-02_15-27-21_png.rf.d564972ed00c2f70405bb9b73dfe3ae7.jpg,test,1270.0,636.0,0,
captura_2023-10-02_15-28-16_png.rf.f1f57e08f38a292b89212ce5462010aa.jpg,C:\Users\mviei\AppData\Local\Temp\aed_nativa\Placas-de-Transito-BR-1\test\images\captura_2023-10-02_15-28-16_png.rf.f1f57e08f38a292b89212ce5462010aa.jpg,test,,,1,64
captura_2023-10-02_15-28-54_png.rf.22cb7e11a997c973f2742bc2355321f1.jpg,C:\Users\mviei\AppData\Local\Temp\aed_nativa\Placas-de-Transito-BR-1\test\images\captura_2023-10-02_15-28-54_png.rf.22cb7e11a997c973f2742bc2355321f1.jpg,test,,,1,41
captura_2023-10-02_15-34-45_png.rf.1e5cafa4eeb2155780923c69f5c52372.jpg,C:\Users\mviei\AppData\Local\Temp\aed_nativa\Placas-de-Transito-BR-1\test\images\captura_2023-10-02_15-34-45_png.rf.1e5cafa4eeb2155780923c69f5c52372.jpg,test,,,1,42
captura_2023-10-02_15-34-59_png.rf.42d2467ab2973925e63fccf5f5a7e8c9.jpg,C:\Users\mviei\AppData\Local\Temp\aed_nativa\Placas-de-Transito-BR-1\test\images\captura_2023-10-02_15-34-59_png.rf.42d2467ab2973925e63fccf5f5a7e8c9.jpg,test,,,1,35
captura_2023-10-02_15-36-18_png.rf.3d992d1f54b54d9296c2f7a98e2d83e0.jpg,C:\Users\mviei\AppData\Local\Temp\aed_nativa\Placas-de-Transito-BR-1\test\images\captura_2023-10-02_15-36-18_png.rf.3d992d1f54b54d9296c2f7a98e2d83e0.jpg,test,,,1,48
captura_2023-10-02_15-37-00_png.rf.d0c0e9ea9bc47046c305456f7ae57c6e.jpg,C:\Users\mviei\AppData\Local\Temp\aed_nativa\Placas-de-Transito-BR-1\test\images\captura_2023-10-02_15-37-00_png.rf.d0c0e9ea9bc47046c305456f7ae57c6e.jpg,test,,,0,
captura_2023-10-02_15-39-51_png.rf.db556d3c24f884383d12750a38d6039a.jpg,C:\Users\mviei\AppData\Local\Temp\aed_nativa\Placas-de-Transito-BR-1\test\images\captura_2023-10-02_15-39-51_png.rf.db556d3c24f884383d12750a38d6039a.jpg,test,1270.0,636.0,1,48
captura_2023-10-02_15-40-04_png.rf.bf072bd066a73727512d6f48a4596527.jpg,C:\Users\mviei\AppData\Local\Temp\aed_nativa\Placas-de-Transito-BR-1\test\images\captura_2023-10-02_15-40-04_png.rf.bf072bd066a73727512d6f48a4596527.jpg,test,,,1,49
captura_2023-10-02_15-42-29_png.rf.fd65736c10b6af0abc927e91f5e2f95e.jpg,C:\Users\mviei\AppData\Local\Temp\aed_nativa\Placas-de-Transito-BR-1\test\images\captura_2023-10-02_15-42-29_png.rf.fd65736c10b6af0abc927e91f5e2f95e.jpg,test,,,2,48
captura_2023-10-02_15-42-32_png.rf.a980671f320e3d792e4075d6841f3dc9.jpg,C:\Users\mviei\AppData\Local\Temp\aed_nativa\Placas-de-Transito-BR-1\test\images\captura_2023-10-02_15-42-32_png.rf.a980671f320e3d792e4075d6841f3dc9.jpg,test,,,1,40
captura_2023-10-02_15-42-46_png.rf.b23b409f899695fea27fa0bdbb2cf2bb.jpg,C:\Users\mviei\AppData\Local\Temp\aed_nativa\Placas-de-Transito-BR-1\test\images\captura_2023-10-02_15-42-46_png.rf.b23b409f899695fea27fa0bdbb2cf2bb.jpg,test,,,1,39
captura_2023-10-02_15-43-34_png.rf.c5f30f28c4b09e5cd7f2a1d257fe93a8.jpg,C:\Users\mviei\AppData\Local\Temp\aed_nativa\Placas-de-Transito-BR-1\test\images\captura_2023-10-02_15-43-34_png.rf.c5f30f28c4b09e5cd7f2a1d257fe93a8.jpg,test,,,0,
captura_2023-10-02_15-43-39_png.rf.74e6338227757e0209d460fe0aca2111.jpg,C:\Users\mviei\AppData\Local\Temp\aed_nativa\Placas-de-Transito-BR-1\test\images\captura_2023-10-02_15-43-39_png.rf.74e6338227757e0209d460fe0aca2111.jpg,test,,,1,49
captura_2023-10-02_15-44-14_png.rf.3e30079a54c3364aeb079787218cd3d2.jpg,C:\Users\mviei\AppData\Local\Temp\aed_nativa\Placas-de-Transito-BR-1\test\images\captura_2023-10-02_15-44-14_png.rf.3e30079a54c3364aeb079787218cd3d2.jpg,test,1270.0,636.0,1,49
captura_2023-10-02_15-45-02_png.rf.b8b80e0dafb5c2ea1b15ed427445a8fd.jpg,C:\Users\mviei\AppData\Local\Temp\aed_nativa\Placas-de-Transito-BR-1\test\images\captura_2023-10-02_15-45-02_png.rf.b8b80e0dafb5c2ea1b15ed427445a8fd.jpg,test,,,2,48
captura_2023-10-02_15-45-09_png.rf.969be18b218bc8c72a0cd5d62f91156b.jpg,C:\Users\mviei\AppData\Local\Temp\aed_nativa\Placas-de-Transito-BR-1\test\images\captura_2023-10-02_15-45-09_png.rf.969be18b218bc8c72a0cd5d62f91156b.jpg,test,,,1,41
captura_2023-10-02_15-45-12_png.rf.12afd9924a9f1b302c4b0203344b899a.jpg,C:\Users\mviei\AppData\Local\Temp\aed_nativa\Placas-de-Transito-BR-1\test\images\captura_2023-10-02_15-45-12_png.rf.12afd9924a9f1b302c4b0203344b899a.jpg,test,,,2,"43,61"
captura_2023-10-02_15-47-36_png.rf.9a50f0c967ce2206d9680cf734005b47.jpg,C:\Users\mviei\AppData\Local\Temp\aed_nativa\Placas-de-Transito-BR-1\test\images\captura_2023-10-02_15-47-36_png.rf.9a50f0c967ce2206d9680cf734005b47.jpg,test,,,1,65
captura_2023-10-02_15-48-56_png.rf.ccab13a558c344ebad23407465280ea0.jpg,C:\Users\mviei\AppData\Local\Temp\aed_nativa\Placas-de-Transito-BR-1\test\images\captura_2023-10-02_15-48-56_png.rf.ccab13a558c344ebad23407465280ea0.jpg,test,,,3,48
captura_2023-10-02_15-49-50_png.rf.c8ad71c1b3afca1b23db636d8a4ac039.jpg,C:\Users\mviei\AppData\Local\Temp\aed_nativa\Placas-de-Transito-BR-1\test\images\captura_2023-10-02_15-49-50_png.rf.c8ad71c1b3afca1b23db636d8a4ac039.jpg,test,,,1,5
captura_2023-10-02_15-50-04_png.rf.1472eed200948d290ea06395ea9a764a.jpg,C:\Users\mviei\AppData\Local\Temp\aed_nativa\Placas-de-Transito-BR-1\test\images\captura_2023-10-02_15-50-04_png.rf.1472eed200948d290ea06395ea9a764a.jpg,test,1270.0,636.0,2,39
captura_2023-10-02_15-51-12_png.rf.abe80d9d47a19fd446f4ab8d3ee82934.jpg,C:\Users\mviei\AppData\Local\Temp\aed_nativa\Placas-de-Transito-BR-1\test\images\captura_2023-10-02_15-51-12_png.rf.abe80d9d47a19fd446f4ab8d3ee82934.jpg,test,,,0,
captura_2023-10-02_15-51-19_png.rf.1b18cb7b7505b8844815b01b104e79ed.jpg,C:\Users\mviei\AppData\Local\Temp\aed_nativa\Placas-de-Transito-BR-1\test\images\captura_2023-10-02_15-51-19_png.rf.1b18cb7b7505b8844815b01b104e79ed.jpg,test,,,1,42
captura_2023-10-02_15-56-09_png.rf.9c87ddae02ea8389975c4cf46471f41f.jpg,C:\Users\mviei\AppData\Local\Temp\aed_nativa\Placas-de-Transito-BR-1\test\images\captura_2023-10-02_15-56-09_png.rf.9c87ddae02ea8389975c4cf46471f41f.jpg,test,,,1,39
captura_2023-10-02_15-57-34_png.rf.45058bfece1163963ba42af577831c3b.jpg,C:\Users\mviei\AppData\Local\Temp\aed_nativa\Placas-de-Transito-BR-1\test\images\captura_2023-10-02_15-57-34_png.rf.45058bfece1163963ba42af577831c3b.jpg,test,,,1,39
captura_2023-10-02_15-57-45_png.rf.c60582b4953fe6f0ed1eedbfc6c0a1dc.jpg,C:\Users\mviei\AppData\Local\Temp\aed_nativa\Placas-de-Transito-BR-1\test\images\captura_2023-10-02_15-57-45_png.rf.c60582b4953fe6f0ed1eedbfc6c0a1dc.jpg,test,,,0,
captura_2023-10-02_15-58-25_png.rf.15f133d996d297ab0ed529966cc752ed.jpg,C:\Users\mviei\AppData\Local\Temp\aed_nativa\Placas-de-Transito-BR-1\test\images\captura_2023-10-02_15-58-25_png.rf.15f133d996d297ab0ed529966cc752ed.jpg,test,,,0,
captura_2023-10-02_15-59-57_png.rf.2b92cdd1c9e9351a3ab9f935197713be.jpg,C:\Users\mviei\AppData\Local\Temp\aed_nativa\Placas-de-Transito-BR-1\test\images\captura_2023-10-02_15-59-57_png.rf.2b92cdd1c9e9351a3ab9f935197713be.jpg,test,1270.0,636.0,0,
captura_2023-10-02_16-00-02_png.rf.1f94bea9c43329223d8e6c9b9d910257.jpg,C:\Users\mviei\AppData\Local\Temp\aed_nativa\Placas-de-Transito-BR-1\test\images\captura_2023-10-02_16-00-02_png.rf.1f94bea9c43329223d8e6c9b9d910257.jpg,test,,,0,
captura_2023-10-02_16-00-39_png.rf.6e615dcd83560069987abb9619f974cc.jpg,C:\Users\mviei\AppData\Local\Temp\aed_nativa\Placas-de-Transito-BR-1\test\images\captura_2023-10-02_16-00-39_png.rf.6e615dcd83560069987abb9619f974cc.jpg,test,,,1,39
captura_2023-10-02_16-00-58_png.rf.0b933e65b9b08371b9548e0634b65947.jpg,C:\Users\mviei\AppData\Local\Temp\aed_nativa\Placas-de-Transito-BR-1\test\images\captura_2023-10-02_16-00-58_png.rf.0b933e65b9b08371b9548e0634b65947.jpg,test,,,1,39
captura_2023-10-02_16-02-42_png.rf.8f991101749aabb80cb9780eba325223.jpg,C:\Users\mviei\AppData\Local\Temp\aed_nativa\Placas-de-Transito-BR-1\test\images\captura_2023-10-02_16-02-42_png.rf.8f991101749aabb80cb9780eba325223.jpg,test,,,1,39
captura_2023-10-02_16-03-05_png.rf.caea3b65a82e2fc64c9b2ea5ea27dafb.jpg,C:\Users\mviei\AppData\Local\Temp\aed_nativa\Placas-de-Transito-BR-1\test\images\captura_2023-10-02_16-03-05_png.rf.caea3b65a82e2fc64c9b2ea5ea27dafb.jpg,test,,,1,39
captura_2023-10-02_16-04-40_png.rf.a6d0f4e6a3ef77eefa688303fb824f37.jpg,C:\Users\mviei\AppData\Local\Temp\aed_nativa\Placas-de-Transito-BR-1\test\images\captura_2023-10-02_16-04-40_png.rf.a6d0f4e6a3ef77eefa688303fb824f37.jpg,test,,,1,39
captura_2023-10-02_16-05-20_png.rf.2579226d5a1893db76f2dea933258349.jpg,C:\Users\mviei\AppData\Local\Temp\aed_nativa\Placas-de-Transito-BR-1\test\images\captura_2023-10-02_16-05-20_png.rf.2579226d5a1893db76f2dea933258349.jpg,test,1270.0,636.0,1,39
captura_2023-10-02_16-05-25_png.rf.37cd2349720cc424593cb05013f5a3c9.jpg,C:\Users\mviei\AppData\Local\Temp\aed_nativa\Placas-de-Transito-BR-1\test\images\captura_2023-10-02_16-05-25_png.rf.37cd2349720cc424593cb05013f5a3c9.jpg,test,,,1,39
captura_2023-10-05_15-17-50_png.rf.13e7362ca0e05de35c9de07bcfdf386d.jpg,C:\Users\mviei\AppData\Local\Temp\aed_nativa\Placas-de-Transito-BR-1\test\images\captura_2023-10-05_15-17-50_png.rf.13e7362ca0e05de35c9de07bcfdf386d.jpg,test,,,1,20
captura_2023-10-05_15-19-54_png.rf.83516754cffa879dfda4a8d020a629d5.jpg,C:\Users\mviei\AppData\Local\Temp\aed_nativa\Placas-de-Transito-BR-1\test\images\captura_2023-10-05_15-19-54_png.rf.83516754cffa879dfda4a8d020a629d5.jpg,test,,,1,19
captura_2023-10-05_15-20-00_png.rf.7ab45feea3922840e57fc873587f415b.jpg,C:\Users\mviei\AppData\Local\Temp\aed_nativa\Placas-de-Transito-BR-1\test\images\captura_2023-10-05_15-20-00_png.rf.7ab45feea3922840e57fc873587f415b.jpg,test,,,1,65
captura_2023-10-05_15-21-57_png.rf.cdaf94fffa46207d6726f3fdf9329023.jpg,C:\Users\mviei\AppData\Local\Temp\aed_nativa\Placas-de-Transito-BR-1\test\images\captura_2023-10-05_15-21-57_png.rf.cdaf94fffa46207d6726f3fdf9329023.jpg,test,,,1,42
captura_2023-10-05_15-22-09_png.rf.92ce7847bb36cff91e9b15cdb697c465.jpg,C:\Users\mviei\AppData\Local\Temp\aed_nativa\Placas-de-Transito-BR-1\test\images\captura_2023-10-05_15-22-09_png.rf.92ce7847bb36cff91e9b15cdb697c465.jpg,test,,,0,
captura_2023-10-05_15-24-44_png.rf.75beede9f40c0c039027b1e1d39e138e.jpg,C:\Users\mviei\AppData\Local\Temp\aed_nativa\Placas-de-Transito-BR-1\test\images\captura_2023-10-05_15-24-44_png.rf.75beede9f40c0c039027b1e1d39e138e.jpg,test,1270.0,636.0,1,41
captura_2023-10-05_15-26-40_png.rf.8967e69a0d24db208cf448dda0729654.jpg,C:\Users\mviei\AppData\Local\Temp\aed_nativa\Placas-de-Transito-BR-1\test\images\captura_2023-10-05_15-26-40_png.rf.8967e69a0d24db208cf448dda0729654.jpg,test,,,1,63
captura_2023-10-05_15-27-48_png.rf.4a9e45f405e59dcda0f1baf9674ee7d6.jpg,C:\Users\mviei\AppData\Local\Temp\aed_nativa\Placas-de-Transito-BR-1\test\images\captura_2023-10-05_15-27-48_png.rf.4a9e45f405e59dcda0f1baf9674ee7d6.jpg,test,,,1,19
captura_2023-10-05_15-29-01_png.rf.57e8243368ea61f2bd9c8d818866fa31.jpg,C:\Users\mviei\AppData\Local\Temp\aed_nativa\Placas-de-Transito-BR-1\test\images\captura_2023-10-05_15-29-01_png.rf.57e8243368ea61f2bd9c8d818866fa31.jpg,test,,,1,19
captura_2023-10-05_15-31-58_png.rf.ec92bb22f7be339aa4dbe286ba3e4d97.jpg,C:\Users\mviei\AppData\Local\Temp\aed_nativa\Placas-de-Transito-BR-1\test\images\captura_2023-10-05_15-31-58_png.rf.ec92bb22f7be339aa4dbe286ba3e4d97.jpg,test,,,1,48
captura_2023-10-05_15-32-43_png.rf.0f975506595610b5ecd5cfc2e5b5b420.jpg,C:\Users\mviei\AppData\Local\Temp\aed_nativa\Placas-de-Transito-BR-1\test\images\captura_2023-10-05_15-32-43_png.rf.0f975506595610b5ecd5cfc2e5b5b420.jpg,test,,,0,
captura_2023-10-05_15-33-01_png.rf.add9e8b6b6e7b9cc7132256ccee85329.jpg,C:\Users\mviei\AppData\Local\Temp\aed_nativa\Placas-de-Transito-BR-1\test\images\captura_2023-10-05_15-33-01_png.rf.add9e8b6b6e7b9cc7132256ccee85329.jpg,test,,,0,
captura_2023-10-05_15-33-27_png.rf.0afb02174a82c390433ab53ba0b0e0f0.jpg,C:\Users\mviei\AppData\Local\Temp\aed_nativa\Placas-de-Transito-BR-1\test\images\captura_2023-10-05_15-33-27_png.rf.0afb02174a82c390433ab53ba0b0e0f0.jpg,test,1270.0,636.0,0,
captura_2023-10-05_15-33-40_png.rf.e8a3359843b2974dac45abe1e8d29cab.jpg,C:\Users\mviei\AppData\Local\Temp\aed_nativa\Placas-de-Transito-BR-1\test\images\captura_2023-10-05_15-33-40_png.rf.e8a3359843b2974dac45abe1e8d29cab.jpg,test,,,0,
captura_2023-10-05_15-34-59_png.rf.2cccad82b750499908b4fdfc796eac29.jpg,C:\Users\mviei\AppData\Local\Temp\aed_nativa\Placas-de-Transito-BR-1\test\images\captura_2023-10-05_15-34-59_png.rf.2cccad82b750499908b4fdfc796eac29.jpg,test,,,1,9
captura_2023-10-05_15-36-18_png.rf.b1ccf461d974697b2fc4fa4e2fb861c6.jpg,C:\Users\mviei\AppData\Local\Temp\aed_nativa\Placas-de-Transito-BR-1\test\images\captura_2023-10-05_15-36-18_png.rf.b1ccf461d974697b2fc4fa4e2fb861c6.jpg,test,,,0,
captura_2023-10-05_15-36-26_png.rf.5ca6099608785b7dd80db5ed228c8f89.jpg,C:\Users\mviei\AppData\Local\Temp\aed_nativa\Placas-de-Transito-BR-1\test\images\captura_2023-10-05_15-36-26_png.rf.5ca6099608785b7dd80db5ed228c8f89.jpg,test,,,0,
captura_2023-10-05_15-36-48_png.rf.1ac9bd9c0b36143557336fd02b2c4b94.jpg,C:\Users\mviei\AppData\Local\Temp\aed_nativa\Placas-de-Transito-BR-1\test\images\captura_2023-10-05_15-36-48_png.rf.1ac9bd9c0b36143557336fd02b2c4b94.jpg,test,,,0,
captura_2023-10-05_15-37-29_png.rf.2231af37409a223467bbe482984c29e1.jpg,C:\Users\mviei\AppData\Local\Temp\aed_nativa\Placas-de-Transito-BR-1\test\images\captura_2023-10-05_15-37-29_png.rf.2231af37409a223467bbe482984c29e1.jpg,test,,,0,
captura_2023-10-05_15-37-32_png.rf.b079789421c020206cbf37587b1e4c90.jpg,C:\Users\mviei\AppData\Local\Temp\aed_nativa\Placas-de-Transito-BR-1\test\images\captura_2023-10-05_15-37-32_png.rf.b079789421c020206cbf37587b1e4c90.jpg,test,1270.0,636.0,0,
captura_2023-10-05_15-38-07_png.rf.99fa66c76930cad457e0474c3a8a34f2.jpg,C:\Users\mviei\AppData\Local\Temp\aed_nativa\Placas-de-Transito-BR-1\test\images\captura_2023-10-05_15-38-07_png.rf.99fa66c76930cad457e0474c3a8a34f2.jpg,test,,,0,
captura_2023-10-05_15-38-10_png.rf.9bb319b4203d46e7b665ba47b9e3c365.jpg,C:\Users\mviei\AppData\Local\Temp\aed_nativa\Placas-de-Transito-BR-1\test\images\captura_2023-10-05_15-38-10_png.rf.9bb319b4203d46e7b665ba47b9e3c365.jpg,test,,,0,
captura_2023-10-05_15-38-28_png.rf.bef6ec59872053afd0eaca9c4f70a0a2.jpg,C:\Users\mviei\AppData\Local\Temp\aed_nativa\Placas-de-Transito-BR-1\test\images\captura_2023-10-05_15-38-28_png.rf.bef6ec59872053afd0eaca9c4f70a0a2.jpg,test,,,0,
captura_2023-10-05_15-39-52_png.rf.05d1f55813b39340192466ec9bdda2b6.jpg,C:\Users\mviei\AppData\Local\Temp\aed_nativa\Placas-de-Transito-BR-1\test\images\captura_2023-10-05_15-39-52_png.rf.05d1f55813b39340192466ec9bdda2b6.jpg,test,,,1,41
captura_2023-10-05_15-41-35_png.rf.0cdc070ce59182af938aa595190a01e3.jpg,C:\Users\mviei\AppData\Local\Temp\aed_nativa\Placas-de-Transito-BR-1\test\images\captura_2023-10-05_15-41-35_png.rf.0cdc070ce59182af938aa595190a01e3.jpg,test,,,0,
captura_2023-10-05_15-45-56_png.rf.10aacc7b2509a8ef6f9685ae6db3c1b7.jpg,C:\Users\mviei\AppData\Local\Temp\aed_nativa\Placas-de-Transito-BR-1\test\images\captura_2023-10-05_15-45-56_png.rf.10aacc7b2509a8ef6f9685ae6db3c1b7.jpg,test,,,1,42
captura_2023-10-05_16-00-10_png.rf.bab9bbb9cbc598fc9939d8e752c102f4.jpg,C:\Users\mviei\AppData\Local\Temp\aed_nativa\Placas-de-Transito-BR-1\test\images\captura_2023-10-05_16-00-10_png.rf.bab9bbb9cbc598fc9939d8e752c102f4.jpg,test,1270.0,636.0,1,43
captura_2023-10-05_16-00-28_png.rf.8f33dccb513f7b7b776796744c4a28a4.jpg,C:\Users\mviei\AppData\Local\Temp\aed_nativa\Placas-de-Transito-BR-1\test\images\captura_2023-10-05_16-00-28_png.rf.8f33dccb513f7b7b776796744c4a28a4.jpg,test,,,1,20
captura_2023-10-05_16-08-00_png.rf.d5e9fe519547208547b29b540d028c95.jpg,C:\Users\mviei\AppData\Local\Temp\aed_nativa\Placas-de-Transito-BR-1\test\images\captura_2023-10-05_16-08-00_png.rf.d5e9fe519547208547b29b540d028c95.jpg,test,,,0,
captura_2023-10-05_16-08-54_png.rf.f3fcd238fd68e15a3a346b4413ad3e09.jpg,C:\Users\mviei\AppData\Local\Temp\aed_nativa\Placas-de-Transito-BR-1\test\images\captura_2023-10-05_16-08-54_png.rf.f3fcd238fd68e15a3a346b4413ad3e09.jpg,test,,,0,
captura_2023-10-05_16-11-03_png.rf.0dd0d4b7e5e1759ceda736cbee864e85.jpg,C:\Users\mviei\AppData\Local\Temp\aed_nativa\Placas-de-Transito-BR-1\test\images\captura_2023-10-05_16-11-03_png.rf.0dd0d4b7e5e1759ceda736cbee864e85.jpg,test,,,1,20
captura_2023-10-05_16-11-35_png.rf.960c83f455a6656125aa76e5bdab23af.jpg,C:\Users\mviei\AppData\Local\Temp\aed_nativa\Placas-de-Transito-BR-1\test\images\captura_2023-10-05_16-11-35_png.rf.960c83f455a6656125aa76e5bdab23af.jpg,test,,,0,
captura_2023-10-05_17-38-23_png.rf.fd1b9b2b490d2b14a65a192dda817e94.jpg,C:\Users\mviei\AppData\Local\Temp\aed_nativa\Placas-de-Transito-BR-1\test\images\captura_2023-10-05_17-38-23_png.rf.fd1b9b2b490d2b14a65a192dda817e94.jpg,test,,,1,42
captura_2023-10-05_17-38-38_png.rf.07b8a8488acb484b3eccf82f8540132a.jpg,C:\Users\mviei\AppData\Local\Temp\aed_nativa\Placas-de-Transito-BR-1\test\images\captura_2023-10-05_17-38-38_png.rf.07b8a8488acb484b3eccf82f8540132a.jpg,test,1257.0,631.0,0,
captura_2023-10-05_17-39-30_png.rf.9247bcec56bb63f18852db932f08fc20.jpg,C:\Users\mviei\AppData\Local\Temp\aed_nativa\Placas-de-Transito-BR-1\test\images\captura_2023-10-05_17-39-30_png.rf.9247bcec56bb63f18852db932f08fc20.jpg,test,,,1,43
captura_2023-10-05_17-40-30_png.rf.cdfd957cc28a26f81e06a32dee32f0c7.jpg,C:\Users\mviei\AppData\Local\Temp\aed_nativa\Placas-de-Transito-BR-1\test\images\captura_2023-10-05_17-40-30_png.rf.cdfd957cc28a26f81e06a32dee32f0c7.jpg,test,,,1,41
captura_2023-10-05_17-42-08_png.rf.8fa68467fb6ad0371a2a3cdbde0fd7eb.jpg,C:\Users\mviei\AppData\Local\Temp\aed_nativa\Placas-de-Transito-BR-1\test\images\captura_2023-10-05_17-42-08_png.rf.8fa68467fb6ad0371a2a3cdbde0fd7eb.jpg,test,,,0,
captura_2023-10-05_17-43-39_png.rf.c6c06f5f3197d5993c9ced3a5d174e8e.jpg,C:\Users\mviei\AppData\Local\Temp\aed_nativa\Placas-de-Transito-BR-1\test\images\captura_2023-10-05_17-43-39_png.rf.c6c06f5f3197d5993c9ced3a5d174e8e.jpg,test,,,0,
captura_2023-10-05_17-48-39_png.rf.8a1c7a2aa792b6fa047a391017252c7b.jpg,C:\Users\mviei\AppData\Local\Temp\aed_nativa\Placas-de-Transito-BR-1\test\images\captura_2023-10-05_17-48-39_png.rf.8a1c7a2aa792b6fa047a391017252c7b.jpg,test,,,1,63
captura_2023-10-05_17-51-38_png.rf.da608039ed503b63388804dd1e77e38a.jpg,C:\Users\mviei\AppData\Local\Temp\aed_nativa\Placas-de-Transito-BR-1\test\images\captura_2023-10-05_17-51-38_png.rf.da608039ed503b63388804dd1e77e38a.jpg,test,,,0,
captura_2023-10-05_17-51-40_png.rf.3e774eee447f69384c6685033ff26d02.jpg,C:\Users\mviei\AppData\Local\Temp\aed_nativa\Placas-de-Transito-BR-1\test\images\captura_2023-10-05_17-51-40_png.rf.3e774eee447f69384c6685033ff26d02.jpg,test,1257.0,631.0,1,15
captura_2023-10-05_17-54-46_png.rf.15ea3cf675ad97619b7b9b8bdf23add3.jpg,C:\Users\mviei\AppData\Local\Temp\aed_nativa\Placas-de-Transito-BR-1\test\images\captura_2023-10-05_17-54-46_png.rf.15ea3cf675ad97619b7b9b8bdf23add3.jpg,test,,,0,
captura_2023-10-05_17-55-09_png.rf.b161f5a7a9456c38c13ccbbb4644c9e7.jpg,C:\Users\mviei\AppData\Local\Temp\aed_nativa\Placas-de-Transito-BR-1\test\images\captura_2023-10-05_17-55-09_png.rf.b161f5a7a9456c38c13ccbbb4644c9e7.jpg,test,,,1,65
captura_2023-10-05_17-55-49_png.rf.f0b69cc772c50267c8e42ba3bd4eecf0.jpg,C:\Users\mviei\AppData\Local\Temp\aed_nativa\Placas-de-Transito-BR-1\test\images\captura_2023-10-05_17-55-49_png.rf.f0b69cc772c50267c8e42ba3bd4eecf0.jpg,test,,,1,65
captura_2023-10-05_17-59-33_png.rf.c961cf356c09061df4526ccdb43383ed.jpg,C:\Users\mviei\AppData\Local\Temp\aed_nativa\Placas-de-Transito-BR-1\test\images\captura_2023-10-05_17-59-33_png.rf.c961cf356c09061df4526ccdb43383ed.jpg,test,,,1,42
captura_2023-10-05_18-02-11_png.rf.75b4369b53208e94c59915bb088b621a.jpg,C:\Users\mviei\AppData\Local\Temp\aed_nativa\Placas-de-Transito-BR-1\test\images\captura_2023-10-05_18-02-11_png.rf.75b4369b53208e94c59915bb088b621a.jpg,test,,,1,45
captura_2023-10-05_18-03-47_png.rf.482d3c3339cbd60c71ea0ab5046f2cc6.jpg,C:\Users\mviei\AppData\Local\Temp\aed_nativa\Placas-de-Transito-BR-1\test\images\captura_2023-10-05_18-03-47_png.rf.482d3c3339cbd60c71ea0ab5046f2cc6.jpg,test,,,0,
captura_2023-10-05_18-04-36_png.rf.2317296c3413372a37afd6a16c8babb8.jpg,C:\Users\mviei\AppData\Local\Temp\aed_nativa\Placas-de-Transito-BR-1\test\images\captura_2023-10-05_18-04-36_png.rf.2317296c3413372a37afd6a16c8babb8.jpg,test,1257.0,631.0,1,20
captura_2023-10-05_18-07-36_png.rf.0c7c690f1ff765c4359814f1e00ddf11.jpg,C:\Users\mviei\AppData\Local\Temp\aed_nativa\Placas-de-Transito-BR-1\test\images\captura_2023-10-05_18-07-36_png.rf.0c7c690f1ff765c4359814f1e00ddf11.jpg,test,,,0,
captura_2023-10-05_18-08-55_png.rf.e23f1f64d967fa20deb19e3630562c42.jpg,C:\Users\mviei\AppData\Local\Temp\aed_nativa\Placas-de-Transito-BR-1\test\images\captura_2023-10-05_18-08-55_png.rf.e23f1f64d967fa20deb19e3630562c42.jpg,test,,,1,15
captura_2023-10-05_18-10-42_png.rf.1d9977768cfeee53deee572b29f399d2.jpg,C:\Users\mviei\AppData\Local\Temp\aed_nativa\Placas-de-Transito-BR-1\test\images\captura_2023-10-05_18-10-42_png.rf.1d9977768cfeee53deee572b29f399d2.jpg,test,,,0,
captura_2023-10-05_18-12-07_png.rf.0712dd18ca05204fe7aad0d1b26544e5.jpg,C:\Users\mviei\AppData\Local\Temp\aed_nativa\Placas-de-Transito-BR-1\test\images\captura_2023-10-05_18-12-07_png.rf.0712dd18ca05204fe7aad0d1b26544e5.jpg,test,,,0,
captura_2023-10-05_18-12-09_png.rf.5244b9dfb5ef740163b8f657a474ce74.jpg,C:\Users\mviei\AppData\Local\Temp\aed_nativa\Placas-de-Transito-BR-1\test\images\captura_2023-10-05_18-12-09_png.rf.5244b9dfb5ef740163b8f657a474ce74.jpg,test,,,1,23
captura_2023-10-05_18-12-14_png.rf.09d4ff3c06b1fb2145502c6031a8095e.jpg,C:\Users\mviei\AppData\Local\Temp\aed_nativa\Placas-de-Transito-BR-1\test\images\captura_2023-10-05_18-12-14_png.rf.09d4ff3c06b1fb2145502c6031a8095e.jpg,test,,,0,
captura_2023-10-05_18-16-06_png.rf.5d2a69d5c7b7441da803eb3364bc6683.jpg,C:\Users\mviei\AppData\Local\Temp\aed_nativa\Placas-de-Transito-BR-1\test\images\captura_2023-10-05_18-16-06_png.rf.5d2a69d5c7b7441da803eb3364bc6683.jpg,test,1257.0,631.0,1,49
captura_2023-10-05_18-19-37_png.rf.2fd95d99cffd99d480c982ed3cdaa760.jpg,C:\Users\mviei\AppData\Local\Temp\aed_nativa\Placas-de-Transito-BR-1\test\images\captura_2023-10-05_18-19-37_png.rf.2fd95d99cffd99d480c982ed3cdaa760.jpg,test,,,0,
captura_2023-10-05_18-24-04_png.rf.0dc7c819ecb88b16bd72b2c8caa8a7e4.jpg,C:\Users\mviei\AppData\Local\Temp\aed_nativa\Placas-de-Transito-BR-1\test\images\captura_2023-10-05_18-24-04_png.rf.0dc7c819ecb88b16bd72b2c8caa8a7e4.jpg,test,,,0,
captura_2023-10-09_12-53-23_png.rf.63e22c68b3c74a66b32567f7690e2224.jpg,C:\Users\mviei\AppData\Local\Temp\aed_nativa\Placas-de-Transito-BR-1\test\images\captura_2023-10-09_12-53-23_png.rf.63e22c68b3c74a66b32567f7690e2224.jpg,test,,,1,15
captura_2023-10-09_12-54-56_png.rf.4fa5f36d812a4dff6e0da525a66b4ec4.jpg,C:\Users\mviei\AppData\Local\Temp\aed_nativa\Placas-de-Transito-BR-1\test\images\captura_2023-10-09_12-54-56_png.rf.4fa5f36d812a4dff6e0da525a66b4ec4.jpg,test,,,1,23
captura_2023-10-09_13-04-51_png.rf.774d3ae650ec24539afc93e4e5af864f.jpg,C:\Users\mviei\AppData\Local\Temp\aed_nativa\Placas-de-Transito-BR-1\test\images\captura_2023-10-09_13-04-51_png.rf.774d3ae650ec24539afc93e4e5af864f.jpg,test,,,1,65
captura_2023-10-09_13-06-31_png.rf.46b9080c7cc44603fc9711c546cb94b0.jpg,C:\Users\mviei\AppData\Local\Temp\aed_nativa\Placas-de-Transito-BR-1\test\images\captura_2023-10-09_13-06-31_png.rf.46b9080c7cc44603fc9711c546cb94b0.jpg,test,,,0,
captura_2023-10-09_13-08-00_png.rf.e9f2536bb71e6da60df2524b2c1494ec.jpg,C:\Users\mviei\AppData\Local\Temp\aed_nativa\Placas-de-Transito-BR-1\test\images\captura_2023-10-09_13-08-00_png.rf.e9f2536bb71e6da60df2524b2c1494ec.jpg,test,1257.0,631.0,0,
captura_2023-10-09_13-38-36_png.rf.15a79d5b3fb5d1d161597d359a739981.jpg,C:\Users\mviei\AppData\Local\Temp\aed_nativa\Placas-de-Transito-BR-1\test\images\captura_2023-10-09_13-38-36_png.rf.15a79d5b3fb5d1d161597d359a739981.jpg,test,,,1,48
captura_2023-10-09_13-53-40_png.rf.f8aa84e99948f21e4e809482eb9a737c.jpg,C:\Users\mviei\AppData\Local\Temp\aed_nativa\Placas-de-Transito-BR-1\test\images\captura_2023-10-09_13-53-40_png.rf.f8aa84e99948f21e4e809482eb9a737c.jpg,test,,,0,
captura_2023-10-09_13-54-10_png.rf.09e30f6aecc32fdc25c0af9847020fc3.jpg,C:\Users\mviei\AppData\Local\Temp\aed_nativa\Placas-de-Transito-BR-1\test\images\captura_2023-10-09_13-54-10_png.rf.09e30f6aecc32fdc25c0af9847020fc3.jpg,test,,,1,51
captura_2023-10-09_13-54-35_png.rf.03f247028cdb2c72cd719a9787d5f0d9.jpg,C:\Users\mviei\AppData\Local\Temp\aed_nativa\Placas-de-Transito-BR-1\test\images\captura_2023-10-09_13-54-35_png.rf.03f247028cdb2c72cd719a9787d5f0d9.jpg,test,,,0,
captura_2023-10-09_13-54-51_png.rf.e4aa03bf612b82c46d0ee15537de9daa.jpg,C:\Users\mviei\AppData\Local\Temp\aed_nativa\Placas-de-Transito-BR-1\test\images\captura_2023-10-09_13-54-51_png.rf.e4aa03bf612b82c46d0ee15537de9daa.jpg,test,,,1,45
captura_2023-10-09_13-55-00_png.rf.a5ddb96274480a5f7a305c3d844616c5.jpg,C:\Users\mviei\AppData\Local\Temp\aed_nativa\Placas-de-Transito-BR-1\test\images\captura_2023-10-09_13-55-00_png.rf.a5ddb96274480a5f7a305c3d844616c5.jpg,test,,,1,45
captura_2023-10-09_13-56-18_png.rf.0fd3500136af1d67fde421fe20e4f81f.jpg,C:\Users\mviei\AppData\Local\Temp\aed_nativa\Placas-de-Transito-BR-1\test\images\captura_2023-10-09_13-56-18_png.rf.0fd3500136af1d67fde421fe20e4f81f.jpg,test,1257.0,631.0,0,
captura_2023-10-09_13-56-53_png.rf.da3f4eb4e3466259486f8adf265e719e.jpg,C:\Users\mviei\AppData\Local\Temp\aed_nativa\Placas-de-Transito-BR-1\test\images\captura_2023-10-09_13-56-53_png.rf.da3f4eb4e3466259486f8adf265e719e.jpg,test,,,1,42
captura_2023-10-09_15-19-04_png.rf.c166b015e1e41c1d36b5847b59f0df9e.jpg,C:\Users\mviei\AppData\Local\Temp\aed_nativa\Placas-de-Transito-BR-1\test\images\captura_2023-10-09_15-19-04_png.rf.c166b015e1e41c1d36b5847b59f0df9e.jpg,test,,,1,42
captura_2023-10-09_15-19-13_png.rf.ef4723b6d49b05569cea3b007894fce5.jpg,C:\Users\mviei\AppData\Local\Temp\aed_nativa\Placas-de-Transito-BR-1\test\images\captura_2023-10-09_15-19-13_png.rf.ef4723b6d49b05569cea3b007894fce5.jpg,test,,,2,"46,48"
captura_2023-10-10_17-29-24_png.rf.b80e265d20f80a4d38bb7a881b00c232.jpg,C:\Users\mviei\AppData\Local\Temp\aed_nativa\Placas-de-Transito-BR-1\test\images\captura_2023-10-10_17-29-24_png.rf.b80e265d20f80a4d38bb7a881b00c232.jpg,test,,,1,48
captura_2023-10-10_17-38-49_png.rf.a142c0fbca7667aede55da8fdbe954d6.jpg,C:\Users\mviei\AppData\Local\Temp\aed_nativa\Placas-de-Transito-BR-1\test\images\captura_2023-10-10_17-38-49_png.rf.a142c0fbca7667aede55da8fdbe954d6.jpg,test,,,0,
captura_2023-10-10_17-39-05_png.rf.816929a7403907493d1e8716ed5cee80.jpg,C:\Users\mviei\AppData\Local\Temp\aed_nativa\Placas-de-Transito-BR-1\test\images\captura_2023-10-10_17-39-05_png.rf.816929a7403907493d1e8716ed5cee80.jpg,test,,,1,36
captura_2023-10-10_17-43-14_png.rf.2e44dbda7a747c88aa6def31640a35a2.jpg,C:\Users\mviei\AppData\Local\Temp\aed_nativa\Placas-de-Transito-BR-1\test\images\captura_2023-10-10_17-43-14_png.rf.2e44dbda7a747c88aa6def31640a35a2.jpg,test,1273.0,633.0,1,20
captura_2023-10-10_17-43-16_png.rf.86edb786af24d69d9318635292bd6d11.jpg,C:\Users\mviei\AppData\Local\Temp\aed_nativa\Placas-de-Transito-BR-1\test\images\captura_2023-10-10_17-43-16_png.rf.86edb786af24d69d9318635292bd6d11.jpg,test,,,1,63
captura_2023-10-10_17-44-39_png.rf.18f84ff94c82c1d829e415408e8d517e.jpg,C:\Users\mviei\AppData\Local\Temp\aed_nativa\Placas-de-Transito-BR-1\test\images\captura_2023-10-10_17-44-39_png.rf.18f84ff94c82c1d829e415408e8d517e.jpg,test,,,1,14
captura_2023-10-10_17-45-56_png.rf.1c67d4d9a836f58a17c1d5a15ecaf80f.jpg,C:\Users\mviei\AppData\Local\Temp\aed_nativa\Placas-de-Transito-BR-1\test\images\captura_2023-10-10_17-45-56_png.rf.1c67d4d9a836f58a17c1d5a15ecaf80f.jpg,test,,,1,14
captura_2023-10-10_17-49-09_png.rf.5a9ee5921cc65b6932b5d1c38c062450.jpg,C:\Users\mviei\AppData\Local\Temp\aed_nativa\Placas-de-Transito-BR-1\test\images\captura_2023-10-10_17-49-09_png.rf.5a9ee5921cc65b6932b5d1c38c062450.jpg,test,,,1,65
captura_2023-10-10_17-51-58_png.rf.f1b0d79bd0bef15c86f085e4482a7535.jpg,C:\Users\mviei\AppData\Local\Temp\aed_nativa\Placas-de-Transito-BR-1\test\images\captura_2023-10-10_17-51-58_png.rf.f1b0d79bd0bef15c86f085e4482a7535.jpg,test,,,1,45
captura_2023-10-10_17-54-25_png.rf.39fb767bc323b6d13d86825c99840577.jpg,C:\Users\mviei\AppData\Local\Temp\aed_nativa\Placas-de-Transito-BR-1\test\images\captura_2023-10-10_17-54-25_png.rf.39fb767bc323b6d13d86825c99840577.jpg,test,,,1,46
captura_2023-10-10_17-56-42_png.rf.99085ee910fe4f689ce3d3f2c80cb112.jpg,C:\Users\mviei\AppData\Local\Temp\aed_nativa\Placas-de-Transito-BR-1\test\images\captura_2023-10-10_17-56-42_png.rf.99085ee910fe4f689ce3d3f2c80cb112.jpg,test,1273.0,633.0,0,
captura_2023-10-10_18-02-30_png.rf.4df6de30aa8d63d26af9506dc6563b87.jpg,C:\Users\mviei\AppData\Local\Temp\aed_nativa\Placas-de-Transito-BR-1\test\images\captura_2023-10-10_18-02-30_png.rf.4df6de30aa8d63d26af9506dc6563b87.jpg,test,,,1,23
captura_2023-10-10_18-02-52_png.rf.79cb884cc067cd18b420908cd91f9637.jpg,C:\Users\mviei\AppData\Local\Temp\aed_nativa\Placas-de-Transito-BR-1\test\images\captura_2023-10-10_18-02-52_png.rf.79cb884cc067cd18b420908cd91f9637.jpg,test,,,0,
captura_2023-10-10_18-03-00_png.rf.ac4a515748a67a8ae0198ed0747596c6.jpg,C:\Users\mviei\AppData\Local\Temp\aed_nativa\Placas-de-Transito-BR-1\test\images\captura_2023-10-10_18-03-00_png.rf.ac4a515748a67a8ae0198ed0747596c6.jpg,test,,,0,
captura_2023-10-10_18-03-02_png.rf.14d5bb3cc8be1c7023f25b757491992a.jpg,C:\Users\mviei\AppData\Local\Temp\aed_nativa\Placas-de-Transito-BR-1\test\images\captura_2023-10-10_18-03-02_png.rf.14d5bb3cc8be1c7023f25b757491992a.jpg,test,,,0,
captura_2023-10-10_18-03-04_png.rf.db211d85809bc0fad56ee682ee51fc2e.jpg,C:\Users\mviei\AppData\Local\Temp\aed_nativa\Placas-de-Transito-BR-1\test\images\captura_2023-10-10_18-03-04_png.rf.db211d85809bc0fad56ee682ee51fc2e.jpg,test,,,0,
captura_2023-10-10_18-05-31_png.rf.da6325281c96850f64d038c3991cbc45.jpg,C:\Users\mviei\AppData\Local\Temp\aed_nativa\Placas-de-Transito-BR-1\test\images\captura_2023-10-10_18-05-31_png.rf.da6325281c96850f64d038c3991cbc45.jpg,test,,,1,46
captura_2023-10-10_18-05-51_png.rf.5110f177a581363c297591b14d5d0181.jpg,C:\Users\mviei\AppData\Local\Temp\aed_nativa\Placas-de-Transito-BR-1\test\images\captura_2023-10-10_18-05-51_png.rf.5110f177a581363c297591b14d5d0181.jpg,test,1273.0,633.0,1,46
captura_2023-10-10_18-08-58_png.rf.4be528d5053452d91af81fb73d0edf09.jpg,C:\Users\mviei\AppData\Local\Temp\aed_nativa\Placas-de-Transito-BR-1\test\images\captura_2023-10-10_18-08-58_png.rf.4be528d5053452d91af81fb73d0edf09.jpg,test,,,1,49
captura_2023-10-10_18-14-55_png.rf.8e884850a2a493af646b360c09e5c8e6.jpg,C:\Users\mviei\AppData\Local\Temp\aed_nativa\Placas-de-Transito-BR-1\test\images\captura_2023-10-10_18-14-55_png.rf.8e884850a2a493af646b360c09e5c8e6.jpg,test,,,1,19
captura_2023-10-10_18-15-41_png.rf.4a8f0471b90c9b7f821c5bd8309535c3.jpg,C:\Users\mviei\AppData\Local\Temp\aed_nativa\Placas-de-Transito-BR-1\test\images\captura_2023-10-10_18-15-41_png.rf.4a8f0471b90c9b7f821c5bd8309535c3.jpg,test,,,0,
captura_2023-10-10_18-17-48_png.rf.0a07a92fde6d63f6e1675dca15e8b059.jpg,C:\Users\mviei\AppData\Local\Temp\aed_nativa\Placas-de-Transito-BR-1\test\images\captura_2023-10-10_18-17-48_png.rf.0a07a92fde6d63f6e1675dca15e8b059.jpg,test,,,0,
captura_2023-10-10_18-21-19_png.rf.78f519a04d63a658ddd66959f1d1f3ee.jpg,C:\Users\mviei\AppData\Local\Temp\aed_nativa\Placas-de-Transito-BR-1\test\images\captura_2023-10-10_18-21-19_png.rf.78f519a04d63a658ddd66959f1d1f3ee.jpg,test,,,0,
captura_2023-10-11_16-20-40_png.rf.1ee71f6ca0d73ceef40e167300eb9e2e.jpg,C:\Users\mviei\AppData\Local\Temp\aed_nativa\Placas-de-Transito-BR-1\test\images\captura_2023-10-11_16-20-40_png.rf.1ee71f6ca0d73ceef40e167300eb9e2e.jpg,test,,,1,14
captura_2023-10-11_16-20-41_png.rf.e77d585234e90cc078a135a9fcc94daa.jpg,C:\Users\mviei\AppData\Local\Temp\aed_nativa\Placas-de-Transito-BR-1\test\images\captura_2023-10-11_16-20-41_png.rf.e77d585234e90cc078a135a9fcc94daa.jpg,test,1248.0,633.0,0,
captura_2023-10-11_16-20-48_png.rf.fd5e30830ecc7167ef9babb18fc6c535.jpg,C:\Users\mviei\AppData\Local\Temp\aed_nativa\Placas-de-Transito-BR-1\test\images\captura_2023-10-11_16-20-48_png.rf.fd5e30830ecc7167ef9babb18fc6c535.jpg,test,,,0,
captura_2023-10-11_16-21-51_png.rf.6338daca8d842c97bf34bb95dbdc4432.jpg,C:\Users\mviei\AppData\Local\Temp\aed_nativa\Placas-de-Transito-BR-1\test\images\captura_2023-10-11_16-21-51_png.rf.6338daca8d842c97bf34bb95dbdc4432.jpg,test,,,1,48
captura_2023-10-11_16-24-41_png.rf.fef5d85542f6e26f2dfd80392c232472.jpg,C:\Users\mviei\AppData\Local\Temp\aed_nativa\Placas-de-Transito-BR-1\test\images\captura_2023-10-11_16-24-41_png.rf.fef5d85542f6e26f2dfd80392c232472.jpg,test,,,0,
captura_2023-10-11_16-24-50_png.rf.0ab11fbd4b5f6a45d0be49606b1f8985.jpg,C:\Users\mviei\AppData\Local\Temp\aed_nativa\Placas-de-Transito-BR-1\test\images\captura_2023-10-11_16-24-50_png.rf.0ab11fbd4b5f6a45d0be49606b1f8985.jpg,test,,,1,41
captura_2023-10-11_16-25-34_png.rf.407b8704b8dc2211dc705abe71feda3e.jpg,C:\Users\mviei\AppData\Local\Temp\aed_nativa\Placas-de-Transito-BR-1\test\images\captura_2023-10-11_16-25-34_png.rf.407b8704b8dc2211dc705abe71feda3e.jpg,test,,,1,46
captura_2023-10-11_16-25-48_png.rf.2aeccff139ce1ac6534a15b0b2b49e67.jpg,C:\Users\mviei\AppData\Local\Temp\aed_nativa\Placas-de-Transito-BR-1\test\images\captura_2023-10-11_16-25-48_png.rf.2aeccff139ce1ac6534a15b0b2b49e67.jpg,test,,,1,41
captura_2023-10-11_16-27-53_png.rf.e1764fc4f387bc865094e353e16c748e.jpg,C:\Users\mviei\AppData\Local\Temp\aed_nativa\Placas-de-Transito-BR-1\test\images\captura_2023-10-11_16-27-53_png.rf.e1764fc4f387bc865094e353e16c748e.jpg,test,1248.0,633.0,0,
captura_2023-10-11_16-28-00_png.rf.3dcdf05de73d8582a32a468d56c87079.jpg,C:\Users\mviei\AppData\Local\Temp\aed_nativa\Placas-de-Transito-BR-1\test\images\captura_2023-10-11_16-28-00_png.rf.3dcdf05de73d8582a32a468d56c87079.jpg,test,,,1,49
captura_2023-10-11_16-29-15_png.rf.8946e1556463fa19c6dc3d1c11235721.jpg,C:\Users\mviei\AppData\Local\Temp\aed_nativa\Placas-de-Transito-BR-1\test\images\captura_2023-10-11_16-29-15_png.rf.8946e1556463fa19c6dc3d1c11235721.jpg,test,,,1,42
captura_2023-10-11_16-29-39_png.rf.5192c2ecccfb0c01a5e6c9bc65888f81.jpg,C:\Users\mviei\AppData\Local\Temp\aed_nativa\Placas-de-Transito-BR-1\test\images\captura_2023-10-11_16-29-39_png.rf.5192c2ecccfb0c01a5e6c9bc65888f81.jpg,test,,,0,
captura_2023-10-11_16-31-11_png.rf.0de732ca7a74516e13669b682ddc40a3.jpg,C:\Users\mviei\AppData\Local\Temp\aed_nativa\Placas-de-Transito-BR-1\test\images\captura_2023-10-11_16-31-11_png.rf.0de732ca7a74516e13669b682ddc40a3.jpg,test,,,1,46
captura_2023-10-11_16-37-46_png.rf.b3cbcafff3cb92e976239cbed1892297.jpg,C:\Users\mviei\AppData\Local\Temp\aed_nativa\Placas-de-Transito-BR-1\test\images\captura_2023-10-11_16-37-46_png.rf.b3cbcafff3cb92e976239cbed1892297.jpg,test,,,1,49
captura_2023-10-11_16-37-52_png.rf.12bb64fc557dd15c90076a05069c3836.jpg,C:\Users\mviei\AppData\Local\Temp\aed_nativa\Placas-de-Transito-BR-1\test\images\captura_2023-10-11_16-37-52_png.rf.12bb64fc557dd15c90076a05069c3836.jpg,test,,,0,
captura_2023-10-11_16-42-22_png.rf.6e7121294abad773bdafbd1af4953165.jpg,C:\Users\mviei\AppData\Local\Temp\aed_nativa\Placas-de-Transito-BR-1\test\images\captura_2023-10-11_16-42-22_png.rf.6e7121294abad773bdafbd1af4953165.jpg,test,1248.0,633.0,1,2
captura_2023-10-11_16-42-27_png.rf.49130be4b12dd7f1c658287267b9d111.jpg,C:\Users\mviei\AppData\Local\Temp\aed_nativa\Placas-de-Transito-BR-1\test\images\captura_2023-10-11_16-42-27_png.rf.49130be4b12dd7f1c658287267b9d111.jpg,test,,,1,64
captura_2023-10-11_16-43-17_png.rf.633e8a43dd289f22709fa0dda22d2f86.jpg,C:\Users\mviei\AppData\Local\Temp\aed_nativa\Placas-de-Transito-BR-1\test\images\captura_2023-10-11_16-43-17_png.rf.633e8a43dd289f22709fa0dda22d2f86.jpg,test,,,0,
captura_2023-09-27_14-12-13_png.rf.7e2ff09393ff4a64e00393babaa74cbe.jpg,C:\Users\mviei\AppData\Local\Temp\aed_nativa\Placas-de-Transito-BR-1\train\images\captura_2023-09-27_14-12-13_png.rf.7e2ff09393ff4a64e00393babaa74cbe.jpg,train,,,0,
captura_2023-09-27_14-12-16_png.rf.46c5388ab904836becc984b0bd1ca389.jpg,C:\Users\mviei\AppData\Local\Temp\aed_nativa\Placas-de-Transito-BR-1\train\images\captura_2023-09-27_14-12-16_png.rf.46c5388ab904836becc984b0bd1ca389.jpg,train,,,1,42
captura_2023-09-27_14-12-20_png.rf.cfa6a8bf903db3081c728d52ea606423.jpg,C:\Users\mviei\AppData\Local\Temp\aed_nativa\Placas-de-Transito-BR-1\train\images\captura_2023-09-27_14-12-20_png.rf.cfa6a8bf903db3081c728d52ea606423.jpg,train,,,1,42
captura_2023-09-27_14-12-38_png.rf.3bb7dc0301d83c51e5a79a6dd20a434d.jpg,C:\Users\mviei\AppData\Local\Temp\aed_nativa\Placas-de-Transito-BR-1\train\images\captura_2023-09-27_14-12-38_png.rf.3bb7dc0301d83c51e5a79a6dd20a434d.jpg,train,,,3,"40,42"
captura_2023-09-27_14-12-53_png.rf.5b705071bf99fefb85b46a41434ee1f4.jpg,C:\Users\mviei\AppData\Local\Temp\aed_nativa\Placas-de-Transito-BR-1\train\images\captura_2023-09-27_14-12-53_png.rf.5b705071bf99fefb85b46a41434ee1f4.jpg,train,1013.0,631.0,1,40
captura_2023-09-27_14-13-03_png.rf.edc05462555b414abe16a303f5210ff6.jpg,C:\Users\mviei\AppData\Local\Temp\aed_nativa\Placas-de-Transito-BR-1\train\images\captura_2023-09-27_14-13-03_png.rf.edc05462555b414abe16a303f5210ff6.jpg,train,,,1,49
captura_2023-09-27_14-13-11_png.rf.8fcf975007abb3284f41a9c599a3f79d.jpg,C:\Users\mviei\AppData\Local\Temp\aed_nativa\Placas-de-Transito-BR-1\train\images\captura_2023-09-27_14-13-11_png.rf.8fcf975007abb3284f41a9c599a3f79d.jpg,train,,,2,56
captura_2023-09-27_14-13-18_png.rf.3197ef38ea6b63f824e7014f700e88b3.jpg,C:\Users\mviei\AppData\Local\Temp\aed_nativa\Placas-de-Transito-BR-1\train\images\captura_2023-09-27_14-13-18_png.rf.3197ef38ea6b63f824e7014f700e88b3.jpg,train,,,1,64
captura_2023-09-27_14-14-01_png.rf.8129fdeebf984d334437b4ffda1af9cb.jpg,C:\Users\mviei\AppData\Local\Temp\aed_nativa\Placas-de-Transito-BR-1\train\images\captura_2023-09-27_14-14-01_png.rf.8129fdeebf984d334437b4ffda1af9cb.jpg,train,,,1,49
captura_2023-09-27_14-14-56_png.rf.126ddbb6cc5ad254608efefe0f109d84.jpg,C:\Users\mviei\AppData\Local\Temp\aed_nativa\Placas-de-Transito-BR-1\train\images\captura_2023-09-27_14-14-56_png.rf.126ddbb6cc5ad254608efefe0f109d84.jpg,train,,,1,48
captura_2023-09-27_14-17-50_png.rf.c5dbc6bdf76bf74ac791324280df186d.jpg,C:\Users\mviei\AppData\Local\Temp\aed_nativa\Placas-de-Transito-BR-1\train\images\captura_2023-09-27_14-17-50_png.rf.c5dbc6bdf76bf74ac791324280df186d.jpg,train,,,1,64
captura_2023-09-27_14-18-14_png.rf.002446c17ab8b5aa88a14d82b6890ecc.jpg,C:\Users\mviei\AppData\Local\Temp\aed_nativa\Placas-de-Transito-BR-1\train\images\captura_2023-09-27_14-18-14_png.rf.002446c17ab8b5aa88a14d82b6890ecc.jpg,train,1013.0,631.0,2,48
captura_2023-09-27_14-18-32_png.rf.343f3a60cceabbed82635e9fcb773705.jpg,C:\Users\mviei\AppData\Local\Temp\aed_nativa\Placas-de-Transito-BR-1\train\images\captura_2023-09-27_14-18-32_png.rf.343f3a60cceabbed82635e9fcb773705.jpg,train,,,4,39
captura_2023-09-27_14-18-39_png.rf.51be8d55b1d29b8b1d160011b23e3ab7.jpg,C:\Users\mviei\AppData\Local\Temp\aed_nativa\Placas-de-Transito-BR-1\train\images\captura_2023-09-27_14-18-39_png.rf.51be8d55b1d29b8b1d160011b23e3ab7.jpg,train,,,1,42
captura_2023-09-27_14-18-46_png.rf.fb256a9b4488414b85088499f389ec9f.jpg,C:\Users\mviei\AppData\Local\Temp\aed_nativa\Placas-de-Transito-BR-1\train\images\captura_2023-09-27_14-18-46_png.rf.fb256a9b4488414b85088499f389ec9f.jpg,train,,,1,46
captura_2023-09-27_14-19-18_png.rf.6f1f3bbd9fbceaa5d2c797a191e5bec3.jpg,C:\Users\mviei\AppData\Local\Temp\aed_nativa\Placas-de-Transito-BR-1\train\images\captura_2023-09-27_14-19-18_png.rf.6f1f3bbd9fbceaa5d2c797a191e5bec3.jpg,train,,,3,"45,49,59"
captura_2023-09-27_14-19-37_png.rf.30f60baa7ac07263998f7132994e9f44.jpg,C:\Users\mviei\AppData\Local\Temp\aed_nativa\Placas-de-Transito-BR-1\train\images\captura_2023-09-27_14-19-37_png.rf.30f60baa7ac07263998f7132994e9f44.jpg,train,,,1,64
captura_2023-09-27_14-20-36_png.rf.a879b4147f3d52807282aee41e9e25bd.jpg,C:\Users\mviei\AppData\Local\Temp\aed_nativa\Placas-de-Transito-BR-1\train\images\captura_2023-09-27_14-20-36_png.rf.a879b4147f3d52807282aee41e9e25bd.jpg,train,,,1,65
captura_2023-09-27_14-21-47_png.rf.5c31a9c58f7752ac0c8c72d90be70776.jpg,C:\Users\mviei\AppData\Local\Temp\aed_nativa\Placas-de-Transito-BR-1\train\images\captura_2023-09-27_14-21-47_png.rf.5c31a9c58f7752ac0c8c72d90be70776.jpg,train,1013.0,631.0,1,48
captura_2023-09-27_14-21-54_png.rf.19586e05a4e5c5a613c6536cd35f94bd.jpg,C:\Users\mviei\AppData\Local\Temp\aed_nativa\Placas-de-Transito-BR-1\train\images\captura_2023-09-27_14-21-54_png.rf.19586e05a4e5c5a613c6536cd35f94bd.jpg,train,,,1,59
captura_2023-09-27_14-22-12_png.rf.8ae87bc4749ce4f3e9b37ea5a949fcea.jpg,C:\Users\mviei\AppData\Local\Temp\aed_nativa\Placas-de-Transito-BR-1\train\images\captura_2023-09-27_14-22-12_png.rf.8ae87bc4749ce4f3e9b37ea5a949fcea.jpg,train,,,2,42
captura_2023-09-27_14-23-08_png.rf.1f0c654bef4aac32879eae3847deb1fb.jpg,C:\Users\mviei\AppData\Local\Temp\aed_nativa\Placas-de-Transito-BR-1\train\images\captura_2023-09-27_14-23-08_png.rf.1f0c654bef4aac32879eae3847deb1fb.jpg,train,,,2,39
captura_2023-09-27_14-23-58_png.rf.aec593b04df2490bfd09c0f52db9326c.jpg,C:\Users\mviei\AppData\Local\Temp\aed_nativa\Placas-de-Transito-BR-1\train\images\captura_2023-09-27_14-23-58_png.rf.aec593b04df2490bfd09c0f52db9326c.jpg,train,,,2,"45,59"
captura_2023-09-27_14-24-26_png.rf.5406a456290a5b3cccf03e07c5c42f02.jpg,C:\Users\mviei\AppData\Local\Temp\aed_nativa\Placas-de-Transito-BR-1\train\images\captura_2023-09-27_14-24-26_png.rf.5406a456290a5b3cccf03e07c5c42f02.jpg,train,,,1,42
captura_2023-09-27_14-24-33_png.rf.c0f5afc1e2a68918c7074ba6eb239e28.jpg,C:\Users\mviei\AppData\Local\Temp\aed_nativa\Placas-de-Transito-BR-1\train\images\captura_2023-09-27_14-24-33_png.rf.c0f5afc1e2a68918c7074ba6eb239e28.jpg,train,,,1,42
captura_2023-09-27_14-24-54_png.rf.0296bbf897640f318a3bf5de30b251c9.jpg,C:\Users\mviei\AppData\Local\Temp\aed_nativa\Placas-de-Transito-BR-1\train\images\captura_2023-09-27_14-24-54_png.rf.0296bbf897640f318a3bf5de30b251c9.jpg,train,1013.0,631.0,1,43
captura_2023-09-27_14-25-08_png.rf.8a1c92e521a1e4572017d14fb01b667b.jpg,C:\Users\mviei\AppData\Local\Temp\aed_nativa\Placas-de-Transito-BR-1\train\images\captura_2023-09-27_14-25-08_png.rf.8a1c92e521a1e4572017d14fb01b667b.jpg,train,,,1,45
captura_2023-09-27_14-25-12_png.rf.7724e3779d7560fdc869a2e725088dcd.jpg,C:\Users\mviei\AppData\Local\Temp\aed_nativa\Placas-de-Transito-BR-1\train\images\captura_2023-09-27_14-25-12_png.rf.7724e3779d7560fdc869a2e725088dcd.jpg,train,,,1,39
captura_2023-09-27_14-25-55_png.rf.ccebcf16f43df17d7cd6c0e1f04a9edd.jpg,C:\Users\mviei\AppData\Local\Temp\aed_nativa\Placas-de-Transito-BR-1\train\images\captura_2023-09-27_14-25-55_png.rf.ccebcf16f43df17d7cd6c0e1f04a9edd.jpg,train,,,1,41
captura_2023-09-27_14-26-09_png.rf.3e2e29ff57cd655c8ecf64e92b09d10f.jpg,C:\Users\mviei\AppData\Local\Temp\aed_nativa\Placas-de-Transito-BR-1\train\images\captura_2023-09-27_14-26-09_png.rf.3e2e29ff57cd655c8ecf64e92b09d10f.jpg,train,,,3,"40,48,59"
captura_2023-09-27_14-26-30_png.rf.588ed6eda8978cbf32ecf9e1159cd3fa.jpg,C:\Users\mviei\AppData\Local\Temp\aed_nativa\Placas-de-Transito-BR-1\train\images\captura_2023-09-27_14-26-30_png.rf.588ed6eda8978cbf32ecf9e1159cd3fa.jpg,train,,,1,42
captura_2023-09-27_14-27-13_png.rf.a3c5b25b74339ac02a57a5b64d1a61cf.jpg,C:\Users\mviei\AppData\Local\Temp\aed_nativa\Placas-de-Transito-BR-1\train\images\captura_2023-09-27_14-27-13_png.rf.a3c5b25b74339ac02a57a5b64d1a61cf.jpg,train,,,1,42
captura_2023-09-27_14-27-27_png.rf.9794ab527035bfdef0850255cd3667c9.jpg,C:\Users\mviei\AppData\Local\Temp\aed_nativa\Placas-de-Transito-BR-1\train\images\captura_2023-09-27_14-27-27_png.rf.9794ab527035bfdef0850255cd3667c9.jpg,train,1013.0,631.0,1,24
captura_2023-09-27_14-27-37_png.rf.43cda9025b89a7c9aca3f161c4fd29b1.jpg,C:\Users\mviei\AppData\Local\Temp\aed_nativa\Placas-de-Transito-BR-1\train\images\captura_2023-09-27_14-27-37_png.rf.43cda9025b89a7c9aca3f161c4fd29b1.jpg,train,,,2,48
captura_2023-09-27_14-27-51_png.rf.a83e51e4d9e9ad7347979bf7de04a58f.jpg,C:\Users\mviei\AppData\Local\Temp\aed_nativa\Placas-de-Transito-BR-1\train\images\captura_2023-09-27_14-27-51_png.rf.a83e51e4d9e9ad7347979bf7de04a58f.jpg,train,,,1,49
captura_2023-09-27_14-28-27_png.rf.2027aa7baba358c211c89e743cff3bc8.jpg,C:\Users\mviei\AppData\Local\Temp\aed_nativa\Placas-de-Transito-BR-1\train\images\captura_2023-09-27_14-28-27_png.rf.2027aa7baba358c211c89e743cff3bc8.jpg,train,,,1,15
captura_2023-09-27_14-28-31_png.rf.213c2bfde3fc32c115bef81c4b2084de.jpg,C:\Users\mviei\AppData\Local\Temp\aed_nativa\Placas-de-Transito-BR-1\train\images\captura_2023-09-27_14-28-31_png.rf.213c2bfde3fc32c115bef81c4b2084de.jpg,train,,,4,"39,43"
captura_2023-09-27_14-28-34_png.rf.5a624026d26e57d245bde15a929229a0.jpg,C:\Users\mviei\AppData\Local\Temp\aed_nativa\Placas-de-Transito-BR-1\train\images\captura_2023-09-27_14-28-34_png.rf.5a624026d26e57d245bde15a929229a0.jpg,train,,,3,39
captura_2023-09-27_14-28-59_png.rf.389211c942cf0e48a8db53c4e566b040.jpg,C:\Users\mviei\AppData\Local\Temp\aed_nativa\Placas-de-Transito-BR-1\train\images\captura_2023-09-27_14-28-59_png.rf.389211c942cf0e48a8db53c4e566b040.jpg,train,,,1,39
captura_2023-09-27_14-29-02_png.rf.9af95e5e5bee39b69fe85de53c25d552.jpg,C:\Users\mviei\AppData\Local\Temp\aed_nativa\Placas-de-Transito-BR-1\train\images\captura_2023-09-27_14-29-02_png.rf.9af95e5e5bee39b69fe85de53c25d552.jpg,train,1013.0,631.0,3,39
captura_2023-09-27_14-29-06_png.rf.36b5ab0bb066464dc357315aa08a47a0.jpg,C:\Users\mviei\AppData\Local\Temp\aed_nativa\Placas-de-Transito-BR-1\train\images\captura_2023-09-27_14-29-06_png.rf.36b5ab0bb066464dc357315aa08a47a0.jpg,train,,,1,48
captura_2023-09-27_14-30-48_png.rf.c8b26a6b1ad521046ba789b22d31425c.jpg,C:\Users\mviei\AppData\Local\Temp\aed_nativa\Placas-de-Transito-BR-1\train\images\captura_2023-09-27_14-30-48_png.rf.c8b26a6b1ad521046ba789b22d31425c.jpg,train,,,2,48
captura_2023-09-27_14-31-27_png.rf.f79790725d8aa44baa57d7af0037c2d9.jpg,C:\Users\mviei\AppData\Local\Temp\aed_nativa\Placas-de-Transito-BR-1\train\images\captura_2023-09-27_14-31-27_png.rf.f79790725d8aa44baa57d7af0037c2d9.jpg,train,,,1,46
captura_2023-09-27_14-32-10_png.rf.2aa414c33ddfc750193924eac27c7e74.jpg,C:\Users\mviei\AppData\Local\Temp\aed_nativa\Placas-de-Transito-BR-1\train\images\captura_2023-09-27_14-32-10_png.rf.2aa414c33ddfc750193924eac27c7e74.jpg,train,,,1,45
captura_2023-09-27_14-32-42_png.rf.d08a3694cd8a10ffde077b0b1eca1632.jpg,C:\Users\mviei\AppData\Local\Temp\aed_nativa\Placas-de-Transito-BR-1\train\images\captura_2023-09-27_14-32-42_png.rf.d08a3694cd8a10ffde077b0b1eca1632.jpg,train,,,3,39
captura_2023-09-27_14-33-00_png.rf.6cdfb436b700b1cc2827051147f4e05a.jpg,C:\Users\mviei\AppData\Local\Temp\aed_nativa\Placas-de-Transito-BR-1\train\images\captura_2023-09-27_14-33-00_png.rf.6cdfb436b700b1cc2827051147f4e05a.jpg,train,,,1,43
captura_2023-09-27_14-33-07_png.rf.c7d9711f5c5bac5cbb0534d33dc32c9e.jpg,C:\Users\mviei\AppData\Local\Temp\aed_nativa\Placas-de-Transito-BR-1\train\images\captura_2023-09-27_14-33-07_png.rf.c7d9711f5c5bac5cbb0534d33dc32c9e.jpg,train,1013.0,631.0,2,39
captura_2023-09-27_14-33-14_png.rf.fcd3b3c80e4bd06263209307d7b6bffc.jpg,C:\Users\mviei\AppData\Local\Temp\aed_nativa\Placas-de-Transito-BR-1\train\images\captura_2023-09-27_14-33-14_png.rf.fcd3b3c80e4bd06263209307d7b6bffc.jpg,train,,,1,40
captura_2023-09-27_14-33-25_png.rf.98f1c32f336847854552ac130aab7b35.jpg,C:\Users\mviei\AppData\Local\Temp\aed_nativa\Placas-de-Transito-BR-1\train\images\captura_2023-09-27_14-33-25_png.rf.98f1c32f336847854552ac130aab7b35.jpg,train,,,3,39
captura_2023-09-27_14-33-28_png.rf.550deb5a1706462bb4b3f9c7e1c87fe3.jpg,C:\Users\mviei\AppData\Local\Temp\aed_nativa\Placas-de-Transito-BR-1\train\images\captura_2023-09-27_14-33-28_png.rf.550deb5a1706462bb4b3f9c7e1c87fe3.jpg,train,,,2,"39,48"
captura_2023-09-27_14-33-32_png.rf.9dbfa03613a5dafdcd47990c524928f7.jpg,C:\Users\mviei\AppData\Local\Temp\aed_nativa\Placas-de-Transito-BR-1\train\images\captura_2023-09-27_14-33-32_png.rf.9dbfa03613a5dafdcd47990c524928f7.jpg,train,,,1,39
captura_2023-09-27_14-34-22_png.rf.66ac5960daf60597e1733e7adbc0ea5c.jpg,C:\Users\mviei\AppData\Local\Temp\aed_nativa\Placas-de-Transito-BR-1\train\images\captura_2023-09-27_14-34-22_png.rf.66ac5960daf60597e1733e7adbc0ea5c.jpg,train,,,1,48
captura_2023-09-27_14-34-43_png.rf.44da0a184b0be5a4b69537a6f2ab757b.jpg,C:\Users\mviei\AppData\Local\Temp\aed_nativa\Placas-de-Transito-BR-1\train\images\captura_2023-09-27_14-34-43_png.rf.44da0a184b0be5a4b69537a6f2ab757b.jpg,train,,,1,46
captura_2023-09-27_14-34-54_png.rf.955685871d34771e1acf56c97fbd7bb6.jpg,C:\Users\mviei\AppData\Local\Temp\aed_nativa\Placas-de-Transito-BR-1\train\images\captura_2023-09-27_14-34-54_png.rf.955685871d34771e1acf56c97fbd7bb6.jpg,train,1013.0,631.0,1,48
captura_2023-09-27_14-35-01_png.rf.6476408d20834b1a1626f94a4bed23d7.jpg,C:\Users\mviei\AppData\Local\Temp\aed_nativa\Placas-de-Transito-BR-1\train\images\captura_2023-09-27_14-35-01_png.rf.6476408d20834b1a1626f94a4bed23d7.jpg,train,,,1,60
captura_2023-09-27_14-35-12_png.rf.1e52669ae4a0825a50e0658a47057d90.jpg,C:\Users\mviei\AppData\Local\Temp\aed_nativa\Placas-de-Transito-BR-1\train\images\captura_2023-09-27_14-35-12_png.rf.1e52669ae4a0825a50e0658a47057d90.jpg,train,,,2,39
captura_2023-09-27_14-35-23_png.rf.4048ed1643741d44083b055f09820f2d.jpg,C:\Users\mviei\AppData\Local\Temp\aed_nativa\Placas-de-Transito-BR-1\train\images\captura_2023-09-27_14-35-23_png.rf.4048ed1643741d44083b055f09820f2d.jpg,train,,,1,44
captura_2023-09-27_14-35-59_png.rf.c7a14090f13f7da6486e66ba3372299d.jpg,C:\Users\mviei\AppData\Local\Temp\aed_nativa\Placas-de-Transito-BR-1\train\images\captura_2023-09-27_14-35-59_png.rf.c7a14090f13f7da6486e66ba3372299d.jpg,train,,,2,48
captura_2023-09-27_14-36-38_png.rf.4b21ccdce777eafca1c86cc3c52c797e.jpg,C:\Users\mviei\AppData\Local\Temp\aed_nativa\Placas-de-Transito-BR-1\train\images\captura_2023-09-27_14-36-38_png.rf.4b21ccdce777eafca1c86cc3c52c797e.jpg,train,,,1,43
captura_2023-09-27_14-37-32_png.rf.a2a3248bce4be69118a50f7548dccee6.jpg,C:\Users\mviei\AppData\Local\Temp\aed_nativa\Placas-de-Transito-BR-1\train\images\captura_2023-09-27_14-37-32_png.rf.a2a3248bce4be69118a50f7548dccee6.jpg,train,,,1,42
captura_2023-09-27_14-38-04_png.rf.ebcd48727541455c465c8cd618087f60.jpg,C:\Users\mviei\AppData\Local\Temp\aed_nativa\Placas-de-Transito-BR-1\train\images\captura_2023-09-27_14-38-04_png.rf.ebcd48727541455c465c8cd618087f60.jpg,train,1013.0,631.0,2,48
captura_2023-09-27_14-40-59_png.rf.edd449889dfb171878174631080e0442.jpg,C:\Users\mviei\AppData\Local\Temp\aed_nativa\Placas-de-Transito-BR-1\train\images\captura_2023-09-27_14-40-59_png.rf.edd449889dfb171878174631080e0442.jpg,train,,,1,39
captura_2023-09-27_14-41-10_png.rf.e931e84f6566324371586e34da2f452d.jpg,C:\Users\mviei\AppData\Local\Temp\aed_nativa\Placas-de-Transito-BR-1\train\images\captura_2023-09-27_14-41-10_png.rf.e931e84f6566324371586e34da2f452d.jpg,train,,,1,39
captura_2023-09-27_14-41-24_png.rf.5a37fd910339f024c3ca2e7fac952745.jpg,C:\Users\mviei\AppData\Local\Temp\aed_nativa\Placas-de-Transito-BR-1\train\images\captura_2023-09-27_14-41-24_png.rf.5a37fd910339f024c3ca2e7fac952745.jpg,train,,,2,"53,64"
captura_2023-09-27_14-41-53_png.rf.ed854bd092bdeeb893648ee7202c173e.jpg,C:\Users\mviei\AppData\Local\Temp\aed_nativa\Placas-de-Transito-BR-1\train\images\captura_2023-09-27_14-41-53_png.rf.ed854bd092bdeeb893648ee7202c173e.jpg,train,,,1,39
captura_2023-09-27_14-41-56_png.rf.907ae4308e2f5ac52a32e91620935269.jpg,C:\Users\mviei\AppData\Local\Temp\aed_nativa\Placas-de-Transito-BR-1\train\images\captura_2023-09-27_14-41-56_png.rf.907ae4308e2f5ac52a32e91620935269.jpg,train,,,1,39
captura_2023-09-27_14-42-00_png.rf.c05ba9acb931f687b4ea838337545531.jpg,C:\Users\mviei\AppData\Local\Temp\aed_nativa\Placas-de-Transito-BR-1\train\images\captura_2023-09-27_14-42-00_png.rf.c05ba9acb931f687b4ea838337545531.jpg,train,,,1,39
captura_2023-09-27_14-42-36_png.rf.24ab3f4b65cb51446fcbad757bb4e1f8.jpg,C:\Users\mviei\AppData\Local\Temp\aed_nativa\Placas-de-Transito-BR-1\train\images\captura_2023-09-27_14-42-36_png.rf.24ab3f4b65cb51446fcbad757bb4e1f8.jpg,train,1013.0,631.0,1,39
captura_2023-09-27_14-42-50_png.rf.cd8919ca667304dfe1c03d2b9a6ddae9.jpg,C:\Users\mviei\AppData\Local\Temp\aed_nativa\Placas-de-Transito-BR-1\train\images\captura_2023-09-27_14-42-50_png.rf.cd8919ca667304dfe1c03d2b9a6ddae9.jpg,train,,,1,48
captura_2023-09-27_14-43-12_png.rf.f8cd4ce31bd3da3a08d10b2ff16a2365.jpg,C:\Users\mviei\AppData\Local\Temp\aed_nativa\Placas-de-Transito-BR-1\train\images\captura_2023-09-27_14-43-12_png.rf.f8cd4ce31bd3da3a08d10b2ff16a2365.jpg,train,,,1,49
captura_2023-09-27_14-43-15_png.rf.2bc0fdee80be538e55e11f689f64992a.jpg,C:\Users\mviei\AppData\Local\Temp\aed_nativa\Placas-de-Transito-BR-1\train\images\captura_2023-09-27_14-43-15_png.rf.2bc0fdee80be538e55e11f689f64992a.jpg,train,,,1,39
captura_2023-09-27_14-43-19_png.rf.c0114e3d3310859f8aaece7a83f425ec.jpg,C:\Users\mviei\AppData\Local\Temp\aed_nativa\Placas-de-Transito-BR-1\train\images\captura_2023-09-27_14-43-19_png.rf.c0114e3d3310859f8aaece7a83f425ec.jpg,train,,,1,39
captura_2023-09-27_14-43-22_png.rf.602b83ddbb0bb9135ebc65ea9320eada.jpg,C:\Users\mviei\AppData\Local\Temp\aed_nativa\Placas-de-Transito-BR-1\train\images\captura_2023-09-27_14-43-22_png.rf.602b83ddbb0bb9135ebc65ea9320eada.jpg,train,,,1,39
captura_2023-09-27_14-43-33_png.rf.dbc31d1508dabddaf7a45a2dd4f1594c.jpg,C:\Users\mviei\AppData\Local\Temp\aed_nativa\Placas-de-Transito-BR-1\train\images\captura_2023-09-27_14-43-33_png.rf.dbc31d1508dabddaf7a45a2dd4f1594c.jpg,train,,,2,39
captura_2023-09-27_14-43-40_png.rf.281e7b472031c8fc43308d5ad29f7ca7.jpg,C:\Users\mviei\AppData\Local\Temp\aed_nativa\Placas-de-Transito-BR-1\train\images\captura_2023-09-27_14-43-40_png.rf.281e7b472031c8fc43308d5ad29f7ca7.jpg,train,1013.0,631.0,1,39
captura_2023-09-27_14-44-01_png.rf.6b44b6dc7643d62032cf0ecf7744ef7e.jpg,C:\Users\mviei\AppData\Local\Temp\aed_nativa\Placas-de-Transito-BR-1\train\images\captura_2023-09-27_14-44-01_png.rf.6b44b6dc7643d62032cf0ecf7744ef7e.jpg,train,,,3,39
captura_2023-09-27_14-44-05_png.rf.1a19aa7de1aa6687ea2e71a7fcd2daad.jpg,C:\Users\mviei\AppData\Local\Temp\aed_nativa\Placas-de-Transito-BR-1\train\images\captura_2023-09-27_14-44-05_png.rf.1a19aa7de1aa6687ea2e71a7fcd2daad.jpg,train,,,3,"39,64"
captura_2023-09-27_14-44-08_png.rf.132f2cf231821e33414f60b05c4fe44e.jpg,C:\Users\mviei\AppData\Local\Temp\aed_nativa\Placas-de-Transito-BR-1\train\images\captura_2023-09-27_14-44-08_png.rf.132f2cf231821e33414f60b05c4fe44e.jpg,train,,,1,39
captura_2023-09-27_14-44-48_png.rf.fd93324b712b94aae90655fa1e182746.jpg,C:\Users\mviei\AppData\Local\Temp\aed_nativa\Placas-de-Transito-BR-1\train\images\captura_2023-09-27_14-44-48_png.rf.fd93324b712b94aae90655fa1e182746.jpg,train,,,1,43
captura_2023-09-27_14-45-02_png.rf.6c45362364fe38a63424ffb8f8e648aa.jpg,C:\Users\mviei\AppData\Local\Temp\aed_nativa\Placas-de-Transito-BR-1\train\images\captura_2023-09-27_14-45-02_png.rf.6c45362364fe38a63424ffb8f8e648aa.jpg,train,,,3,39
captura_2023-09-27_14-46-03_png.rf.f46b6c523b6b24c30fdb547d314151fd.jpg,C:\Users\mviei\AppData\Local\Temp\aed_nativa\Placas-de-Transito-BR-1\train\images\captura_2023-09-27_14-46-03_png.rf.f46b6c523b6b24c30fdb547d314151fd.jpg,train,,,1,48
captura_2023-09-27_14-46-17_png.rf.e94d564f927d81ce4dd64b6581b9731b.jpg,C:\Users\mviei\AppData\Local\Temp\aed_nativa\Placas-de-Transito-BR-1\train\images\captura_2023-09-27_14-46-17_png.rf.e94d564f927d81ce4dd64b6581b9731b.jpg,train,1013.0,631.0,2,"39,48"
captura_2023-09-28_15-01-14_png.rf.df541d7230f0fde76354295d430e496c.jpg,C:\Users\mviei\AppData\Local\Temp\aed_nativa\Placas-de-Transito-BR-1\train\images\captura_2023-09-28_15-01-14_png.rf.df541d7230f0fde76354295d430e496c.jpg,train,,,1,51
captura_2023-09-28_15-01-16_png.rf.3f3a48d9a92822dd9e6c8d89331074a6.jpg,C:\Users\mviei\AppData\Local\Temp\aed_nativa\Placas-de-Transito-BR-1\train\images\captura_2023-09-28_15-01-16_png.rf.3f3a48d9a92822dd9e6c8d89331074a6.jpg,train,,,1,64
captura_2023-09-28_15-01-33_png.rf.3b64dc3a39dc7f9d31f34626750396ca.jpg,C:\Users\mviei\AppData\Local\Temp\aed_nativa\Placas-de-Transito-BR-1\train\images\captura_2023-09-28_15-01-33_png.rf.3b64dc3a39dc7f9d31f34626750396ca.jpg,train,,,2,48
captura_2023-09-28_15-01-41_png.rf.d06664bf3a3adfa65a536cc15db83c0e.jpg,C:\Users\mviei\AppData\Local\Temp\aed_nativa\Placas-de-Transito-BR-1\train\images\captura_2023-09-28_15-01-41_png.rf.d06664bf3a3adfa65a536cc15db83c0e.jpg,train,,,1,42
captura_2023-09-28_15-01-46_png.rf.77b119652b391899f5f3860d95c40227.jpg,C:\Users\mviei\AppData\Local\Temp\aed_nativa\Placas-de-Transito-BR-1\train\images\captura_2023-09-28_15-01-46_png.rf.77b119652b391899f5f3860d95c40227.jpg,train,,,1,39
captura_2023-09-28_15-01-49_png.rf.8d2f79819082edc0589dedee2b0e49e2.jpg,C:\Users\mviei\AppData\Local\Temp\aed_nativa\Placas-de-Transito-BR-1\train\images\captura_2023-09-28_15-01-49_png.rf.8d2f79819082edc0589dedee2b0e49e2.jpg,train,,,1,39
captura_2023-09-28_15-02-13_png.rf.2827368a48a1283655d640e199cfc513.jpg,C:\Users\mviei\AppData\Local\Temp\aed_nativa\Placas-de-Transito-BR-1\train\images\captura_2023-09-28_15-02-13_png.rf.2827368a48a1283655d640e199cfc513.jpg,train,1253.0,636.0,1,39
captura_2023-09-28_15-02-18_png.rf.b4e86f6ac2a408653948795f665f05b6.jpg,C:\Users\mviei\AppData\Local\Temp\aed_nativa\Placas-de-Transito-BR-1\train\images\captura_2023-09-28_15-02-18_png.rf.b4e86f6ac2a408653948795f665f05b6.jpg,train,,,1,48
captura_2023-09-28_15-02-52_png.rf.060f21482a097e8f31446895dae7a82c.jpg,C:\Users\mviei\AppData\Local\Temp\aed_nativa\Placas-de-Transito-BR-1\train\images\captura_2023-09-28_15-02-52_png.rf.060f21482a097e8f31446895dae7a82c.jpg,train,,,1,39
captura_2023-09-28_15-03-03_png.rf.44a2c82865e9b5d9e18e02a8ee143bbe.jpg,C:\Users\mviei\AppData\Local\Temp\aed_nativa\Placas-de-Transito-BR-1\train\images\captura_2023-09-28_15-03-03_png.rf.44a2c82865e9b5d9e18e02a8ee143bbe.jpg,train,,,2,"39,43"
captura_2023-09-28_15-03-08_png.rf.0133d4bd9f21da8f43fbbd03172297f5.jpg,C:\Users\mviei\AppData\Local\Temp\aed_nativa\Placas-de-Transito-BR-1\train\images\captura_2023-09-28_15-03-08_png.rf.0133d4bd9f21da8f43fbbd03172297f5.jpg,train,,,2,"39,48"
captura_2023-09-28_15-03-11_png.rf.e110d98b3bce88a4878c0ce00012f57d.jpg,C:\Users\mviei\AppData\Local\Temp\aed_nativa\Placas-de-Transito-BR-1\train\images\captura_2023-09-28_15-03-11_png.rf.e110d98b3bce88a4878c0ce00012f57d.jpg,train,,,1,49
captura_2023-09-28_15-03-13_png.rf.96f319434eb1c6f34ffeaa2692c8a456.jpg,C:\Users\mviei\AppData\Local\Temp\aed_nativa\Placas-de-Transito-BR-1\train\images\captura_2023-09-28_15-03-13_png.rf.96f319434eb1c6f34ffeaa2692c8a456.jpg,train,,,2,39
captura_2023-09-28_15-03-37_png.rf.a20fb2988e9e826d01765d371eb18fd5.jpg,C:\Users\mviei\AppData\Local\Temp\aed_nativa\Placas-de-Transito-BR-1\train\images\captura_2023-09-28_15-03-37_png.rf.a20fb2988e9e826d01765d371eb18fd5.jpg,train,1253.0,636.0,1,39
captura_2023-09-28_15-04-03_png.rf.fee59e3f09eacc7682376ed3a2304a86.jpg,C:\Users\mviei\AppData\Local\Temp\aed_nativa\Placas-de-Transito-BR-1\train\images\captura_2023-09-28_15-04-03_png.rf.fee59e3f09eacc7682376ed3a2304a86.jpg,train,,,2,39
captura_2023-09-28_15-04-43_png.rf.2757ed37641dc47b4c027967d59b2f71.jpg,C:\Users\mviei\AppData\Local\Temp\aed_nativa\Placas-de-Transito-BR-1\train\images\captura_2023-09-28_15-04-43_png.rf.2757ed37641dc47b4c027967d59b2f71.jpg,train,,,2,39
captura_2023-09-28_15-04-45_png.rf.d3e7354b238db8a3e064c95074c154fc.jpg,C:\Users\mviei\AppData\Local\Temp\aed_nativa\Placas-de-Transito-BR-1\train\images\captura_2023-09-28_15-04-45_png.rf.d3e7354b238db8a3e064c95074c154fc.jpg,train,,,1,39
captura_2023-09-28_15-05-22_png.rf.679bb83118ebafd08a4937baf2068fd6.jpg,C:\Users\mviei\AppData\Local\Temp\aed_nativa\Placas-de-Transito-BR-1\train\images\captura_2023-09-28_15-05-22_png.rf.679bb83118ebafd08a4937baf2068fd6.jpg,train,,,1,42
captura_2023-09-28_15-05-27_png.rf.ef5d00327b7bfeb0f4635421ed830210.jpg,C:\Users\mviei\AppData\Local\Temp\aed_nativa\Placas-de-Transito-BR-1\train\images\captura_2023-09-28_15-05-27_png.rf.ef5d00327b7bfeb0f4635421ed830210.jpg,train,,,3,"39,42"
captura_2023-09-28_15-05-30_png.rf.bd3c3c5c9830371bdf8d88f72f072150.jpg,C:\Users\mviei\AppData\Local\Temp\aed_nativa\Placas-de-Transito-BR-1\train\images\captura_2023-09-28_15-05-30_png.rf.bd3c3c5c9830371bdf8d88f72f072150.jpg,train,,,1,39
captura_2023-09-28_15-05-32_png.rf.8150d351ff2ebc02e60ca5173b76bac3.jpg,C:\Users\mviei\AppData\Local\Temp\aed_nativa\Placas-de-Transito-BR-1\train\images\captura_2023-09-28_15-05-32_png.rf.8150d351ff2ebc02e60ca5173b76bac3.jpg,train,1253.0,636.0,1,64
captura_2023-09-28_15-05-58_png.rf.c0f74f76481272a6128a8533bb14d71e.jpg,C:\Users\mviei\AppData\Local\Temp\aed_nativa\Placas-de-Transito-BR-1\train\images\captura_2023-09-28_15-05-58_png.rf.c0f74f76481272a6128a8533bb14d71e.jpg,train,,,1,39
captura_2023-09-28_15-06-01_png.rf.223e2bab83a2b555dc1923fffb9c8197.jpg,C:\Users\mviei\AppData\Local\Temp\aed_nativa\Placas-de-Transito-BR-1\train\images\captura_2023-09-28_15-06-01_png.rf.223e2bab83a2b555dc1923fffb9c8197.jpg,train,,,1,39
captura_2023-09-28_15-06-31_png.rf.b8eeaf6cbbcc74af6783f6b8309d4b68.jpg,C:\Users\mviei\AppData\Local\Temp\aed_nativa\Placas-de-Transito-BR-1\train\images\captura_2023-09-28_15-06-31_png.rf.b8eeaf6cbbcc74af6783f6b8309d4b68.jpg,train,,,1,49
captura_2023-09-28_15-06-37_png.rf.2e6d593338703759144f4066627bc703.jpg,C:\Users\mviei\AppData\Local\Temp\aed_nativa\Placas-de-Transito-BR-1\train\images\captura_2023-09-28_15-06-37_png.rf.2e6d593338703759144f4066627bc703.jpg,train,,,1,64
captura_2023-09-28_15-07-06_png.rf.2c9753bd7d202e74d776189ad764cb25.jpg,C:\Users\mviei\AppData\Local\Temp\aed_nativa\Placas-de-Transito-BR-1\train\images\captura_2023-09-28_15-07-06_png.rf.2c9753bd7d202e74d776189ad764cb25.jpg,train,,,1,42
captura_2023-09-28_15-07-08_png.rf.3ced9ff6b5baa7c5f7c340dcbe6307f3.jpg,C:\Users\mviei\AppData\Local\Temp\aed_nativa\Placas-de-Transito-BR-1\train\images\captura_2023-09-28_15-07-08_png.rf.3ced9ff6b5baa7c5f7c340dcbe6307f3.jpg,train,,,1,64
captura_2023-09-28_15-07-14_png.rf.9a609855ff80e8bbbbecab9429934d10.jpg,C:\Users\mviei\AppData\Local\Temp\aed_nativa\Placas-de-Transito-BR-1\train\images\captura_2023-09-28_15-07-14_png.rf.9a609855ff80e8bbbbecab9429934d10.jpg,train,1253.0,636.0,0,
captura_2023-09-28_15-07-19_png.rf.8c7d76c9033d96e2b69854efbec9ad5e.jpg,C:\Users\mviei\AppData\Local\Temp\aed_nativa\Placas-de-Transito-BR-1\train\images\captura_2023-09-28_15-07-19_png.rf.8c7d76c9033d96e2b69854efbec9ad5e.jpg,train,,,1,14
captura_2023-09-28_15-07-50_png.rf.d21dccc8076024a9bbbf3380fab2479c.jpg,C:\Users\mviei\AppData\Local\Temp\aed_nativa\Placas-de-Transito-BR-1\train\images\captura_2023-09-28_15-07-50_png.rf.d21dccc8076024a9bbbf3380fab2479c.jpg,train,,,2,48
captura_2023-09-28_15-08-00_png.rf.6c4bdd6f951be2713494ef4d88bc4b22.jpg,C:\Users\mviei\AppData\Local\Temp\aed_nativa\Placas-de-Transito-BR-1\train\images\captura_2023-09-28_15-08-00_png.rf.6c4bdd6f951be2713494ef4d88bc4b22.jpg,train,,,1,48
captura_2023-09-28_15-08-13_png.rf.35bdae8d10648506ef49f8f20c439627.jpg,C:\Users\mviei\AppData\Local\Temp\aed_nativa\Placas-de-Transito-BR-1\train\images\captura_2023-09-28_15-08-13_png.rf.35bdae8d10648506ef49f8f20c439627.jpg,train,,,1,64
captura_2023-09-28_15-08-23_png.rf.43d544a3227fb4a27ccf757ec6d93544.jpg,C:\Users\mviei\AppData\Local\Temp\aed_nativa\Placas-de-Transito-BR-1\train\images\captura_2023-09-28_15-08-23_png.rf.43d544a3227fb4a27ccf757ec6d93544.jpg,train,,,1,43
captura_2023-09-28_15-08-31_png.rf.4601e154b95fcbfec973a392285e0dec.jpg,C:\Users\mviei\AppData\Local\Temp\aed_nativa\Placas-de-Transito-BR-1\train\images\captura_2023-09-28_15-08-31_png.rf.4601e154b95fcbfec973a392285e0dec.jpg,train,,,2,48
captura_2023-09-28_15-08-48_png.rf.cc57be49a902b4720c5f091d6a9e75df.jpg,C:\Users\mviei\AppData\Local\Temp\aed_nativa\Placas-de-Transito-BR-1\train\images\captura_2023-09-28_15-08-48_png.rf.cc57be49a902b4720c5f091d6a9e75df.jpg,train,1253.0,636.0,2,39
captura_2023-09-28_15-08-51_png.rf.2e3ed64932942bc38d11e971778142d1.jpg,C:\Users\mviei\AppData\Local\Temp\aed_nativa\Placas-de-Transito-BR-1\train\images\captura_2023-09-28_15-08-51_png.rf.2e3ed64932942bc38d11e971778142d1.jpg,train,,,2,39
captura_2023-09-28_15-09-21_png.rf.800aa67a960cca8eaa972570a0d91f3e.jpg,C:\Users\mviei\AppData\Local\Temp\aed_nativa\Placas-de-Transito-BR-1\train\images\captura_2023-09-28_15-09-21_png.rf.800aa67a960cca8eaa972570a0d91f3e.jpg,train,,,1,39
captura_2023-09-28_15-09-36_png.rf.1e454c64dd75657c94323b32b64a7f00.jpg,C:\Users\mviei\AppData\Local\Temp\aed_nativa\Placas-de-Transito-BR-1\train\images\captura_2023-09-28_15-09-36_png.rf.1e454c64dd75657c94323b32b64a7f00.jpg,train,,,1,39
captura_2023-09-28_15-09-51_png.rf.da25ba6c3b74bfcaf1d120920675de60.jpg,C:\Users\mviei\AppData\Local\Temp\aed_nativa\Placas-de-Transito-BR-1\train\images\captura_2023-09-28_15-09-51_png.rf.da25ba6c3b74bfcaf1d120920675de60.jpg,train,,,2,"39,4"
captura_2023-09-28_15-09-54_png.rf.e55638fa5b93244bdb9a45637b23fb96.jpg,C:\Users\mviei\AppData\Local\Temp\aed_nativa\Placas-de-Transito-BR-1\train\images\captura_2023-09-28_15-09-54_png.rf.e55638fa5b93244bdb9a45637b23fb96.jpg,train,,,1,49
captura_2023-09-28_15-10-11_png.rf.40d57bc56256bd15ebe8a1e1cc7c7ba6.jpg,C:\Users\mviei\AppData\Local\Temp\aed_nativa\Placas-de-Transito-BR-1\train\images\captura_2023-09-28_15-10-11_png.rf.40d57bc56256bd15ebe8a1e1cc7c7ba6.jpg,train,,,1,49
captura_2023-09-28_15-11-13_png.rf.563feafdbfb2e0023987464f27a0cceb.jpg,C:\Users\mviei\AppData\Local\Temp\aed_nativa\Placas-de-Transito-BR-1\train\images\captura_2023-09-28_15-11-13_png.rf.563feafdbfb2e0023987464f27a0cceb.jpg,train,1253.0,636.0,1,46
captura_2023-09-28_15-12-18_png.rf.be68a22a2e3d7bb631c89317c5a1e139.jpg,C:\Users\mviei\AppData\Local\Temp\aed_nativa\Placas-de-Transito-BR-1\train\images\captura_2023-09-28_15-12-18_png.rf.be68a22a2e3d7bb631c89317c5a1e139.jpg,train,,,1,39
captura_2023-09-28_15-14-31_png.rf.093f55229e878ebe4831b7d483b93a22.jpg,C:\Users\mviei\AppData\Local\Temp\aed_nativa\Placas-de-Transito-BR-1\train\images\captura_2023-09-28_15-14-31_png.rf.093f55229e878ebe4831b7d483b93a22.jpg,train,,,1,64
captura_2023-09-28_15-14-42_png.rf.33562827ef3b24a1777648c59469d635.jpg,C:\Users\mviei\AppData\Local\Temp\aed_nativa\Placas-de-Transito-BR-1\train\images\captura_2023-09-28_15-14-42_png.rf.33562827ef3b24a1777648c59469d635.jpg,train,,,1,39
captura_2023-09-28_15-14-54_png.rf.64eca7e40dd52226d01eb8f62c6b58cf.jpg,C:\Users\mviei\AppData\Local\Temp\aed_nativa\Placas-de-Transito-BR-1\train\images\captura_2023-09-28_15-14-54_png.rf.64eca7e40dd52226d01eb8f62c6b58cf.jpg,train,,,1,42
captura_2023-09-28_15-15-00_png.rf.60813db90435fea8979a0e00a0ec798c.jpg,C:\Users\mviei\AppData\Local\Temp\aed_nativa\Placas-de-Transito-BR-1\train\images\captura_2023-09-28_15-15-00_png.rf.60813db90435fea8979a0e00a0ec798c.jpg,train,,,1,59
captura_2023-09-28_15-15-05_png.rf.76873cd5380e6117e5f1feec9860a4f9.jpg,C:\Users\mviei\AppData\Local\Temp\aed_nativa\Placas-de-Transito-BR-1\train\images\captura_2023-09-28_15-15-05_png.rf.76873cd5380e6117e5f1feec9860a4f9.jpg,train,,,1,42
captura_2023-09-28_15-15-18_png.rf.effc337b3e309854a7d53dab6b7eb2c5.jpg,C:\Users\mviei\AppData\Local\Temp\aed_nativa\Placas-de-Transito-BR-1\train\images\captura_2023-09-28_15-15-18_png.rf.effc337b3e309854a7d53dab6b7eb2c5.jpg,train,1253.0,636.0,1,42
captura_2023-09-28_15-15-57_png.rf.11cb3bddada9c72cf33f5b647df9c23f.jpg,C:\Users\mviei\AppData\Local\Temp\aed_nativa\Placas-de-Transito-BR-1\train\images\captura_2023-09-28_15-15-57_png.rf.11cb3bddada9c72cf33f5b647df9c23f.jpg,train,,,1,15
captura_2023-09-28_15-16-02_png.rf.a88d7f3a2cc8788adc37449f7ed92dcd.jpg,C:\Users\mviei\AppData\Local\Temp\aed_nativa\Placas-de-Transito-BR-1\train\images\captura_2023-09-28_15-16-02_png.rf.a88d7f3a2cc8788adc37449f7ed92dcd.jpg,train,,,3,39
captura_2023-09-28_15-16-33_png.rf.e6ba62f07fb4a753a758ab2c211ba65a.jpg,C:\Users\mviei\AppData\Local\Temp\aed_nativa\Placas-de-Transito-BR-1\train\images\captura_2023-09-28_15-16-33_png.rf.e6ba62f07fb4a753a758ab2c211ba65a.jpg,train,,,1,39
captura_2023-09-28_15-16-35_png.rf.899163ecd1bfdde3df809d6b291749fd.jpg,C:\Users\mviei\AppData\Local\Temp\aed_nativa\Placas-de-Transito-BR-1\train\images\captura_2023-09-28_15-16-35_png.rf.899163ecd1bfdde3df809d6b291749fd.jpg,train,,,1,39
captura_2023-09-28_15-16-38_png.rf.d3980b9471c04ced4d45cfd551da20ca.jpg,C:\Users\mviei\AppData\Local\Temp\aed_nativa\Placas-de-Transito-BR-1\train\images\captura_2023-09-28_15-16-38_png.rf.d3980b9471c04ced4d45cfd551da20ca.jpg,train,,,1,53
captura_2023-09-28_15-16-59_png.rf.1e853ce97bb663daaaf17d7b33245fe5.jpg,C:\Users\mviei\AppData\Local\Temp\aed_nativa\Placas-de-Transito-BR-1\train\images\captura_2023-09-28_15-16-59_png.rf.1e853ce97bb663daaaf17d7b33245fe5.jpg,train,,,1,23
captura_2023-09-28_15-17-25_png.rf.4c001b9e8cacc0bbc8a158afa8811dd3.jpg,C:\Users\mviei\AppData\Local\Temp\aed_nativa\Placas-de-Transito-BR-1\train\images\captura_2023-09-28_15-17-25_png.rf.4c001b9e8cacc0bbc8a158afa8811dd3.jpg,train,1253.0,636.0,1,43
captura_2023-09-28_15-18-15_png.rf.e2a00cd2c7cef2291821a90654f98bbd.jpg,C:\Users\mviei\AppData\Local\Temp\aed_nativa\Placas-de-Transito-BR-1\train\images\captura_2023-09-28_15-18-15_png.rf.e2a00cd2c7cef2291821a90654f98bbd.jpg,train,,,2,53
captura_2023-09-28_15-18-35_png.rf.fca2777bf27b6d6a01efbee472f93611.jpg,C:\Users\mviei\AppData\Local\Temp\aed_nativa\Placas-de-Transito-BR-1\train\images\captura_2023-09-28_15-18-35_png.rf.fca2777bf27b6d6a01efbee472f93611.jpg,train,,,2,48
captura_2023-09-28_15-19-22_png.rf.239f7d199cfa2b581abc7d46f89151a4.jpg,C:\Users\mviei\AppData\Local\Temp\aed_nativa\Placas-de-Transito-BR-1\train\images\captura_2023-09-28_15-19-22_png.rf.239f7d199cfa2b581abc7d46f89151a4.jpg,train,,,1,49
captura_2023-09-28_15-20-07_png.rf.f78c35621ce45a29186b47da30c9c25f.jpg,C:\Users\mviei\AppData\Local\Temp\aed_nativa\Placas-de-Transito-BR-1\train\images\captura_2023-09-28_15-20-07_png.rf.f78c35621ce45a29186b47da30c9c25f.jpg,train,,,1,49
captura_2023-09-28_15-20-43_png.rf.5f709e08638db86e995f10bd382c02d9.jpg,C:\Users\mviei\AppData\Local\Temp\aed_nativa\Placas-de-Transito-BR-1\train\images\captura_2023-09-28_15-20-43_png.rf.5f709e08638db86e995f10bd382c02d9.jpg,train,,,1,59
captura_2023-09-28_15-20-46_png.rf.0e000487253c40cea4a34ec156308794.jpg,C:\Users\mviei\AppData\Local\Temp\aed_nativa\Placas-de-Transito-BR-1\train\images\captura_2023-09-28_15-20-46_png.rf.0e000487253c40cea4a34ec156308794.jpg,train,,,0,
captura_2023-09-28_15-20-51_png.rf.b3c0a5035e5087c5d88a8c6008cbba0c.jpg,C:\Users\mviei\AppData\Local\Temp\aed_nativa\Placas-de-Transito-BR-1\train\images\captura_2023-09-28_15-20-51_png.rf.b3c0a5035e5087c5d88a8c6008cbba0c.jpg,train,1253.0,636.0,1,65
captura_2023-09-28_15-20-56_png.rf.11e38a68867b2ad2d7953877c4b3cfdf.jpg,C:\Users\mviei\AppData\Local\Temp\aed_nativa\Placas-de-Transito-BR-1\train\images\captura_2023-09-28_15-20-56_png.rf.11e38a68867b2ad2d7953877c4b3cfdf.jpg,train,,,0,
captura_2023-09-28_15-20-59_png.rf.163003c466fbc3eebd5986c8a62435b8.jpg,C:\Users\mviei\AppData\Local\Temp\aed_nativa\Placas-de-Transito-BR-1\train\images\captura_2023-09-28_15-20-59_png.rf.163003c466fbc3eebd5986c8a62435b8.jpg,train,,,0,
captura_2023-09-28_15-22-09_png.rf.d66fa605aa1be4bd57c455ce4cf16ad5.jpg,C:\Users\mviei\AppData\Local\Temp\aed_nativa\Placas-de-Transito-BR-1\train\images\captura_2023-09-28_15-22-09_png.rf.d66fa605aa1be4bd57c455ce4cf16ad5.jpg,train,,,1,59
captura_2023-09-28_15-22-30_png.rf.0e2800ba63c6e3d50a3085b36fad88a5.jpg,C:\Users\mviei\AppData\Local\Temp\aed_nativa\Placas-de-Transito-BR-1\train\images\captura_2023-09-28_15-22-30_png.rf.0e2800ba63c6e3d50a3085b36fad88a5.jpg,train,,,1,65
captura_2023-09-28_15-22-43_png.rf.06737e2302e596322de583d56bb484bb.jpg,C:\Users\mviei\AppData\Local\Temp\aed_nativa\Placas-de-Transito-BR-1\train\images\captura_2023-09-28_15-22-43_png.rf.06737e2302e596322de583d56bb484bb.jpg,train,,,1,43
captura_2023-09-28_15-22-56_png.rf.2e844c2a6ea650f48c7185dc22d0d19f.jpg,C:\Users\mviei\AppData\Local\Temp\aed_nativa\Placas-de-Transito-BR-1\train\images\captura_2023-09-28_15-22-56_png.rf.2e844c2a6ea650f48c7185dc22d0d19f.jpg,train,,,1,40
captura_2023-09-28_15-23-04_png.rf.7856d26f0da44c7014d12d1d755209ee.jpg,C:\Users\mviei\AppData\Local\Temp\aed_nativa\Placas-de-Transito-BR-1\train\images\captura_2023-09-28_15-23-04_png.rf.7856d26f0da44c7014d12d1d755209ee.jpg,train,1253.0,636.0,0,
captura_2023-09-28_15-23-11_png.rf.2812fa46a3c87049dccee7216e99993c.jpg,C:\Users\mviei\AppData\Local\Temp\aed_nativa\Placas-de-Transito-BR-1\train\images\captura_2023-09-28_15-23-11_png.rf.2812fa46a3c87049dccee7216e99993c.jpg,train,,,0,
captura_2023-09-28_15-28-57_png.rf.b9c8ca183c2e2e8a33991ab5b208fb26.jpg,C:\Users\mviei\AppData\Local\Temp\aed_nativa\Placas-de-Transito-BR-1\train\images\captura_2023-09-28_15-28-57_png.rf.b9c8ca183c2e2e8a33991ab5b208fb26.jpg,train,,,0,
captura_2023-09-28_15-29-16_png.rf.4aa260ec4064af32975feaa48def9674.jpg,C:\Users\mviei\AppData\Local\Temp\aed_nativa\Placas-de-Transito-BR-1\train\images\captura_2023-09-28_15-29-16_png.rf.4aa260ec4064af32975feaa48def9674.jpg,train,,,1,49
captura_2023-09-28_15-29-21_png.rf.8fa0c8e0823d16cf66111896315d299c.jpg,C:\Users\mviei\AppData\Local\Temp\aed_nativa\Placas-de-Transito-BR-1\train\images\captura_2023-09-28_15-29-21_png.rf.8fa0c8e0823d16cf66111896315d299c.jpg,train,,,1,42
captura_2023-09-28_15-29-29_png.rf.dbe0a9df766b6c8fed33b5522b30b559.jpg,C:\Users\mviei\AppData\Local\Temp\aed_nativa\Placas-de-Transito-BR-1\train\images\captura_2023-09-28_15-29-29_png.rf.dbe0a9df766b6c8fed33b5522b30b559.jpg,train,,,1,43
captura_2023-09-28_15-29-45_png.rf.dfe2c656dbe733448a9d48356b6ec5c4.jpg,C:\Users\mviei\AppData\Local\Temp\aed_nativa\Placas-de-Transito-BR-1\train\images\captura_2023-09-28_15-29-45_png.rf.dfe2c656dbe733448a9d48356b6ec5c4.jpg,train,,,1,40
captura_2023-09-28_15-29-48_png.rf.6814518ad3e8e057b051986976962f41.jpg,C:\Users\mviei\AppData\Local\Temp\aed_nativa\Placas-de-Transito-BR-1\train\images\captura_2023-09-28_15-29-48_png.rf.6814518ad3e8e057b051986976962f41.jpg,train,1270.0,636.0,1,20
captura_2023-09-28_15-30-06_png.rf.5ff111e49194cb820a1f72ca5c271248.jpg,C:\Users\mviei\AppData\Local\Temp\aed_nativa\Placas-de-Transito-BR-1\train\images\captura_2023-09-28_15-30-06_png.rf.5ff111e49194cb820a1f72ca5c271248.jpg,train,,,1,60
captura_2023-09-28_15-30-09_png.rf.318031ec7ee092e88ce7c3d9ea817b0b.jpg,C:\Users\mviei\AppData\Local\Temp\aed_nativa\Placas-de-Transito-BR-1\train\images\captura_2023-09-28_15-30-09_png.rf.318031ec7ee092e88ce7c3d9ea817b0b.jpg,train,,,1,42
captura_2023-09-28_15-30-12_png.rf.7c7b98ab0a84639639749ee4b20bb4cc.jpg,C:\Users\mviei\AppData\Local\Temp\aed_nativa\Placas-de-Transito-BR-1\train\images\captura_2023-09-28_15-30-12_png.rf.7c7b98ab0a84639639749ee4b20bb4cc.jpg,train,,,1,49
captura_2023-09-28_15-30-14_png.rf.4b3f8f3fcd635c5cf175566da4b27efe.jpg,C:\Users\mviei\AppData\Local\Temp\aed_nativa\Placas-de-Transito-BR-1\train\images\captura_2023-09-28_15-30-14_png.rf.4b3f8f3fcd635c5cf175566da4b27efe.jpg,train,,,1,20
captura_2023-09-28_15-30-20_png.rf.e78fcf0919643b1208900b5fa78a1349.jpg,C:\Users\mviei\AppData\Local\Temp\aed_nativa\Placas-de-Transito-BR-1\train\images\captura_2023-09-28_15-30-20_png.rf.e78fcf0919643b1208900b5fa78a1349.jpg,train,,,2,39
captura_2023-09-28_15-30-22_png.rf.46e4983e4184f4e1b32fb5e93ea7d0c0.jpg,C:\Users\mviei\AppData\Local\Temp\aed_nativa\Placas-de-Transito-BR-1\train\images\captura_2023-09-28_15-30-22_png.rf.46e4983e4184f4e1b32fb5e93ea7d0c0.jpg,train,,,1,39
captura_2023-09-28_15-30-25_png.rf.37ac0864b260e63036b1eaafa81d353c.jpg,C:\Users\mviei\AppData\Local\Temp\aed_nativa\Placas-de-Transito-BR-1\train\images\captura_2023-09-28_15-30-25_png.rf.37ac0864b260e63036b1eaafa81d353c.jpg,train,1270.0,636.0,2,39
captura_2023-09-28_15-30-28_png.rf.442822c7c1b3e9bd869670d6f408f000.jpg,C:\Users\mviei\AppData\Local\Temp\aed_nativa\Placas-de-Transito-BR-1\train\images\captura_2023-09-28_15-30-28_png.rf.442822c7c1b3e9bd869670d6f408f000.jpg,train,,,2,39
captura_2023-09-28_15-30-30_png.rf.d33f6be5771645b3837fab890ae21af4.jpg,C:\Users\mviei\AppData\Local\Temp\aed_nativa\Placas-de-Transito-BR-1\train\images\captura_2023-09-28_15-30-30_png.rf.d33f6be5771645b3837fab890ae21af4.jpg,train,,,1,29
captura_2023-09-28_15-30-46_png.rf.26a331964aa8405d1caedf7657e4136f.jpg,C:\Users\mviei\AppData\Local\Temp\aed_nativa\Placas-de-Transito-BR-1\train\images\captura_2023-09-28_15-30-46_png.rf.26a331964aa8405d1caedf7657e4136f.jpg,train,,,1,48
captura_2023-09-28_15-30-52_png.rf.122e96625b4e506f2c65e88651805ede.jpg,C:\Users\mviei\AppData\Local\Temp\aed_nativa\Placas-de-Transito-BR-1\train\images\captura_2023-09-28_15-30-52_png.rf.122e96625b4e506f2c65e88651805ede.jpg,train,,,1,63
captura_2023-09-28_15-31-05_png.rf.30d50000afb18dd07c6ce3eaf6da1807.jpg,C:\Users\mviei\AppData\Local\Temp\aed_nativa\Placas-de-Transito-BR-1\train\images\captura_2023-09-28_15-31-05_png.rf.30d50000afb18dd07c6ce3eaf6da1807.jpg,train,,,1,39
captura_2023-09-28_15-31-07_png.rf.d464db146d3331c168e674f71d7460ad.jpg,C:\Users\mviei\AppData\Local\Temp\aed_nativa\Placas-de-Transito-BR-1\train\images\captura_2023-09-28_15-31-07_png.rf.d464db146d3331c168e674f71d7460ad.jpg,train,,,2,39
captura_2023-09-28_15-31-10_png.rf.9a217f869150d23a475da85179c481c0.jpg,C:\Users\mviei\AppData\Local\Temp\aed_nativa\Placas-de-Transito-BR-1\train\images\captura_2023-09-28_15-31-10_png.rf.9a217f869150d23a475da85179c481c0.jpg,train,1270.0,636.0,1,39
captura_2023-09-28_15-31-13_png.rf.83f7b7c7e8e4df93230dc829763b69b0.jpg,C:\Users\mviei\AppData\Local\Temp\aed_nativa\Placas-de-Transito-BR-1\train\images\captura_2023-09-28_15-31-13_png.rf.83f7b7c7e8e4df93230dc829763b69b0.jpg,train,,,3,39
captura_2023-09-28_15-31-15_png.rf.f575cc04ae74fa61b12f7fbb0c258469.jpg,C:\Users\mviei\AppData\Local\Temp\aed_nativa\Placas-de-Transito-BR-1\train\images\captura_2023-09-28_15-31-15_png.rf.f575cc04ae74fa61b12f7fbb0c258469.jpg,train,,,0,
captura_2023-09-28_15-31-18_png.rf.993e6b37cf571d61be0789aa0db45f99.jpg,C:\Users\mviei\AppData\Local\Temp\aed_nativa\Placas-de-Transito-BR-1\train\images\captura_2023-09-28_15-31-18_png.rf.993e6b37cf571d61be0789aa0db45f99.jpg,train,,,1,39
captura_2023-09-28_15-31-21_png.rf.e8164028d2537d8b48a36bbc361ce54e.jpg,C:\Users\mviei\AppData\Local\Temp\aed_nativa\Placas-de-Transito-BR-1\train\images\captura_2023-09-28_15-31-21_png.rf.e8164028d2537d8b48a36bbc361ce54e.jpg,train,,,2,"39,53"
captura_2023-09-28_15-31-26_png.rf.5b80000affaeb361d8acdf25f82932bf.jpg,C:\Users\mviei\AppData\Local\Temp\aed_nativa\Placas-de-Transito-BR-1\train\images\captura_2023-09-28_15-31-26_png.rf.5b80000affaeb361d8acdf25f82932bf.jpg,train,,,3,39
captura_2023-09-28_15-32-52_png.rf.4b7edf2c655ad7f441ed78e5321d5780.jpg,C:\Users\mviei\AppData\Local\Temp\aed_nativa\Placas-de-Transito-BR-1\train\images\captura_2023-09-28_15-32-52_png.rf.4b7edf2c655ad7f441ed78e5321d5780.jpg,train,,,1,39
captura_2023-09-28_15-32-55_png.rf.a1dc25e56f4e237f2ad21babf0792162.jpg,C:\Users\mviei\AppData\Local\Temp\aed_nativa\Placas-de-Transito-BR-1\train\images\captura_2023-09-28_15-32-55_png.rf.a1dc25e56f4e237f2ad21babf0792162.jpg,train,1270.0,636.0,1,39
captura_2023-09-28_15-33-02_png.rf.38bff99fbe005556a63dd7fd93acce63.jpg,C:\Users\mviei\AppData\Local\Temp\aed_nativa\Placas-de-Transito-BR-1\train\images\captura_2023-09-28_15-33-02_png.rf.38bff99fbe005556a63dd7fd93acce63.jpg,train,,,0,
captura_2023-09-28_15-33-05_png.rf.9d589e5171adba5b5517d25c62a99919.jpg,C:\Users\mviei\AppData\Local\Temp\aed_nativa\Placas-de-Transito-BR-1\train\images\captura_2023-09-28_15-33-05_png.rf.9d589e5171adba5b5517d25c62a99919.jpg,train,,,0,
captura_2023-09-28_15-33-13_png.rf.6340a3be20d6d5c61768e114bf44614c.jpg,C:\Users\mviei\AppData\Local\Temp\aed_nativa\Placas-de-Transito-BR-1\train\images\captura_2023-09-28_15-33-13_png.rf.6340a3be20d6d5c61768e114bf44614c.jpg,train,,,1,42
captura_2023-09-28_15-34-29_png.rf.bbfa6385326e48b05cf240ed1172152a.jpg,C:\Users\mviei\AppData\Local\Temp\aed_nativa\Placas-de-Transito-BR-1\train\images\captura_2023-09-28_15-34-29_png.rf.bbfa6385326e48b05cf240ed1172152a.jpg,train,,,1,65
captura_2023-09-28_15-35-39_png.rf.130079b138f9262214cc446a8f1f3b71.jpg,C:\Users\mviei\AppData\Local\Temp\aed_nativa\Placas-de-Transito-BR-1\train\images\captura_2023-09-28_15-35-39_png.rf.130079b138f9262214cc446a8f1f3b71.jpg,train,,,1,23
captura_2023-09-28_15-35-49_png.rf.1f474682835ff24a666ebfb51359d9c3.jpg,C:\Users\mviei\AppData\Local\Temp\aed_nativa\Placas-de-Transito-BR-1\train\images\captura_2023-09-28_15-35-49_png.rf.1f474682835ff24a666ebfb51359d9c3.jpg,train,,,1,48
captura_2023-09-28_15-35-52_png.rf.4f68558bd0637505353cf318c9ecd5ba.jpg,C:\Users\mviei\AppData\Local\Temp\aed_nativa\Placas-de-Transito-BR-1\train\images\captura_2023-09-28_15-35-52_png.rf.4f68558bd0637505353cf318c9ecd5ba.jpg,train,1270.0,636.0,1,48
captura_2023-09-28_15-36-00_png.rf.02bb9efb2b50668475e097c0c6da8fd1.jpg,C:\Users\mviei\AppData\Local\Temp\aed_nativa\Placas-de-Transito-BR-1\train\images\captura_2023-09-28_15-36-00_png.rf.02bb9efb2b50668475e097c0c6da8fd1.jpg,train,,,1,48
captura_2023-09-28_15-36-13_png.rf.2945543728d0ad067398ab78e8f890fc.jpg,C:\Users\mviei\AppData\Local\Temp\aed_nativa\Placas-de-Transito-BR-1\train\images\captura_2023-09-28_15-36-13_png.rf.2945543728d0ad067398ab78e8f890fc.jpg,train,,,1,23
captura_2023-09-28_15-36-21_png.rf.6a0393f82de201b032f3f0e0f619ab34.jpg,C:\Users\mviei\AppData\Local\Temp\aed_nativa\Placas-de-Transito-BR-1\train\images\captura_2023-09-28_15-36-21_png.rf.6a0393f82de201b032f3f0e0f619ab34.jpg,train,,,1,22
captura_2023-09-28_15-36-43_png.rf.008520b275956b9b69b29fbf751cb1f5.jpg,C:\Users\mviei\AppData\Local\Temp\aed_nativa\Placas-de-Transito-BR-1\train\images\captura_2023-09-28_15-36-43_png.rf.008520b275956b9b69b29fbf751cb1f5.jpg,train,,,1,35
captura_2023-09-28_15-36-45_png.rf.49a3f9f3f3104edbf8041cd35adb9a8a.jpg,C:\Users\mviei\AppData\Local\Temp\aed_nativa\Placas-de-Transito-BR-1\train\images\captura_2023-09-28_15-36-45_png.rf.49a3f9f3f3104edbf8041cd35adb9a8a.jpg,train,,,1,63
captura_2023-09-28_15-36-59_png.rf.72a7413450d6db71d9740b4b78360362.jpg,C:\Users\mviei\AppData\Local\Temp\aed_nativa\Placas-de-Transito-BR-1\train\images\captura_2023-09-28_15-36-59_png.rf.72a7413450d6db71d9740b4b78360362.jpg,train,,,1,65
captura_2023-09-28_15-37-15_png.rf.9e405a6d41f83564e0289432134d0f63.jpg,C:\Users\mviei\AppData\Local\Temp\aed_nativa\Placas-de-Transito-BR-1\train\images\captura_2023-09-28_15-37-15_png.rf.9e405a6d41f83564e0289432134d0f63.jpg,train,1270.0,636.0,1,48
captura_2023-09-28_15-37-31_png.rf.6edbcaebe2f14a5b877b00f14bfe537d.jpg,C:\Users\mviei\AppData\Local\Temp\aed_nativa\Placas-de-Transito-BR-1\train\images\captura_2023-09-28_15-37-31_png.rf.6edbcaebe2f14a5b877b00f14bfe537d.jpg,train,,,2,39
captura_2023-09-28_15-37-44_png.rf.e3b24d32c4a67913fe89f4f12016d590.jpg,C:\Users\mviei\AppData\Local\Temp\aed_nativa\Placas-de-Transito-BR-1\train\images\captura_2023-09-28_15-37-44_png.rf.e3b24d32c4a67913fe89f4f12016d590.jpg,train,,,2,"39,64"
captura_2023-09-28_15-38-00_png.rf.16753899c3901d210cc09136bf90e34a.jpg,C:\Users\mviei\AppData\Local\Temp\aed_nativa\Placas-de-Transito-BR-1\train\images\captura_2023-09-28_15-38-00_png.rf.16753899c3901d210cc09136bf90e34a.jpg,train,,,2,"42,43"
captura_2023-09-28_15-38-03_png.rf.94a2ae964ca12d243d1eed8f0db14f7e.jpg,C:\Users\mviei\AppData\Local\Temp\aed_nativa\Placas-de-Transito-BR-1\train\images\captura_2023-09-28_15-38-03_png.rf.94a2ae964ca12d243d1eed8f0db14f7e.jpg,train,,,1,43
captura_2023-09-28_15-38-05_png.rf.49eddadeaacd94b137e641bd0cf44e7b.jpg,C:\Users\mviei\AppData\Local\Temp\aed_nativa\Placas-de-Transito-BR-1\train\images\captura_2023-09-28_15-38-05_png.rf.49eddadeaacd94b137e641bd0cf44e7b.jpg,train,,,1,48
captura_2023-09-28_15-38-13_png.rf.ceea917e8b79b59707f13772a169f909.jpg,C:\Users\mviei\AppData\Local\Temp\aed_nativa\Placas-de-Transito-BR-1\train\images\captura_2023-09-28_15-38-13_png.rf.ceea917e8b79b59707f13772a169f909.jpg,train,,,1,42
captura_2023-09-28_15-38-19_png.rf.6f428f4ee042989510ec2c055e77b01e.jpg,C:\Users\mviei\AppData\Local\Temp\aed_nativa\Placas-de-Transito-BR-1\train\images\captura_2023-09-28_15-38-19_png.rf.6f428f4ee042989510ec2c055e77b01e.jpg,train,1270.0,636.0,1,43
captura_2023-09-28_15-38-21_png.rf.46bd0528b107d9b7643cc1bf29258373.jpg,C:\Users\mviei\AppData\Local\Temp\aed_nativa\Placas-de-Transito-BR-1\train\images\captura_2023-09-28_15-38-21_png.rf.46bd0528b107d9b7643cc1bf29258373.jpg,train,,,1,23
captura_2023-09-28_15-38-40_png.rf.8a80e092e71d29a47aade83237105089.jpg,C:\Users\mviei\AppData\Local\Temp\aed_nativa\Placas-de-Transito-BR-1\train\images\captura_2023-09-28_15-38-40_png.rf.8a80e092e71d29a47aade83237105089.jpg,train,,,1,48
captura_2023-09-28_15-39-01_png.rf.8722196b563f6a35194e4bf7db9992cf.jpg,C:\Users\mviei\AppData\Local\Temp\aed_nativa\Placas-de-Transito-BR-1\train\images\captura_2023-09-28_15-39-01_png.rf.8722196b563f6a35194e4bf7db9992cf.jpg,train,,,2,39
captura_2023-09-28_15-39-33_png.rf.5c75c2a4612587499a185ee4ce997380.jpg,C:\Users\mviei\AppData\Local\Temp\aed_nativa\Placas-de-Transito-BR-1\train\images\captura_2023-09-28_15-39-33_png.rf.5c75c2a4612587499a185ee4ce997380.jpg,train,,,1,12
captura_2023-09-28_15-39-36_png.rf.458cf5757d95bcf71e302197f5da0224.jpg,C:\Users\mviei\AppData\Local\Temp\aed_nativa\Placas-de-Transito-BR-1\train\images\captura_2023-09-28_15-39-36_png.rf.458cf5757d95bcf71e302197f5da0224.jpg,train,,,1,48
captura_2023-09-28_15-39-55_png.rf.0820a5f7872b21ecb2288ddc9d7bcfdb.jpg,C:\Users\mviei\AppData\Local\Temp\aed_nativa\Placas-de-Transito-BR-1\train\images\captura_2023-09-28_15-39-55_png.rf.0820a5f7872b21ecb2288ddc9d7bcfdb.jpg,train,,,0,
captura_2023-09-28_15-40-21_png.rf.f432d710f508b8b232a3361b52ef7298.jpg,C:\Users\mviei\AppData\Local\Temp\aed_nativa\Placas-de-Transito-BR-1\train\images\captura_2023-09-28_15-40-21_png.rf.f432d710f508b8b232a3361b52ef7298.jpg,train,1270.0,636.0,0,
captura_2023-09-28_15-40-29_png.rf.02ce6e7b0ece01f78614b6f15cd890ca.jpg,C:\Users\mviei\AppData\Local\Temp\aed_nativa\Placas-de-Transito-BR-1\train\images\captura_2023-09-28_15-40-29_png.rf.02ce6e7b0ece01f78614b6f15cd890ca.jpg,train,,,0,
captura_2023-09-28_15-40-32_png.rf.4ffb3e9b038d3b9ddb6ca924643066c4.jpg,C:\Users\mviei\AppData\Local\Temp\aed_nativa\Placas-de-Transito-BR-1\train\images\captura_2023-09-28_15-40-32_png.rf.4ffb3e9b038d3b9ddb6ca924643066c4.jpg,train,,,1,42
captura_2023-09-28_15-40-43_png.rf.9475a1e4c7ce15fed8c975ffc9d0219d.jpg,C:\Users\mviei\AppData\Local\Temp\aed_nativa\Placas-de-Transito-BR-1\train\images\captura_2023-09-28_15-40-43_png.rf.9475a1e4c7ce15fed8c975ffc9d0219d.jpg,train,,,1,39
captura_2023-09-28_15-41-10_png.rf.78a104020505fc9704e2d30ced3056ef.jpg,C:\Users\mviei\AppData\Local\Temp\aed_nativa\Placas-de-Transito-BR-1\train\images\captura_2023-09-28_15-41-10_png.rf.78a104020505fc9704e2d30ced3056ef.jpg,train,,,0,
captura_2023-09-28_15-41-12_png.rf.698409e5a8f00d38bf442494bb0b4143.jpg,C:\Users\mviei\AppData\Local\Temp\aed_nativa\Placas-de-Transito-BR-1\train\images\captura_2023-09-28_15-41-12_png.rf.698409e5a8f00d38bf442494bb0b4143.jpg,train,,,0,
captura_2023-09-28_15-41-15_png.rf.c92f4e4bd1a426bdb92be7a2aed1888c.jpg,C:\Users\mviei\AppData\Local\Temp\aed_nativa\Placas-de-Transito-BR-1\train\images\captura_2023-09-28_15-41-15_png.rf.c92f4e4bd1a426bdb92be7a2aed1888c.jpg,train,,,0,
captura_2023-09-28_15-41-26_png.rf.2f2d762e80139707b6f200bca11ff691.jpg,C:\Users\mviei\AppData\Local\Temp\aed_nativa\Placas-de-Transito-BR-1\train\images\captura_2023-09-28_15-41-26_png.rf.2f2d762e80139707b6f200bca11ff691.jpg,train,1270.0,636.0,1,36
captura_2023-09-28_15-41-34_png.rf.5234aaeb5fe3a08caca5e76087666aab.jpg,C:\Users\mviei\AppData\Local\Temp\aed_nativa\Placas-de-Transito-BR-1\train\images\captura_2023-09-28_15-41-34_png.rf.5234aaeb5fe3a08caca5e76087666aab.jpg,train,,,1,23
captura_2023-09-28_15-41-42_png.rf.14c82a16a1e097e2c87e327168d375d1.jpg,C:\Users\mviei\AppData\Local\Temp\aed_nativa\Placas-de-Transito-BR-1\train\images\captura_2023-09-28_15-41-42_png.rf.14c82a16a1e097e2c87e327168d375d1.jpg,train,,,2,"19,63"
captura_2023-09-28_15-41-45_png.rf.451f91e6a7902cc21694b25afb3d5347.jpg,C:\Users\mviei\AppData\Local\Temp\aed_nativa\Placas-de-Transito-BR-1\train\images\captura_2023-09-28_15-41-45_png.rf.451f91e6a7902cc21694b25afb3d5347.jpg,train,,,2,39
captura_2023-09-28_15-41-50_png.rf.d5d522edd54d3f8a247cdbeb96eb4c5e.jpg,C:\Users\mviei\AppData\Local\Temp\aed_nativa\Placas-de-Transito-BR-1\train\images\captura_2023-09-28_15-41-50_png.rf.d5d522edd54d3f8a247cdbeb96eb4c5e.jpg,train,,,2,"39,48"
captura_2023-09-28_15-41-55_png.rf.712fd38b1c07167e4e01b05294415047.jpg,C:\Users\mviei\AppData\Local\Temp\aed_nativa\Placas-de-Transito-BR-1\train\images\captura_2023-09-28_15-41-55_png.rf.712fd38b1c07167e4e01b05294415047.jpg,train,,,1,20
captura_2023-09-28_15-41-58_png.rf.ca91ca10f54834122c256cc8707b335f.jpg,C:\Users\mviei\AppData\Local\Temp\aed_nativa\Placas-de-Transito-BR-1\train\images\captura_2023-09-28_15-41-58_png.rf.ca91ca10f54834122c256cc8707b335f.jpg,train,,,1,16
captura_2023-09-28_15-42-01_png.rf.81d359df2c73a89faabbbcfd0498a610.jpg,C:\Users\mviei\AppData\Local\Temp\aed_nativa\Placas-de-Transito-BR-1\train\images\captura_2023-09-28_15-42-01_png.rf.81d359df2c73a89faabbbcfd0498a610.jpg,train,1270.0,636.0,0,
captura_2023-09-28_15-42-14_png.rf.d25d83d6a6660398ebd7f8cb772c133a.jpg,C:\Users\mviei\AppData\Local\Temp\aed_nativa\Placas-de-Transito-BR-1\train\images\captura_2023-09-28_15-42-14_png.rf.d25d83d6a6660398ebd7f8cb772c133a.jpg,train,,,0,
captura_2023-09-28_15-42-17_png.rf.02a7be491f60fba72d18080a9460eb3d.jpg,C:\Users\mviei\AppData\Local\Temp\aed_nativa\Placas-de-Transito-BR-1\train\images\captura_2023-09-28_15-42-17_png.rf.02a7be491f60fba72d18080a9460eb3d.jpg,train,,,1,36
captura_2023-09-28_15-42-51_png.rf.65efbfcfe937f4d3d49a0df27a62c27c.jpg,C:\Users\mviei\AppData\Local\Temp\aed_nativa\Placas-de-Transito-BR-1\train\images\captura_2023-09-28_15-42-51_png.rf.65efbfcfe937f4d3d49a0df27a62c27c.jpg,train,,,1,48
captura_2023-09-28_15-42-59_png.rf.3e215614ed5a471c1f54713725656f8f.jpg,C:\Users\mviei\AppData\Local\Temp\aed_nativa\Placas-de-Transito-BR-1\train\images\captura_2023-09-28_15-42-59_png.rf.3e215614ed5a471c1f54713725656f8f.jpg,train,,,0,
captura_2023-09-28_15-43-02_png.rf.f22ba13bf6f9af090eed21c6f399a2dc.jpg,C:\Users\mviei\AppData\Local\Temp\aed_nativa\Placas-de-Transito-BR-1\train\images\captura_2023-09-28_15-43-02_png.rf.f22ba13bf6f9af090eed21c6f399a2dc.jpg,train,,,0,
captura_2023-09-28_15-43-10_png.rf.94fbfcc2f6636f2b059a18bd6c83dade.jpg,C:\Users\mviei\AppData\Local\Temp\aed_nativa\Placas-de-Transito-BR-1\train\images\captura_2023-09-28_15-43-10_png.rf.94fbfcc2f6636f2b059a18bd6c83dade.jpg,train,,,2,39
captura_2023-09-28_15-43-15_png.rf.3284f9c76c6321b25e2697673276cfde.jpg,C:\Users\mviei\AppData\Local\Temp\aed_nativa\Placas-de-Transito-BR-1\train\images\captura_2023-09-28_15-43-15_png.rf.3284f9c76c6321b25e2697673276cfde.jpg,train,1270.0,636.0,1,20
captura_2023-09-28_15-43-18_png.rf.86687aa44b9061168af4332e6dfa9b6a.jpg,C:\Users\mviei\AppData\Local\Temp\aed_nativa\Placas-de-Transito-BR-1\train\images\captura_2023-09-28_15-43-18_png.rf.86687aa44b9061168af4332e6dfa9b6a.jpg,train,,,1,43
captura_2023-09-28_15-43-21_png.rf.618a49bce5383f82b419f83537e91ffa.jpg,C:\Users\mviei\AppData\Local\Temp\aed_nativa\Placas-de-Transito-BR-1\train\images\captura_2023-09-28_15-43-21_png.rf.618a49bce5383f82b419f83537e91ffa.jpg,train,,,0,
captura_2023-09-28_15-43-23_png.rf.ad73b93f68fa5952c5c7ca3e80ee9747.jpg,C:\Users\mviei\AppData\Local\Temp\aed_nativa\Placas-de-Transito-BR-1\train\images\captura_2023-09-28_15-43-23_png.rf.ad73b93f68fa5952c5c7ca3e80ee9747.jpg,train,,,1,48
captura_2023-09-28_15-43-26_png.rf.9359065a0f7dd171484c18f8a4989619.jpg,C:\Users\mviei\AppData\Local\Temp\aed_nativa\Placas-de-Transito-BR-1\train\images\captura_2023-09-28_15-43-26_png.rf.9359065a0f7dd171484c18f8a4989619.jpg,train,,,1,23
captura_2023-09-28_15-43-29_png.rf.45f7760b3595bbd2758b237f2b251774.jpg,C:\Users\mviei\AppData\Local\Temp\aed_nativa\Placas-de-Transito-BR-1\train\images\captura_2023-09-28_15-43-29_png.rf.45f7760b3595bbd2758b237f2b251774.jpg,train,,,0,
captura_2023-09-28_15-43-34_png.rf.d58e070f3e83349f46682b45a5bf5456.jpg,C:\Users\mviei\AppData\Local\Temp\aed_nativa\Placas-de-Transito-BR-1\train\images\captura_2023-09-28_15-43-34_png.rf.d58e070f3e83349f46682b45a5bf5456.jpg,train,,,1,42
captura_2023-09-28_15-43-37_png.rf.e3fca90786c304453107b5ad32018e65.jpg,C:\Users\mviei\AppData\Local\Temp\aed_nativa\Placas-de-Transito-BR-1\train\images\captura_2023-09-28_15-43-37_png.rf.e3fca90786c304453107b5ad32018e65.jpg,train,1270.0,636.0,1,22
captura_2023-09-28_15-43-45_png.rf.73150c2452468c6a3ba70a26683348a5.jpg,C:\Users\mviei\AppData\Local\Temp\aed_nativa\Placas-de-Transito-BR-1\train\images\captura_2023-09-28_15-43-45_png.rf.73150c2452468c6a3ba70a26683348a5.jpg,train,,,1,48
captura_2023-09-28_15-44-11_png.rf.fa8e85d9947d7feb25c4a46a10540c61.jpg,C:\Users\mviei\AppData\Local\Temp\aed_nativa\Placas-de-Transito-BR-1\train\images\captura_2023-09-28_15-44-11_png.rf.fa8e85d9947d7feb25c4a46a10540c61.jpg,train,,,1,48
captura_2023-09-28_15-44-14_png.rf.8800d0663a174c5423c8231d99778509.jpg,C:\Users\mviei\AppData\Local\Temp\aed_nativa\Placas-de-Transito-BR-1\train\images\captura_2023-09-28_15-44-14_png.rf.8800d0663a174c5423c8231d99778509.jpg,train,,,0,
captura_2023-09-28_15-44-17_png.rf.4c627ac4800dc0ed62124678ff034abc.jpg,C:\Users\mviei\AppData\Local\Temp\aed_nativa\Placas-de-Transito-BR-1\train\images\captura_2023-09-28_15-44-17_png.rf.4c627ac4800dc0ed62124678ff034abc.jpg,train,,,1,35
captura_2023-09-28_15-44-19_png.rf.533d61f74f02a42f5d516ebd29a5e581.jpg,C:\Users\mviei\AppData\Local\Temp\aed_nativa\Placas-de-Transito-BR-1\train\images\captura_2023-09-28_15-44-19_png.rf.533d61f74f02a42f5d516ebd29a5e581.jpg,train,,,1,66
captura_2023-09-28_15-44-33_png.rf.cd0093382d8df329204fa111a37c0654.jpg,C:\Users\mviei\AppData\Local\Temp\aed_nativa\Placas-de-Transito-BR-1\train\images\captura_2023-09-28_15-44-33_png.rf.cd0093382d8df329204fa111a37c0654.jpg,train,,,1,48
captura_2023-09-28_15-44-38_png.rf.c11c0710078098deff4fd3371c057203.jpg,C:\Users\mviei\AppData\Local\Temp\aed_nativa\Placas-de-Transito-BR-1\train\images\captura_2023-09-28_15-44-38_png.rf.c11c0710078098deff4fd3371c057203.jpg,train,1270.0,636.0,1,64
captura_2023-09-28_15-44-59_png.rf.3fa35a67f50fc6c91de4831c094a651d.jpg,C:\Users\mviei\AppData\Local\Temp\aed_nativa\Placas-de-Transito-BR-1\train\images\captura_2023-09-28_15-44-59_png.rf.3fa35a67f50fc6c91de4831c094a651d.jpg,train,,,1,20
captura_2023-09-28_15-45-02_png.rf.a96b429906e5e284ee28735eaff7cf1c.jpg,C:\Users\mviei\AppData\Local\Temp\aed_nativa\Placas-de-Transito-BR-1\train\images\captura_2023-09-28_15-45-02_png.rf.a96b429906e5e284ee28735eaff7cf1c.jpg,train,,,1,42
captura_2023-09-28_15-45-29_png.rf.15f4e89899a13c1892575cff8000d339.jpg,C:\Users\mviei\AppData\Local\Temp\aed_nativa\Placas-de-Transito-BR-1\train\images\captura_2023-09-28_15-45-29_png.rf.15f4e89899a13c1892575cff8000d339.jpg,train,,,1,42
captura_2023-09-28_15-45-40_png.rf.11ec72a9a5932a600a92f2bc5ddfe01e.jpg,C:\Users\mviei\AppData\Local\Temp\aed_nativa\Placas-de-Transito-BR-1\train\images\captura_2023-09-28_15-45-40_png.rf.11ec72a9a5932a600a92f2bc5ddfe01e.jpg,train,,,1,20
captura_2023-09-28_15-45-45_png.rf.3040b535aa7c15a6a41d164e0f93e7db.jpg,C:\Users\mviei\AppData\Local\Temp\aed_nativa\Placas-de-Transito-BR-1\train\images\captura_2023-09-28_15-45-45_png.rf.3040b535aa7c15a6a41d164e0f93e7db.jpg,train,,,0,
captura_2023-09-28_15-46-09_png.rf.ae47d2d51f4b030ced19d8534261c40d.jpg,C:\Users\mviei\AppData\Local\Temp\aed_nativa\Placas-de-Transito-BR-1\train\images\captura_2023-09-28_15-46-09_png.rf.ae47d2d51f4b030ced19d8534261c40d.jpg,train,,,0,
captura_2023-09-28_15-46-15_png.rf.07684ce5453175570ef6f9ae14b26363.jpg,C:\Users\mviei\AppData\Local\Temp\aed_nativa\Placas-de-Transito-BR-1\train\images\captura_2023-09-28_15-46-15_png.rf.07684ce5453175570ef6f9ae14b26363.jpg,train,1270.0,636.0,1,43
captura_2023-09-28_15-46-17_png.rf.b7e692f1ad98673c5795bb38cb4697c0.jpg,C:\Users\mviei\AppData\Local\Temp\aed_nativa\Placas-de-Transito-BR-1\train\images\captura_2023-09-28_15-46-17_png.rf.b7e692f1ad98673c5795bb38cb4697c0.jpg,train,,,2,"28,48"
captura_2023-09-28_15-46-20_png.rf.b2cc8ef18504b7a12f5c6a841d8a54c1.jpg,C:\Users\mviei\AppData\Local\Temp\aed_nativa\Placas-de-Transito-BR-1\train\images\captura_2023-09-28_15-46-20_png.rf.b2cc8ef18504b7a12f5c6a841d8a54c1.jpg,train,,,1,43
captura_2023-09-28_15-46-25_png.rf.edf47473073db400219da68a0d3fef9c.jpg,C:\Users\mviei\AppData\Local\Temp\aed_nativa\Placas-de-Transito-BR-1\train\images\captura_2023-09-28_15-46-25_png.rf.edf47473073db400219da68a0d3fef9c.jpg,train,,,1,48
captura_2023-09-28_15-46-28_png.rf.b5480b5732ef9d138a4bdf44ae5b1b43.jpg,C:\Users\mviei\AppData\Local\Temp\aed_nativa\Placas-de-Transito-BR-1\train\images\captura_2023-09-28_15-46-28_png.rf.b5480b5732ef9d138a4bdf44ae5b1b43.jpg,train,,,0,
captura_2023-09-28_15-47-03_png.rf.8659fec6310f61113d30bee24f107e5a.jpg,C:\Users\mviei\AppData\Local\Temp\aed_nativa\Placas-de-Transito-BR-1\train\images\captura_2023-09-28_15-47-03_png.rf.8659fec6310f61113d30bee24f107e5a.jpg,train,,,0,
captura_2023-09-28_15-47-05_png.rf.2b4e329eb982552abdcdaf022e9e758b.jpg,C:\Users\mviei\AppData\Local\Temp\aed_nativa\Placas-de-Transito-BR-1\train\images\captura_2023-09-28_15-47-05_png.rf.2b4e329eb982552abdcdaf022e9e758b.jpg,train,,,0,
captura_2023-09-28_15-47-08_png.rf.dda53914c4cdf696486a5b86ec743adc.jpg,C:\Users\mviei\AppData\Local\Temp\aed_nativa\Placas-de-Transito-BR-1\train\images\captura_2023-09-28_15-47-08_png.rf.dda53914c4cdf696486a5b86ec743adc.jpg,train,1270.0,636.0,0,
captura_2023-09-28_15-47-11_png.rf.78448af93534ba99cf4a1217258a4526.jpg,C:\Users\mviei\AppData\Local\Temp\aed_nativa\Placas-de-Transito-BR-1\train\images\captura_2023-09-28_15-47-11_png.rf.78448af93534ba99cf4a1217258a4526.jpg,train,,,0,
captura_2023-09-28_15-47-21_png.rf.bdbd4ee88adcb85f7a81180a9123b4a8.jpg,C:\Users\mviei\AppData\Local\Temp\aed_nativa\Placas-de-Transito-BR-1\train\images\captura_2023-09-28_15-47-21_png.rf.bdbd4ee88adcb85f7a81180a9123b4a8.jpg,train,,,0,
captura_2023-09-28_15-47-29_png.rf.ff0777b4d3d86f3a617a600fe0b1a317.jpg,C:\Users\mviei\AppData\Local\Temp\aed_nativa\Placas-de-Transito-BR-1\train\images\captura_2023-09-28_15-47-29_png.rf.ff0777b4d3d86f3a617a600fe0b1a317.jpg,train,,,0,
captura_2023-09-28_15-47-32_png.rf.110190c6bae80603357b0201dbcf92dd.jpg,C:\Users\mviei\AppData\Local\Temp\aed_nativa\Placas-de-Transito-BR-1\train\images\captura_2023-09-28_15-47-32_png.rf.110190c6bae80603357b0201dbcf92dd.jpg,train,,,1,19
captura_2023-09-28_15-47-45_png.rf.d2e6c8759a118ecfaa3f63b0b54d248b.jpg,C:\Users\mviei\AppData\Local\Temp\aed_nativa\Placas-de-Transito-BR-1\train\images\captura_2023-09-28_15-47-45_png.rf.d2e6c8759a118ecfaa3f63b0b54d248b.jpg,train,,,1,10
captura_2023-09-28_15-47-48_png.rf.8a98107765f7ad60122ba3dfeee6c121.jpg,C:\Users\mviei\AppData\Local\Temp\aed_nativa\Placas-de-Transito-BR-1\train\images\captura_2023-09-28_15-47-48_png.rf.8a98107765f7ad60122ba3dfeee6c121.jpg,train,,,0,
captura_2023-09-28_15-48-12_png.rf.ad3289c878ee4c6659a63fca5e3bf948.jpg,C:\Users\mviei\AppData\Local\Temp\aed_nativa\Placas-de-Transito-BR-1\train\images\captura_2023-09-28_15-48-12_png.rf.ad3289c878ee4c6659a63fca5e3bf948.jpg,train,1270.0,636.0,1,48
captura_2023-09-28_15-48-30_png.rf.a302aae0f7461da31e44d7f328ec7da5.jpg,C:\Users\mviei\AppData\Local\Temp\aed_nativa\Placas-de-Transito-BR-1\train\images\captura_2023-09-28_15-48-30_png.rf.a302aae0f7461da31e44d7f328ec7da5.jpg,train,,,1,63
captura_2023-09-28_15-48-38_png.rf.c4cae2445da681a47eb8f5346231d1be.jpg,C:\Users\mviei\AppData\Local\Temp\aed_nativa\Placas-de-Transito-BR-1\train\images\captura_2023-09-28_15-48-38_png.rf.c4cae2445da681a47eb8f5346231d1be.jpg,train,,,1,39
captura_2023-09-28_15-48-46_png.rf.ee864ef60e393f9789590b2fd314f41c.jpg,C:\Users\mviei\AppData\Local\Temp\aed_nativa\Placas-de-Transito-BR-1\train\images\captura_2023-09-28_15-48-46_png.rf.ee864ef60e393f9789590b2fd314f41c.jpg,train,,,1,20
captura_2023-09-28_15-48-51_png.rf.ae94b9af12ecf3c62906c5d391287d80.jpg,C:\Users\mviei\AppData\Local\Temp\aed_nativa\Placas-de-Transito-BR-1\train\images\captura_2023-09-28_15-48-51_png.rf.ae94b9af12ecf3c62906c5d391287d80.jpg,train,,,1,39
captura_2023-09-28_15-48-54_png.rf.35371872e0b0fed95c8bc84897e8ce1b.jpg,C:\Users\mviei\AppData\Local\Temp\aed_nativa\Placas-de-Transito-BR-1\train\images\captura_2023-09-28_15-48-54_png.rf.35371872e0b0fed95c8bc84897e8ce1b.jpg,train,,,1,39
captura_2023-09-28_15-49-02_png.rf.f9ea70f478caf85f31eb273166bcab0e.jpg,C:\Users\mviei\AppData\Local\Temp\aed_nativa\Placas-de-Transito-BR-1\train\images\captura_2023-09-28_15-49-02_png.rf.f9ea70f478caf85f31eb273166bcab0e.jpg,train,,,1,39
captura_2023-09-28_15-49-15_png.rf.5f9dd132d14b991c16e120fb2ec5a7f2.jpg,C:\Users\mviei\AppData\Local\Temp\aed_nativa\Placas-de-Transito-BR-1\train\images\captura_2023-09-28_15-49-15_png.rf.5f9dd132d14b991c16e120fb2ec5a7f2.jpg,train,1270.0,636.0,1,9
captura_2023-09-28_15-50-08_png.rf.46177a0dd0a9bcb15e83100818cebe18.jpg,C:\Users\mviei\AppData\Local\Temp\aed_nativa\Placas-de-Transito-BR-1\train\images\captura_2023-09-28_15-50-08_png.rf.46177a0dd0a9bcb15e83100818cebe18.jpg,train,,,0,
captura_2023-09-28_15-50-13_png.rf.cc4fe639118c8f36947ef3300b303447.jpg,C:\Users\mviei\AppData\Local\Temp\aed_nativa\Placas-de-Transito-BR-1\train\images\captura_2023-09-28_15-50-13_png.rf.cc4fe639118c8f36947ef3300b303447.jpg,train,,,2,39
captura_2023-09-28_15-50-36_png.rf.c6b41fed280b545c57af192daccaf114.jpg,C:\Users\mviei\AppData\Local\Temp\aed_nativa\Placas-de-Transito-BR-1\train\images\captura_2023-09-28_15-50-36_png.rf.c6b41fed280b545c57af192daccaf114.jpg,train,,,1,17
captura_2023-09-28_15-50-39_png.rf.1dae1187459af7d23a250dbfee73e463.jpg,C:\Users\mviei\AppData\Local\Temp\aed_nativa\Placas-de-Transito-BR-1\train\images\captura_2023-09-28_15-50-39_png.rf.1dae1187459af7d23a250dbfee73e463.jpg,train,,,1,64
captura_2023-09-28_15-50-42_png.rf.9d9c531a61448b0727591b4647652727.jpg,C:\Users\mviei\AppData\Local\Temp\aed_nativa\Placas-de-Transito-BR-1\train\images\captura_2023-09-28_15-50-42_png.rf.9d9c531a61448b0727591b4647652727.jpg,train,,,1,39
captura_2023-09-28_15-50-49_png.rf.306d981be214708ffa938c7ddf912bf9.jpg,C:\Users\mviei\AppData\Local\Temp\aed_nativa\Placas-de-Transito-BR-1\train\images\captura_2023-09-28_15-50-49_png.rf.306d981be214708ffa938c7ddf912bf9.jpg,train,,,1,39
captura_2023-09-28_15-51-23_png.rf.07aab6f5ff1c7e69ff5db8e5619ec436.jpg,C:\Users\mviei\AppData\Local\Temp\aed_nativa\Placas-de-Transito-BR-1\train\images\captura_2023-09-28_15-51-23_png.rf.07aab6f5ff1c7e69ff5db8e5619ec436.jpg,train,1270.0,636.0,1,8
captura_2023-09-28_15-51-31_png.rf.21ed677020b4cd7d10e82c5e16fd364d.jpg,C:\Users\mviei\AppData\Local\Temp\aed_nativa\Placas-de-Transito-BR-1\train\images\captura_2023-09-28_15-51-31_png.rf.21ed677020b4cd7d10e82c5e16fd364d.jpg,train,,,0,
captura_2023-09-28_15-51-44_png.rf.fd8ddba79c80040d519688b414cc42ed.jpg,C:\Users\mviei\AppData\Local\Temp\aed_nativa\Placas-de-Transito-BR-1\train\images\captura_2023-09-28_15-51-44_png.rf.fd8ddba79c80040d519688b414cc42ed.jpg,train,,,1,34
captura_2023-09-28_15-52-50_png.rf.674edb3902eb2aaba35e83bb605a00b1.jpg,C:\Users\mviei\AppData\Local\Temp\aed_nativa\Placas-de-Transito-BR-1\train\images\captura_2023-09-28_15-52-50_png.rf.674edb3902eb2aaba35e83bb605a00b1.jpg,train,,,1,42
captura_2023-09-28_15-52-55_png.rf.2390877c6879e35a13c7bfd9c4982096.jpg,C:\Users\mviei\AppData\Local\Temp\aed_nativa\Placas-de-Transito-BR-1\train\images\captura_2023-09-28_15-52-55_png.rf.2390877c6879e35a13c7bfd9c4982096.jpg,train,,,1,19
captura_2023-09-28_15-53-12_png.rf.2f55f5c7eb2ecd7ced7db9bbebda4b53.jpg,C:\Users\mviei\AppData\Local\Temp\aed_nativa\Placas-de-Transito-BR-1\train\images\captura_2023-09-28_15-53-12_png.rf.2f55f5c7eb2ecd7ced7db9bbebda4b53.jpg,train,,,0,
captura_2023-09-28_15-53-22_png.rf.8d6772743da83b29e22e052706a830ca.jpg,C:\Users\mviei\AppData\Local\Temp\aed_nativa\Placas-de-Transito-BR-1\train\images\captura_2023-09-28_15-53-22_png.rf.8d6772743da83b29e22e052706a830ca.jpg,train,,,0,
captura_2023-09-28_15-53-30_png.rf.58fda00b15e71422d135960738007269.jpg,C:\Users\mviei\AppData\Local\Temp\aed_nativa\Placas-de-Transito-BR-1\train\images\captura_2023-09-28_15-53-30_png.rf.58fda00b15e71422d135960738007269.jpg,train,1270.0,636.0,1,48
captura_2023-09-28_15-53-40_png.rf.32467d7cc2d7ee055a35ff305b0dd8a6.jpg,C:\Users\mviei\AppData\Local\Temp\aed_nativa\Placas-de-Transito-BR-1\train\images\captura_2023-09-28_15-53-40_png.rf.32467d7cc2d7ee055a35ff305b0dd8a6.jpg,train,,,1,48
captura_2023-09-28_15-53-43_png.rf.7b8e5da445ed6ea3c350a5c7e6873d35.jpg,C:\Users\mviei\AppData\Local\Temp\aed_nativa\Placas-de-Transito-BR-1\train\images\captura_2023-09-28_15-53-43_png.rf.7b8e5da445ed6ea3c350a5c7e6873d35.jpg,train,,,1,8
captura_2023-09-28_15-53-46_png.rf.693da02d0012f8628fcd14e2403d7f7d.jpg,C:\Users\mviei\AppData\Local\Temp\aed_nativa\Placas-de-Transito-BR-1\train\images\captura_2023-09-28_15-53-46_png.rf.693da02d0012f8628fcd14e2403d7f7d.jpg,train,,,1,63
captura_2023-09-28_15-53-54_png.rf.ab587ec02d39e0cfb9570a722f130daa.jpg,C:\Users\mviei\AppData\Local\Temp\aed_nativa\Placas-de-Transito-BR-1\train\images\captura_2023-09-28_15-53-54_png.rf.ab587ec02d39e0cfb9570a722f130daa.jpg,train,,,2,39
captura_2023-09-28_15-53-56_png.rf.12c1fe629ed10607421911463fded1ae.jpg,C:\Users\mviei\AppData\Local\Temp\aed_nativa\Placas-de-Transito-BR-1\train\images\captura_2023-09-28_15-53-56_png.rf.12c1fe629ed10607421911463fded1ae.jpg,train,,,2,"39,48"
captura_2023-09-28_15-53-59_png.rf.6d38859ae53fffb9ab6cbd4334013353.jpg,C:\Users\mviei\AppData\Local\Temp\aed_nativa\Placas-de-Transito-BR-1\train\images\captura_2023-09-28_15-53-59_png.rf.6d38859ae53fffb9ab6cbd4334013353.jpg,train,,,1,39
captura_2023-09-28_15-54-02_png.rf.e0db0cad51f3c45f1560f4269e1f6c9f.jpg,C:\Users\mviei\AppData\Local\Temp\aed_nativa\Placas-de-Transito-BR-1\train\images\captura_2023-09-28_15-54-02_png.rf.e0db0cad51f3c45f1560f4269e1f6c9f.jpg,train,1270.0,636.0,1,57
captura_2023-09-28_15-54-04_png.rf.2d6d005ac60493f7d155fc6c56312ea1.jpg,C:\Users\mviei\AppData\Local\Temp\aed_nativa\Placas-de-Transito-BR-1\train\images\captura_2023-09-28_15-54-04_png.rf.2d6d005ac60493f7d155fc6c56312ea1.jpg,train,,,1,65
captura_2023-09-28_15-54-07_png.rf.e16208c506327d14c2c53d661613e499.jpg,C:\Users\mviei\AppData\Local\Temp\aed_nativa\Placas-de-Transito-BR-1\train\images\captura_2023-09-28_15-54-07_png.rf.e16208c506327d14c2c53d661613e499.jpg,train,,,3,39
captura_2023-09-28_15-54-15_png.rf.10923ad75003f8e53955ca04e6ec16cf.jpg,C:\Users\mviei\AppData\Local\Temp\aed_nativa\Placas-de-Transito-BR-1\train\images\captura_2023-09-28_15-54-15_png.rf.10923ad75003f8e53955ca04e6ec16cf.jpg,train,,,1,43
captura_2023-09-28_15-54-20_png.rf.517531ea15778bc2bf6fcd92077c5b71.jpg,C:\Users\mviei\AppData\Local\Temp\aed_nativa\Placas-de-Transito-BR-1\train\images\captura_2023-09-28_15-54-20_png.rf.517531ea15778bc2bf6fcd92077c5b71.jpg,train,,,1,45
captura_2023-09-28_15-54-55_png.rf.e5ead10cee413739088cbd2d8077be7c.jpg,C:\Users\mviei\AppData\Local\Temp\aed_nativa\Placas-de-Transito-BR-1\train\images\captura_2023-09-28_15-54-55_png.rf.e5ead10cee413739088cbd2d8077be7c.jpg,train,,,1,64
captura_2023-09-28_15-55-13_png.rf.2647f7165168dc951e24f490e226da95.jpg,C:\Users\mviei\AppData\Local\Temp\aed_nativa\Placas-de-Transito-BR-1\train\images\captura_2023-09-28_15-55-13_png.rf.2647f7165168dc951e24f490e226da95.jpg,train,,,1,14
captura_2023-09-28_15-55-29_png.rf.2d7033adcee8ade429d37da73745dc1e.jpg,C:\Users\mviei\AppData\Local\Temp\aed_nativa\Placas-de-Transito-BR-1\train\images\captura_2023-09-28_15-55-29_png.rf.2d7033adcee8ade429d37da73745dc1e.jpg,train,1270.0,636.0,1,46
captura_2023-09-28_15-55-51_png.rf.6bf623b9dbbed2f8db5ba501b891dc03.jpg,C:\Users\mviei\AppData\Local\Temp\aed_nativa\Placas-de-Transito-BR-1\train\images\captura_2023-09-28_15-55-51_png.rf.6bf623b9dbbed2f8db5ba501b891dc03.jpg,train,,,2,39
captura_2023-09-28_15-56-14_png.rf.ce11d8004e608846a62037e5334a2c96.jpg,C:\Users\mviei\AppData\Local\Temp\aed_nativa\Placas-de-Transito-BR-1\train\images\captura_2023-09-28_15-56-14_png.rf.ce11d8004e608846a62037e5334a2c96.jpg,train,,,1,48
captura_2023-09-28_15-56-33_png.rf.b9f1fcc0c13c6664f0ea3046357cd376.jpg,C:\Users\mviei\AppData\Local\Temp\aed_nativa\Placas-de-Transito-BR-1\train\images\captura_2023-09-28_15-56-33_png.rf.b9f1fcc0c13c6664f0ea3046357cd376.jpg,train,,,1,65
captura_2023-09-28_15-57-26_png.rf.83f746abc9a8e5729fa22efd6a7d6488.jpg,C:\Users\mviei\AppData\Local\Temp\aed_nativa\Placas-de-Transito-BR-1\train\images\captura_2023-09-28_15-57-26_png.rf.83f746abc9a8e5729fa22efd6a7d6488.jpg,train,,,1,17
captura_2023-09-28_15-58-10_png.rf.7a1e944c6ff7c66237aae9427ea83f90.jpg,C:\Users\mviei\AppData\Local\Temp\aed_nativa\Placas-de-Transito-BR-1\train\images\captura_2023-09-28_15-58-10_png.rf.7a1e944c6ff7c66237aae9427ea83f90.jpg,train,,,1,37
captura_2023-09-28_15-58-34_png.rf.7c3406fbb0f4ce34c9edd8a70e88942f.jpg,C:\Users\mviei\AppData\Local\Temp\aed_nativa\Placas-de-Transito-BR-1\train\images\captura_2023-09-28_15-58-34_png.rf.7c3406fbb0f4ce34c9edd8a70e88942f.jpg,train,,,3,39
captura_2023-09-28_15-59-06_png.rf.5510263ded691c5d6544b8f485a8d0a5.jpg,C:\Users\mviei\AppData\Local\Temp\aed_nativa\Placas-de-Transito-BR-1\train\images\captura_2023-09-28_15-59-06_png.rf.5510263ded691c5d6544b8f485a8d0a5.jpg,train,1270.0,636.0,1,20
captura_2023-09-28_15-59-56_png.rf.7352aa51c5632db403d1a0fa1194ea36.jpg,C:\Users\mviei\AppData\Local\Temp\aed_nativa\Placas-de-Transito-BR-1\train\images\captura_2023-09-28_15-59-56_png.rf.7352aa51c5632db403d1a0fa1194ea36.jpg,train,,,1,12
captura_2023-09-28_16-00-26_png.rf.bff006af9cccec6fc20ed95cb7cd55a9.jpg,C:\Users\mviei\AppData\Local\Temp\aed_nativa\Placas-de-Transito-BR-1\train\images\captura_2023-09-28_16-00-26_png.rf.bff006af9cccec6fc20ed95cb7cd55a9.jpg,train,,,0,
captura_2023-09-28_16-00-36_png.rf.6d5106f7154c3a4c0d240e2ad83a7a76.jpg,C:\Users\mviei\AppData\Local\Temp\aed_nativa\Placas-de-Transito-BR-1\train\images\captura_2023-09-28_16-00-36_png.rf.6d5106f7154c3a4c0d240e2ad83a7a76.jpg,train,,,1,39
captura_2023-09-28_16-00-39_png.rf.acc7dde5e9e7454572113ecf3c1ae3d0.jpg,C:\Users\mviei\AppData\Local\Temp\aed_nativa\Placas-de-Transito-BR-1\train\images\captura_2023-09-28_16-00-39_png.rf.acc7dde5e9e7454572113ecf3c1ae3d0.jpg,train,,,0,
captura_2023-09-28_16-01-39_png.rf.156cfd457a2fffb2741befe1a57f56db.jpg,C:\Users\mviei\AppData\Local\Temp\aed_nativa\Placas-de-Transito-BR-1\train\images\captura_2023-09-28_16-01-39_png.rf.156cfd457a2fffb2741befe1a57f56db.jpg,train,,,1,19
captura_2023-09-28_16-01-47_png.rf.746a5bf0266cbcaba46c597c55552d3c.jpg,C:\Users\mviei\AppData\Local\Temp\aed_nativa\Placas-de-Transito-BR-1\train\images\captura_2023-09-28_16-01-47_png.rf.746a5bf0266cbcaba46c597c55552d3c.jpg,train,,,1,39
captura_2023-09-28_16-01-53_png.rf.f3df750b550755e705348e388e741843.jpg,C:\Users\mviei\AppData\Local\Temp\aed_nativa\Placas-de-Transito-BR-1\train\images\captura_2023-09-28_16-01-53_png.rf.f3df750b550755e705348e388e741843.jpg,train,1270.0,636.0,1,19
captura_2023-09-28_16-02-24_png.rf.6396f3fa1601bbee33040e5ecb7efa91.jpg,C:\Users\mviei\AppData\Local\Temp\aed_nativa\Placas-de-Transito-BR-1\train\images\captura_2023-09-28_16-02-24_png.rf.6396f3fa1601bbee33040e5ecb7efa91.jpg,train,,,1,39
captura_2023-09-28_16-02-43_png.rf.5beb3706815fca62ea7b9107e09dc95f.jpg,C:\Users\mviei\AppData\Local\Temp\aed_nativa\Placas-de-Transito-BR-1\train\images\captura_2023-09-28_16-02-43_png.rf.5beb3706815fca62ea7b9107e09dc95f.jpg,train,,,1,45
captura_2023-09-28_16-02-48_png.rf.d37bcd3b07cbe3bf4486a0c200bd76e6.jpg,C:\Users\mviei\AppData\Local\Temp\aed_nativa\Placas-de-Transito-BR-1\train\images\captura_2023-09-28_16-02-48_png.rf.d37bcd3b07cbe3bf4486a0c200bd76e6.jpg,train,,,2,"19,35"
captura_2023-09-28_16-02-51_png.rf.0aed80e870895aa8f600f19d92fdcf47.jpg,C:\Users\mviei\AppData\Local\Temp\aed_nativa\Placas-de-Transito-BR-1\train\images\captura_2023-09-28_16-02-51_png.rf.0aed80e870895aa8f600f19d92fdcf47.jpg,train,,,1,35
captura_2023-09-28_16-03-07_png.rf.a94d89c6cc113bc7cb41edb54150672b.jpg,C:\Users\mviei\AppData\Local\Temp\aed_nativa\Placas-de-Transito-BR-1\train\images\captura_2023-09-28_16-03-07_png.rf.a94d89c6cc113bc7cb41edb54150672b.jpg,train,,,1,65
captura_2023-09-28_16-03-20_png.rf.55348e4477341cd0fa916a46b489e7b6.jpg,C:\Users\mviei\AppData\Local\Temp\aed_nativa\Placas-de-Transito-BR-1\train\images\captura_2023-09-28_16-03-20_png.rf.55348e4477341cd0fa916a46b489e7b6.jpg,train,,,0,
captura_2023-09-28_16-03-38_png.rf.a5f82980f28e1ab8dae05d738189bff9.jpg,C:\Users\mviei\AppData\Local\Temp\aed_nativa\Placas-de-Transito-BR-1\train\images\captura_2023-09-28_16-03-38_png.rf.a5f82980f28e1ab8dae05d738189bff9.jpg,train,1270.0,636.0,0,
captura_2023-09-28_16-03-41_png.rf.5b1a8009ef6c099a7fded524d2604350.jpg,C:\Users\mviei\AppData\Local\Temp\aed_nativa\Placas-de-Transito-BR-1\train\images\captura_2023-09-28_16-03-41_png.rf.5b1a8009ef6c099a7fded524d2604350.jpg,train,,,1,45
captura_2023-09-28_16-03-54_png.rf.8e4e9bf6fd24456c61288fdbce6268b7.jpg,C:\Users\mviei\AppData\Local\Temp\aed_nativa\Placas-de-Transito-BR-1\train\images\captura_2023-09-28_16-03-54_png.rf.8e4e9bf6fd24456c61288fdbce6268b7.jpg,train,,,0,
captura_2023-09-28_16-03-56_png.rf.6c99a237e90407ee0bf8681126947f36.jpg,C:\Users\mviei\AppData\Local\Temp\aed_nativa\Placas-de-Transito-BR-1\train\images\captura_2023-09-28_16-03-56_png.rf.6c99a237e90407ee0bf8681126947f36.jpg,train,,,1,39
captura_2023-09-28_16-04-04_png.rf.8107934aae7509ad111d0c19b4d774b1.jpg,C:\Users\mviei\AppData\Local\Temp\aed_nativa\Placas-de-Transito-BR-1\train\images\captura_2023-09-28_16-04-04_png.rf.8107934aae7509ad111d0c19b4d774b1.jpg,train,,,0,
captura_2023-09-28_16-04-07_png.rf.5c043bbb8591902e1464090839c52f3f.jpg,C:\Users\mviei\AppData\Local\Temp\aed_nativa\Placas-de-Transito-BR-1\train\images\captura_2023-09-28_16-04-07_png.rf.5c043bbb8591902e1464090839c52f3f.jpg,train,,,0,
captura_2023-09-28_16-04-23_png.rf.735139e1a295747e9394631fbd665104.jpg,C:\Users\mviei\AppData\Local\Temp\aed_nativa\Placas-de-Transito-BR-1\train\images\captura_2023-09-28_16-04-23_png.rf.735139e1a295747e9394631fbd665104.jpg,train,,,1,49
captura_2023-09-28_16-05-16_png.rf.91c0cd4efba0a3759be060a8957bc675.jpg,C:\Users\mviei\AppData\Local\Temp\aed_nativa\Placas-de-Transito-BR-1\train\images\captura_2023-09-28_16-05-16_png.rf.91c0cd4efba0a3759be060a8957bc675.jpg,train,1270.0,636.0,0,
captura_2023-09-28_16-05-34_png.rf.9a1b1f4664c0d6c7afff65246f255e7c.jpg,C:\Users\mviei\AppData\Local\Temp\aed_nativa\Placas-de-Transito-BR-1\train\images\captura_2023-09-28_16-05-34_png.rf.9a1b1f4664c0d6c7afff65246f255e7c.jpg,train,,,1,35
captura_2023-09-28_16-06-01_png.rf.2322eeda97decfbb43d7a988892b9a4d.jpg,C:\Users\mviei\AppData\Local\Temp\aed_nativa\Placas-de-Transito-BR-1\train\images\captura_2023-09-28_16-06-01_png.rf.2322eeda97decfbb43d7a988892b9a4d.jpg,train,,,2,"19,39"
captura_2023-09-28_16-06-11_png.rf.a244661b692e927e088fc9e8966d92b8.jpg,C:\Users\mviei\AppData\Local\Temp\aed_nativa\Placas-de-Transito-BR-1\train\images\captura_2023-09-28_16-06-11_png.rf.a244661b692e927e088fc9e8966d92b8.jpg,train,,,2,"39,42"
captura_2023-09-28_16-06-24_png.rf.8ed38793d6aa9e8d6c8ca705c48e2673.jpg,C:\Users\mviei\AppData\Local\Temp\aed_nativa\Placas-de-Transito-BR-1\train\images\captura_2023-09-28_16-06-24_png.rf.8ed38793d6aa9e8d6c8ca705c48e2673.jpg,train,,,1,12
captura_2023-09-28_16-06-27_png.rf.82eedb01b05546424d7eba01cee04797.jpg,C:\Users\mviei\AppData\Local\Temp\aed_nativa\Placas-de-Transito-BR-1\train\images\captura_2023-09-28_16-06-27_png.rf.82eedb01b05546424d7eba01cee04797.jpg,train,,,1,57
captura_2023-09-28_16-06-40_png.rf.79abd702db226fafd1a9ac36fdaec008.jpg,C:\Users\mviei\AppData\Local\Temp\aed_nativa\Placas-de-Transito-BR-1\train\images\captura_2023-09-28_16-06-40_png.rf.79abd702db226fafd1a9ac36fdaec008.jpg,train,,,0,
captura_2023-09-28_16-06-59_png.rf.6494b609b0ee88b6e5e51c8d7982f396.jpg,C:\Users\mviei\AppData\Local\Temp\aed_nativa\Placas-de-Transito-BR-1\train\images\captura_2023-09-28_16-06-59_png.rf.6494b609b0ee88b6e5e51c8d7982f396.jpg,train,1270.0,636.0,1,20
captura_2023-09-28_16-07-01_png.rf.d243c7b5d59dec7516a986dff5a182e2.jpg,C:\Users\mviei\AppData\Local\Temp\aed_nativa\Placas-de-Transito-BR-1\train\images\captura_2023-09-28_16-07-01_png.rf.d243c7b5d59dec7516a986dff5a182e2.jpg,train,,,0,
captura_2023-09-28_16-07-04_png.rf.7c92890964aa67a1000d41ceaf4304d3.jpg,C:\Users\mviei\AppData\Local\Temp\aed_nativa\Placas-de-Transito-BR-1\train\images\captura_2023-09-28_16-07-04_png.rf.7c92890964aa67a1000d41ceaf4304d3.jpg,train,,,0,
captura_2023-09-28_16-07-07_png.rf.028b5c42ca4246559c61217b313247e2.jpg,C:\Users\mviei\AppData\Local\Temp\aed_nativa\Placas-de-Transito-BR-1\train\images\captura_2023-09-28_16-07-07_png.rf.028b5c42ca4246559c61217b313247e2.jpg,train,,,0,
captura_2023-09-28_16-07-15_png.rf.835aa02bc858c7fe5a318216d9ae6a26.jpg,C:\Users\mviei\AppData\Local\Temp\aed_nativa\Placas-de-Transito-BR-1\train\images\captura_2023-09-28_16-07-15_png.rf.835aa02bc858c7fe5a318216d9ae6a26.jpg,train,,,1,8
captura_2023-09-28_16-07-17_png.rf.e2d910dfccc49b93e1cb969acdc8dda8.jpg,C:\Users\mviei\AppData\Local\Temp\aed_nativa\Placas-de-Transito-BR-1\train\images\captura_2023-09-28_16-07-17_png.rf.e2d910dfccc49b93e1cb969acdc8dda8.jpg,train,,,0,
captura_2023-09-28_16-07-20_png.rf.f60ff282939b80652519836e168bc6f8.jpg,C:\Users\mviei\AppData\Local\Temp\aed_nativa\Placas-de-Transito-BR-1\train\images\captura_2023-09-28_16-07-20_png.rf.f60ff282939b80652519836e168bc6f8.jpg,train,,,0,
captura_2023-09-28_16-07-22_png.rf.4ce53d1b133f391cda61b92d0406aab9.jpg,C:\Users\mviei\AppData\Local\Temp\aed_nativa\Placas-de-Transito-BR-1\train\images\captura_2023-09-28_16-07-22_png.rf.4ce53d1b133f391cda61b92d0406aab9.jpg,train,1270.0,636.0,0,
captura_2023-09-28_16-07-25_png.rf.a51db826d74091bb7a62d32d9ca2f71a.jpg,C:\Users\mviei\AppData\Local\Temp\aed_nativa\Placas-de-Transito-BR-1\train\images\captura_2023-09-28_16-07-25_png.rf.a51db826d74091bb7a62d32d9ca2f71a.jpg,train,,,0,
captura_2023-09-28_16-07-28_png.rf.aae9a0ff6433ee8c9b25df37a188549e.jpg,C:\Users\mviei\AppData\Local\Temp\aed_nativa\Placas-de-Transito-BR-1\train\images\captura_2023-09-28_16-07-28_png.rf.aae9a0ff6433ee8c9b25df37a188549e.jpg,train,,,2,42
captura_2023-09-28_16-07-33_png.rf.e9b54180d04f15238915188fff51a31f.jpg,C:\Users\mviei\AppData\Local\Temp\aed_nativa\Placas-de-Transito-BR-1\train\images\captura_2023-09-28_16-07-33_png.rf.e9b54180d04f15238915188fff51a31f.jpg,train,,,0,
captura_2023-09-28_16-07-38_png.rf.d41a499fb94dbd4589f31df824ca0828.jpg,C:\Users\mviei\AppData\Local\Temp\aed_nativa\Placas-de-Transito-BR-1\train\images\captura_2023-09-28_16-07-38_png.rf.d41a499fb94dbd4589f31df824ca0828.jpg,train,,,0,
captura_2023-09-28_16-07-41_png.rf.15a62cbe905c71c073a9ce372733f04f.jpg,C:\Users\mviei\AppData\Local\Temp\aed_nativa\Placas-de-Transito-BR-1\train\images\captura_2023-09-28_16-07-41_png.rf.15a62cbe905c71c073a9ce372733f04f.jpg,train,,,1,48
captura_2023-09-28_16-07-44_png.rf.d76cd08e8751ac3902f734bbc35c7b3c.jpg,C:\Users\mviei\AppData\Local\Temp\aed_nativa\Placas-de-Transito-BR-1\train\images\captura_2023-09-28_16-07-44_png.rf.d76cd08e8751ac3902f734bbc35c7b3c.jpg,train,,,0,
captura_2023-09-28_16-07-49_png.rf.75238968cf3d9c8a227f902f73d43156.jpg,C:\Users\mviei\AppData\Local\Temp\aed_nativa\Placas-de-Transito-BR-1\train\images\captura_2023-09-28_16-07-49_png.rf.75238968cf3d9c8a227f902f73d43156.jpg,train,1270.0,636.0,1,20
captura_2023-09-28_16-07-52_png.rf.7b63854505b328f9c96c5e07f0f5d2e9.jpg,C:\Users\mviei\AppData\Local\Temp\aed_nativa\Placas-de-Transito-BR-1\train\images\captura_2023-09-28_16-07-52_png.rf.7b63854505b328f9c96c5e07f0f5d2e9.jpg,train,,,0,
captura_2023-09-28_16-08-02_png.rf.ae495d05aaf642d43ad2c6ec2d96c6d9.jpg,C:\Users\mviei\AppData\Local\Temp\aed_nativa\Placas-de-Transito-BR-1\train\images\captura_2023-09-28_16-08-02_png.rf.ae495d05aaf642d43ad2c6ec2d96c6d9.jpg,train,,,1,20
captura_2023-09-28_16-08-05_png.rf.bdc363b2ba78b619d7a3931fb03784a1.jpg,C:\Users\mviei\AppData\Local\Temp\aed_nativa\Placas-de-Transito-BR-1\train\images\captura_2023-09-28_16-08-05_png.rf.bdc363b2ba78b619d7a3931fb03784a1.jpg,train,,,1,40
captura_2023-09-28_16-08-15_png.rf.90bb2d2ae056d9858703b998bd4f2c34.jpg,C:\Users\mviei\AppData\Local\Temp\aed_nativa\Placas-de-Transito-BR-1\train\images\captura_2023-09-28_16-08-15_png.rf.90bb2d2ae056d9858703b998bd4f2c34.jpg,train,,,1,42
captura_2023-09-28_16-08-18_png.rf.5320601bc92eb75d2a065c3724d5532a.jpg,C:\Users\mviei\AppData\Local\Temp\aed_nativa\Placas-de-Transito-BR-1\train\images\captura_2023-09-28_16-08-18_png.rf.5320601bc92eb75d2a065c3724d5532a.jpg,train,,,1,42
captura_2023-09-28_16-08-21_png.rf.bcbd46748f2412028551172828db63b9.jpg,C:\Users\mviei\AppData\Local\Temp\aed_nativa\Placas-de-Transito-BR-1\train\images\captura_2023-09-28_16-08-21_png.rf.bcbd46748f2412028551172828db63b9.jpg,train,,,1,45
captura_2023-09-28_16-08-29_png.rf.662458121bc4d4d6fdf5dbf4a84524ac.jpg,C:\Users\mviei\AppData\Local\Temp\aed_nativa\Placas-de-Transito-BR-1\train\images\captura_2023-09-28_16-08-29_png.rf.662458121bc4d4d6fdf5dbf4a84524ac.jpg,train,1270.0,636.0,1,42
captura_2023-09-28_16-08-32_png.rf.7c0d44afef86031e214035281a5cb528.jpg,C:\Users\mviei\AppData\Local\Temp\aed_nativa\Placas-de-Transito-BR-1\train\images\captura_2023-09-28_16-08-32_png.rf.7c0d44afef86031e214035281a5cb528.jpg,train,,,1,45
captura_2023-09-28_16-08-42_png.rf.fe3283ede0d86122adc15505bf77b8e9.jpg,C:\Users\mviei\AppData\Local\Temp\aed_nativa\Placas-de-Transito-BR-1\train\images\captura_2023-09-28_16-08-42_png.rf.fe3283ede0d86122adc15505bf77b8e9.jpg,train,,,1,48
captura_2023-09-28_16-08-50_png.rf.3bd1df2f5d06113d0586c2515f295580.jpg,C:\Users\mviei\AppData\Local\Temp\aed_nativa\Placas-de-Transito-BR-1\train\images\captura_2023-09-28_16-08-50_png.rf.3bd1df2f5d06113d0586c2515f295580.jpg,train,,,0,
captura_2023-09-28_16-09-03_png.rf.d06d2d1056115f48b23f1962cf78888c.jpg,C:\Users\mviei\AppData\Local\Temp\aed_nativa\Placas-de-Transito-BR-1\train\images\captura_2023-09-28_16-09-03_png.rf.d06d2d1056115f48b23f1962cf78888c.jpg,train,,,1,9
captura_2023-09-28_16-09-27_png.rf.dbd29052ccaa76ca0f313cae756442ca.jpg,C:\Users\mviei\AppData\Local\Temp\aed_nativa\Placas-de-Transito-BR-1\train\images\captura_2023-09-28_16-09-27_png.rf.dbd29052ccaa76ca0f313cae756442ca.jpg,train,,,1,40
captura_2023-09-28_16-10-15_png.rf.6d012e551517b1bd9449ad422b77ce9a.jpg,C:\Users\mviei\AppData\Local\Temp\aed_nativa\Placas-de-Transito-BR-1\train\images\captura_2023-09-28_16-10-15_png.rf.6d012e551517b1bd9449ad422b77ce9a.jpg,train,,,1,45
captura_2023-09-29_15-43-20_png.rf.c3d088ac1cff9cc258e4c3939bf253c8.jpg,C:\Users\mviei\AppData\Local\Temp\aed_nativa\Placas-de-Transito-BR-1\train\images\captura_2023-09-29_15-43-20_png.rf.c3d088ac1cff9cc258e4c3939bf253c8.jpg,train,1270.0,636.0,0,
captura_2023-09-29_15-43-22_png.rf.2129df64516fe7b8c399cc5552456116.jpg,C:\Users\mviei\AppData\Local\Temp\aed_nativa\Placas-de-Transito-BR-1\train\images\captura_2023-09-29_15-43-22_png.rf.2129df64516fe7b8c399cc5552456116.jpg,train,,,0,
captura_2023-09-29_15-43-23_png.rf.cfac4b4c07cd698362ea5df5ed529764.jpg,C:\Users\mviei\AppData\Local\Temp\aed_nativa\Placas-de-Transito-BR-1\train\images\captura_2023-09-29_15-43-23_png.rf.cfac4b4c07cd698362ea5df5ed529764.jpg,train,,,0,
captura_2023-09-29_15-43-25_png.rf.ba36bfbfb8d0a4ebb5601b4864a8f958.jpg,C:\Users\mviei\AppData\Local\Temp\aed_nativa\Placas-de-Transito-BR-1\train\images\captura_2023-09-29_15-43-25_png.rf.ba36bfbfb8d0a4ebb5601b4864a8f958.jpg,train,,,0,
captura_2023-09-29_15-43-27_png.rf.e03887f429ee0a1955ecd1401d8bca5e.jpg,C:\Users\mviei\AppData\Local\Temp\aed_nativa\Placas-de-Transito-BR-1\train\images\captura_2023-09-29_15-43-27_png.rf.e03887f429ee0a1955ecd1401d8bca5e.jpg,train,,,0,
captura_2023-09-29_15-43-30_png.rf.6f4664fdd6d60e6c8daa8c9090f3ce82.jpg,C:\Users\mviei\AppData\Local\Temp\aed_nativa\Placas-de-Transito-BR-1\train\images\captura_2023-09-29_15-43-30_png.rf.6f4664fdd6d60e6c8daa8c9090f3ce82.jpg,train,,,0,
captura_2023-09-29_15-43-32_png.rf.c3ac09c01e5648c6631d3b9835036be5.jpg,C:\Users\mviei\AppData\Local\Temp\aed_nativa\Placas-de-Transito-BR-1\train\images\captura_2023-09-29_15-43-32_png.rf.c3ac09c01e5648c6631d3b9835036be5.jpg,train,,,1,48
captura_2023-09-29_15-43-34_png.rf.a22d49e47f7ef67de2ef7d07591b5be6.jpg,C:\Users\mviei\AppData\Local\Temp\aed_nativa\Placas-de-Transito-BR-1\train\images\captura_2023-09-29_15-43-34_png.rf.a22d49e47f7ef67de2ef7d07591b5be6.jpg,train,1270.0,636.0,0,
captura_2023-09-29_15-43-37_png.rf.9f80317108d283c76f458849f20479e8.jpg,C:\Users\mviei\AppData\Local\Temp\aed_nativa\Placas-de-Transito-BR-1\train\images\captura_2023-09-29_15-43-37_png.rf.9f80317108d283c76f458849f20479e8.jpg,train,,,0,
captura_2023-09-29_15-43-42_png.rf.1524039bc39b5657b11c369e07f58006.jpg,C:\Users\mviei\AppData\Local\Temp\aed_nativa\Placas-de-Transito-BR-1\train\images\captura_2023-09-29_15-43-42_png.rf.1524039bc39b5657b11c369e07f58006.jpg,train,,,0,
captura_2023-09-29_15-43-44_png.rf.09708dd0dc7a463ed33d8afd995f8109.jpg,C:\Users\mviei\AppData\Local\Temp\aed_nativa\Placas-de-Transito-BR-1\train\images\captura_2023-09-29_15-43-44_png.rf.09708dd0dc7a463ed33d8afd995f8109.jpg,train,,,0,
captura_2023-09-29_15-43-46_png.rf.9a84d84bec967d88911a99c7bd1ea0c7.jpg,C:\Users\mviei\AppData\Local\Temp\aed_nativa\Placas-de-Transito-BR-1\train\images\captura_2023-09-29_15-43-46_png.rf.9a84d84bec967d88911a99c7bd1ea0c7.jpg,train,,,0,
captura_2023-09-29_15-43-49_png.rf.b0ceec28697d7ba8fd185d04f293e3bf.jpg,C:\Users\mviei\AppData\Local\Temp\aed_nativa\Placas-de-Transito-BR-1\train\images\captura_2023-09-29_15-43-49_png.rf.b0ceec28697d7ba8fd185d04f293e3bf.jpg,train,,,0,
captura_2023-09-29_15-43-51_png.rf.3be4e13369af58c98ca3408f5dba4f27.jpg,C:\Users\mviei\AppData\Local\Temp\aed_nativa\Placas-de-Transito-BR-1\train\images\captura_2023-09-29_15-43-51_png.rf.3be4e13369af58c98ca3408f5dba4f27.jpg,train,,,0,
captura_2023-09-29_15-43-52_png.rf.995cd89a3a25b4286a8c7a4842cb9d97.jpg,C:\Users\mviei\AppData\Local\Temp\aed_nativa\Placas-de-Transito-BR-1\train\images\captura_2023-09-29_15-43-52_png.rf.995cd89a3a25b4286a8c7a4842cb9d97.jpg,train,1270.0,636.0,0,
captura_2023-09-29_15-43-56_png.rf.dea1f46daf216a956342963a827451fb.jpg,C:\Users\mviei\AppData\Local\Temp\aed_nativa\Placas-de-Transito-BR-1\train\images\captura_2023-09-29_15-43-56_png.rf.dea1f46daf216a956342963a827451fb.jpg,train,,,0,
captura_2023-09-29_15-43-57_png.rf.ff29321f4d6b8dbf3c12d7138f6547da.jpg,C:\Users\mviei\AppData\Local\Temp\aed_nativa\Placas-de-Transito-BR-1\train\images\captura_2023-09-29_15-43-57_png.rf.ff29321f4d6b8dbf3c12d7138f6547da.jpg,train,,,1,48
captura_2023-09-29_15-43-59_png.rf.c3551e4d19abb2cbffd6d4b35ef77c9e.jpg,C:\Users\mviei\AppData\Local\Temp\aed_nativa\Placas-de-Transito-BR-1\train\images\captura_2023-09-29_15-43-59_png.rf.c3551e4d19abb2cbffd6d4b35ef77c9e.jpg,train,,,0,
captura_2023-09-29_15-44-03_png.rf.e1638ffdfc03e81325616e7a07bbc1dd.jpg,C:\Users\mviei\AppData\Local\Temp\aed_nativa\Placas-de-Transito-BR-1\train\images\captura_2023-09-29_15-44-03_png.rf.e1638ffdfc03e81325616e7a07bbc1dd.jpg,train,,,0,
captura_2023-09-29_15-44-04_png.rf.22c09efecf0b0a66822ea0f3623620f0.jpg,C:\Users\mviei\AppData\Local\Temp\aed_nativa\Placas-de-Transito-BR-1\train\images\captura_2023-09-29_15-44-04_png.rf.22c09efecf0b0a66822ea0f3623620f0.jpg,train,,,0,
captura_2023-09-29_15-44-08_png.rf.ef5be337718714d77d5b206ae00a5a34.jpg,C:\Users\mviei\AppData\Local\Temp\aed_nativa\Placas-de-Transito-BR-1\train\images\captura_2023-09-29_15-44-08_png.rf.ef5be337718714d77d5b206ae00a5a34.jpg,train,,,0,
captura_2023-09-29_15-44-09_png.rf.b497dbb0d6ed3e1b8cc4f1d873fb2642.jpg,C:\Users\mviei\AppData\Local\Temp\aed_nativa\Placas-de-Transito-BR-1\train\images\captura_2023-09-29_15-44-09_png.rf.b497dbb0d6ed3e1b8cc4f1d873fb2642.jpg,train,1270.0,636.0,0,
captura_2023-09-29_15-44-11_png.rf.8ad70c97b597fee7b5d42f91181ee03a.jpg,C:\Users\mviei\AppData\Local\Temp\aed_nativa\Placas-de-Transito-BR-1\train\images\captura_2023-09-29_15-44-11_png.rf.8ad70c97b597fee7b5d42f91181ee03a.jpg,train,,,0,
captura_2023-09-29_15-44-15_png.rf.de9a0bfd70d9975b4ba8100cde9b18c4.jpg,C:\Users\mviei\AppData\Local\Temp\aed_nativa\Placas-de-Transito-BR-1\train\images\captura_2023-09-29_15-44-15_png.rf.de9a0bfd70d9975b4ba8100cde9b18c4.jpg,train,,,0,
captura_2023-09-29_15-44-16_png.rf.3bccd445b62c305d518106125690f3eb.jpg,C:\Users\mviei\AppData\Local\Temp\aed_nativa\Placas-de-Transito-BR-1\train\images\captura_2023-09-29_15-44-16_png.rf.3bccd445b62c305d518106125690f3eb.jpg,train,,,0,
captura_2023-09-29_15-44-18_png.rf.6987f564c1d041d931d70096ca9135bc.jpg,C:\Users\mviei\AppData\Local\Temp\aed_nativa\Placas-de-Transito-BR-1\train\images\captura_2023-09-29_15-44-18_png.rf.6987f564c1d041d931d70096ca9135bc.jpg,train,,,1,39
captura_2023-09-29_15-44-23_png.rf.a79a6b4df3cbf54720c270397e21edfc.jpg,C:\Users\mviei\AppData\Local\Temp\aed_nativa\Placas-de-Transito-BR-1\train\images\captura_2023-09-29_15-44-23_png.rf.a79a6b4df3cbf54720c270397e21edfc.jpg,train,,,0,
captura_2023-09-29_15-44-24_png.rf.cef4b8adaae3231d18257fcf109b7939.jpg,C:\Users\mviei\AppData\Local\Temp\aed_nativa\Placas-de-Transito-BR-1\train\images\captura_2023-09-29_15-44-24_png.rf.cef4b8adaae3231d18257fcf109b7939.jpg,train,,,0,
captura_2023-09-29_15-44-26_png.rf.83c6acc486446a5ba059e906d4baced7.jpg,C:\Users\mviei\AppData\Local\Temp\aed_nativa\Placas-de-Transito-BR-1\train\images\captura_2023-09-29_15-44-26_png.rf.83c6acc486446a5ba059e906d4baced7.jpg,train,1270.0,636.0,1,63
captura_2023-09-29_15-44-28_png.rf.0729ece92c666025a72f61abf2e30035.jpg,C:\Users\mviei\AppData\Local\Temp\aed_nativa\Placas-de-Transito-BR-1\train\images\captura_2023-09-29_15-44-28_png.rf.0729ece92c666025a72f61abf2e30035.jpg,train,,,0,
captura_2023-09-29_15-44-33_png.rf.969712dfc4561e071a97ac422d85abb1.jpg,C:\Users\mviei\AppData\Local\Temp\aed_nativa\Placas-de-Transito-BR-1\train\images\captura_2023-09-29_15-44-33_png.rf.969712dfc4561e071a97ac422d85abb1.jpg,train,,,0,
captura_2023-09-29_15-44-36_png.rf.c01915fee197ba0c175dc0fb7760d1ae.jpg,C:\Users\mviei\AppData\Local\Temp\aed_nativa\Placas-de-Transito-BR-1\train\images\captura_2023-09-29_15-44-36_png.rf.c01915fee197ba0c175dc0fb7760d1ae.jpg,train,,,0,
captura_2023-09-29_15-44-38_png.rf.a458b3413152e54e49529c917a49497f.jpg,C:\Users\mviei\AppData\Local\Temp\aed_nativa\Placas-de-Transito-BR-1\train\images\captura_2023-09-29_15-44-38_png.rf.a458b3413152e54e49529c917a49497f.jpg,train,,,0,
captura_2023-09-29_15-44-40_png.rf.cbc951f214834f2219a96d0f786ad883.jpg,C:\Users\mviei\AppData\Local\Temp\aed_nativa\Placas-de-Transito-BR-1\train\images\captura_2023-09-29_15-44-40_png.rf.cbc951f214834f2219a96d0f786ad883.jpg,train,,,4,"39,49"
captura_2023-09-29_15-44-43_png.rf.c021232afa9b7185824b720125e1788a.jpg,C:\Users\mviei\AppData\Local\Temp\aed_nativa\Placas-de-Transito-BR-1\train\images\captura_2023-09-29_15-44-43_png.rf.c021232afa9b7185824b720125e1788a.jpg,train,,,0,
captura_2023-09-29_15-44-45_png.rf.c4e17338fed94e4dce1f20c3f5be8369.jpg,C:\Users\mviei\AppData\Local\Temp\aed_nativa\Placas-de-Transito-BR-1\train\images\captura_2023-09-29_15-44-45_png.rf.c4e17338fed94e4dce1f20c3f5be8369.jpg,train,1270.0,636.0,0,
captura_2023-09-29_15-44-50_png.rf.f18b3e0100e1b2997eb0ea9bac9638c3.jpg,C:\Users\mviei\AppData\Local\Temp\aed_nativa\Placas-de-Transito-BR-1\train\images\captura_2023-09-29_15-44-50_png.rf.f18b3e0100e1b2997eb0ea9bac9638c3.jpg,train,,,0,
captura_2023-09-29_15-44-52_png.rf.d700965297299ff674d62748bcc8967a.jpg,C:\Users\mviei\AppData\Local\Temp\aed_nativa\Placas-de-Transito-BR-1\train\images\captura_2023-09-29_15-44-52_png.rf.d700965297299ff674d62748bcc8967a.jpg,train,,,0,
captura_2023-09-29_15-44-55_png.rf.97903a0c23c90e38898e27fd10405a7a.jpg,C:\Users\mviei\AppData\Local\Temp\aed_nativa\Placas-de-Transito-BR-1\train\images\captura_2023-09-29_15-44-55_png.rf.97903a0c23c90e38898e27fd10405a7a.jpg,train,,,0,
captura_2023-09-29_15-44-57_png.rf.3a12efddc445945c41d5b04d7b998bdd.jpg,C:\Users\mviei\AppData\Local\Temp\aed_nativa\Placas-de-Transito-BR-1\train\images\captura_2023-09-29_15-44-57_png.rf.3a12efddc445945c41d5b04d7b998bdd.jpg,train,,,1,42
captura_2023-09-29_15-44-59_png.rf.e391fce6b75cba84e1684fee298afdb0.jpg,C:\Users\mviei\AppData\Local\Temp\aed_nativa\Placas-de-Transito-BR-1\train\images\captura_2023-09-29_15-44-59_png.rf.e391fce6b75cba84e1684fee298afdb0.jpg,train,,,0,
captura_2023-09-29_15-45-02_png.rf.a0ab98ff2a293dcdbe10e8f2a7cdff4f.jpg,C:\Users\mviei\AppData\Local\Temp\aed_nativa\Placas-de-Transito-BR-1\train\images\captura_2023-09-29_15-45-02_png.rf.a0ab98ff2a293dcdbe10e8f2a7cdff4f.jpg,train,,,0,
captura_2023-09-29_15-45-04_png.rf.377822cbdb3e0a6836df0880daaf310b.jpg,C:\Users\mviei\AppData\Local\Temp\aed_nativa\Placas-de-Transito-BR-1\train\images\captura_2023-09-29_15-45-04_png.rf.377822cbdb3e0a6836df0880daaf310b.jpg,train,1270.0,636.0,0,
captura_2023-09-29_15-45-05_png.rf.d9039604d1b1e104a9c494c7c048c4c0.jpg,C:\Users\mviei\AppData\Local\Temp\aed_nativa\Placas-de-Transito-BR-1\train\images\captura_2023-09-29_15-45-05_png.rf.d9039604d1b1e104a9c494c7c048c4c0.jpg,train,,,0,
captura_2023-09-29_15-45-07_png.rf.56e9ba1cacef1d14fec4585585b2e7ed.jpg,C:\Users\mviei\AppData\Local\Temp\aed_nativa\Placas-de-Transito-BR-1\train\images\captura_2023-09-29_15-45-07_png.rf.56e9ba1cacef1d14fec4585585b2e7ed.jpg,train,,,1,19
captura_2023-09-29_15-45-09_png.rf.a1fbca070d47d4655e65fb7f1a611f57.jpg,C:\Users\mviei\AppData\Local\Temp\aed_nativa\Placas-de-Transito-BR-1\train\images\captura_2023-09-29_15-45-09_png.rf.a1fbca070d47d4655e65fb7f1a611f57.jpg,train,,,0,
captura_2023-09-29_15-45-11_png.rf.d2b6a94fb8d13d88b088cc7dc84c18e3.jpg,C:\Users\mviei\AppData\Local\Temp\aed_nativa\Placas-de-Transito-BR-1\train\images\captura_2023-09-29_15-45-11_png.rf.d2b6a94fb8d13d88b088cc7dc84c18e3.jpg,train,,,0,
captura_2023-09-29_15-45-21_png.rf.f151b8c9a9f08ea45da1161a76aa6e48.jpg,C:\Users\mviei\AppData\Local\Temp\aed_nativa\Placas-de-Transito-BR-1\train\images\captura_2023-09-29_15-45-21_png.rf.f151b8c9a9f08ea45da1161a76aa6e48.jpg,train,,,1,43
captura_2023-09-29_15-45-24_png.rf.faad3d9a107bef18d1e6ad54df945bd5.jpg,C:\Users\mviei\AppData\Local\Temp\aed_nativa\Placas-de-Transito-BR-1\train\images\captura_2023-09-29_15-45-24_png.rf.faad3d9a107bef18d1e6ad54df945bd5.jpg,train,,,1,42
captura_2023-09-29_15-45-26_png.rf.216d666b4ac02106104be0df4f61761e.jpg,C:\Users\mviei\AppData\Local\Temp\aed_nativa\Placas-de-Transito-BR-1\train\images\captura_2023-09-29_15-45-26_png.rf.216d666b4ac02106104be0df4f61761e.jpg,train,1270.0,636.0,1,38
captura_2023-09-29_15-45-29_png.rf.672acf5a6f05ba971986318a6cdfaf85.jpg,C:\Users\mviei\AppData\Local\Temp\aed_nativa\Placas-de-Transito-BR-1\train\images\captura_2023-09-29_15-45-29_png.rf.672acf5a6f05ba971986318a6cdfaf85.jpg,train,,,1,48
captura_2023-09-29_15-45-31_png.rf.2b903b9749aa7d8265dc59287001a4e3.jpg,C:\Users\mviei\AppData\Local\Temp\aed_nativa\Placas-de-Transito-BR-1\train\images\captura_2023-09-29_15-45-31_png.rf.2b903b9749aa7d8265dc59287001a4e3.jpg,train,,,1,19
captura_2023-09-29_15-45-38_png.rf.d45062db792fb8677fed5fb5d4e27da5.jpg,C:\Users\mviei\AppData\Local\Temp\aed_nativa\Placas-de-Transito-BR-1\train\images\captura_2023-09-29_15-45-38_png.rf.d45062db792fb8677fed5fb5d4e27da5.jpg,train,,,2,"42,66"
captura_2023-09-29_15-45-41_png.rf.1b1f39dffaa2f5e6f2ae3a2f6ac2c7c4.jpg,C:\Users\mviei\AppData\Local\Temp\aed_nativa\Placas-de-Transito-BR-1\train\images\captura_2023-09-29_15-45-41_png.rf.1b1f39dffaa2f5e6f2ae3a2f6ac2c7c4.jpg,train,,,2,"42,46"
captura_2023-09-29_15-45-43_png.rf.f681c7d9b42d0899d63a172f6ae70d4b.jpg,C:\Users\mviei\AppData\Local\Temp\aed_nativa\Placas-de-Transito-BR-1\train\images\captura_2023-09-29_15-45-43_png.rf.f681c7d9b42d0899d63a172f6ae70d4b.jpg,train,,,2,46
captura_2023-09-29_15-45-45_png.rf.591b2459ee6855aa334bf243bce4fcb6.jpg,C:\Users\mviei\AppData\Local\Temp\aed_nativa\Placas-de-Transito-BR-1\train\images\captura_2023-09-29_15-45-45_png.rf.591b2459ee6855aa334bf243bce4fcb6.jpg,train,,,2,46
captura_2023-09-29_15-46-01_png.rf.162811d5a717fa54132013c8de8b267f.jpg,C:\Users\mviei\AppData\Local\Temp\aed_nativa\Placas-de-Transito-BR-1\train\images\captura_2023-09-29_15-46-01_png.rf.162811d5a717fa54132013c8de8b267f.jpg,train,1270.0,636.0,1,42
captura_2023-09-29_15-46-05_png.rf.fc2c0df06a0179be1f74dcef581867ea.jpg,C:\Users\mviei\AppData\Local\Temp\aed_nativa\Placas-de-Transito-BR-1\train\images\captura_2023-09-29_15-46-05_png.rf.fc2c0df06a0179be1f74dcef581867ea.jpg,train,,,1,48
captura_2023-09-29_15-46-08_png.rf.5551a0259fb2281cdf8e50f30fe4656d.jpg,C:\Users\mviei\AppData\Local\Temp\aed_nativa\Placas-de-Transito-BR-1\train\images\captura_2023-09-29_15-46-08_png.rf.5551a0259fb2281cdf8e50f30fe4656d.jpg,train,,,1,53
captura_2023-09-29_15-46-12_png.rf.bdc595b28be08313380633f4765ccfd5.jpg,C:\Users\mviei\AppData\Local\Temp\aed_nativa\Placas-de-Transito-BR-1\train\images\captura_2023-09-29_15-46-12_png.rf.bdc595b28be08313380633f4765ccfd5.jpg,train,,,1,19
captura_2023-09-29_15-46-24_png.rf.d6f2d5c068aadc50b20aeb4d59ce884f.jpg,C:\Users\mviei\AppData\Local\Temp\aed_nativa\Placas-de-Transito-BR-1\train\images\captura_2023-09-29_15-46-24_png.rf.d6f2d5c068aadc50b20aeb4d59ce884f.jpg,train,,,1,12
captura_2023-09-29_15-46-42_png.rf.1ecaee4eb64b6396206e92ce90a2a414.jpg,C:\Users\mviei\AppData\Local\Temp\aed_nativa\Placas-de-Transito-BR-1\train\images\captura_2023-09-29_15-46-42_png.rf.1ecaee4eb64b6396206e92ce90a2a414.jpg,train,,,1,12
captura_2023-09-29_15-46-49_png.rf.b78b57951e494e0f456ac200c2dd3a9b.jpg,C:\Users\mviei\AppData\Local\Temp\aed_nativa\Placas-de-Transito-BR-1\train\images\captura_2023-09-29_15-46-49_png.rf.b78b57951e494e0f456ac200c2dd3a9b.jpg,train,,,1,12
captura_2023-09-29_15-47-08_png.rf.4da0f047bf2112e6f77977b05e3ef7cb.jpg,C:\Users\mviei\AppData\Local\Temp\aed_nativa\Placas-de-Transito-BR-1\train\images\captura_2023-09-29_15-47-08_png.rf.4da0f047bf2112e6f77977b05e3ef7cb.jpg,train,1270.0,636.0,1,63
captura_2023-09-29_15-47-18_png.rf.4c954093c7adba5358002664f8c0e0e2.jpg,C:\Users\mviei\AppData\Local\Temp\aed_nativa\Placas-de-Transito-BR-1\train\images\captura_2023-09-29_15-47-18_png.rf.4c954093c7adba5358002664f8c0e0e2.jpg,train,,,1,39
captura_2023-09-29_15-47-22_png.rf.4c9de074ff1e71af38d85c411fadaaaf.jpg,C:\Users\mviei\AppData\Local\Temp\aed_nativa\Placas-de-Transito-BR-1\train\images\captura_2023-09-29_15-47-22_png.rf.4c9de074ff1e71af38d85c411fadaaaf.jpg,train,,,1,39
captura_2023-09-29_15-47-25_png.rf.966e4f15870f450ac8f08c183f9ec306.jpg,C:\Users\mviei\AppData\Local\Temp\aed_nativa\Placas-de-Transito-BR-1\train\images\captura_2023-09-29_15-47-25_png.rf.966e4f15870f450ac8f08c183f9ec306.jpg,train,,,1,39
captura_2023-09-29_15-47-33_png.rf.9096b0657b0c697b022ae0af0eab429d.jpg,C:\Users\mviei\AppData\Local\Temp\aed_nativa\Placas-de-Transito-BR-1\train\images\captura_2023-09-29_15-47-33_png.rf.9096b0657b0c697b022ae0af0eab429d.jpg,train,,,0,
captura_2023-09-29_15-47-36_png.rf.69d8a684c4c67fa724767ed5c33abd6f.jpg,C:\Users\mviei\AppData\Local\Temp\aed_nativa\Placas-de-Transito-BR-1\train\images\captura_2023-09-29_15-47-36_png.rf.69d8a684c4c67fa724767ed5c33abd6f.jpg,train,,,1,48
captura_2023-09-29_15-47-38_png.rf.6690a5b5977f07cea65be76467fe00a6.jpg,C:\Users\mviei\AppData\Local\Temp\aed_nativa\Placas-de-Transito-BR-1\train\images\captura_2023-09-29_15-47-38_png.rf.6690a5b5977f07cea65be76467fe00a6.jpg,train,,,1,8
captura_2023-09-29_15-47-43_png.rf.fe565ae043e0d4bded9d31ab066af1c4.jpg,C:\Users\mviei\AppData\Local\Temp\aed_nativa\Placas-de-Transito-BR-1\train\images\captura_2023-09-29_15-47-43_png.rf.fe565ae043e0d4bded9d31ab066af1c4.jpg,train,1270.0,636.0,2,39
captura_2023-09-29_15-47-46_png.rf.33b9be7623028877ce3a75e5f37980cc.jpg,C:\Users\mviei\AppData\Local\Temp\aed_nativa\Placas-de-Transito-BR-1\train\images\captura_2023-09-29_15-47-46_png.rf.33b9be7623028877ce3a75e5f37980cc.jpg,train,,,2,"39,40"
captura_2023-09-29_15-47-54_png.rf.354181eded025c3d547a81fa870dfc95.jpg,C:\Users\mviei\AppData\Local\Temp\aed_nativa\Placas-de-Transito-BR-1\train\images\captura_2023-09-29_15-47-54_png.rf.354181eded025c3d547a81fa870dfc95.jpg,train,,,1,14
captura_2023-09-29_15-48-07_png.rf.5b9af26de30aafa8503d637bfacd6b31.jpg,C:\Users\mviei\AppData\Local\Temp\aed_nativa\Placas-de-Transito-BR-1\train\images\captura_2023-09-29_15-48-07_png.rf.5b9af26de30aafa8503d637bfacd6b31.jpg,train,,,1,37
captura_2023-09-29_15-48-11_png.rf.b04beb98e1d08d336023e617a3dffda3.jpg,C:\Users\mviei\AppData\Local\Temp\aed_nativa\Placas-de-Transito-BR-1\train\images\captura_2023-09-29_15-48-11_png.rf.b04beb98e1d08d336023e617a3dffda3.jpg,train,,,1,11
captura_2023-09-29_15-48-16_png.rf.99440c4cfb2015b40e9b48d259e82b3c.jpg,C:\Users\mviei\AppData\Local\Temp\aed_nativa\Placas-de-Transito-BR-1\train\images\captura_2023-09-29_15-48-16_png.rf.99440c4cfb2015b40e9b48d259e82b3c.jpg,train,,,1,53
captura_2023-09-29_15-48-46_png.rf.23ec94ede53f1a16b2b937903f49335d.jpg,C:\Users\mviei\AppData\Local\Temp\aed_nativa\Placas-de-Transito-BR-1\train\images\captura_2023-09-29_15-48-46_png.rf.23ec94ede53f1a16b2b937903f49335d.jpg,train,,,0,
captura_2023-09-29_15-48-59_png.rf.00834e88d46feeb70a93ab503c7e4df2.jpg,C:\Users\mviei\AppData\Local\Temp\aed_nativa\Placas-de-Transito-BR-1\train\images\captura_2023-09-29_15-48-59_png.rf.00834e88d46feeb70a93ab503c7e4df2.jpg,train,1270.0,636.0,0,
captura_2023-09-29_15-49-10_png.rf.0e1459aced9b19ed5669bb682cec839c.jpg,C:\Users\mviei\AppData\Local\Temp\aed_nativa\Placas-de-Transito-BR-1\train\images\captura_2023-09-29_15-49-10_png.rf.0e1459aced9b19ed5669bb682cec839c.jpg,train,,,0,
captura_2023-09-29_15-49-12_png.rf.37da04e7e6d8123b2fe57e9fbcb38633.jpg,C:\Users\mviei\AppData\Local\Temp\aed_nativa\Placas-de-Transito-BR-1\train\images\captura_2023-09-29_15-49-12_png.rf.37da04e7e6d8123b2fe57e9fbcb38633.jpg,train,,,1,48
captura_2023-09-29_15-49-15_png.rf.01c048cf8d661026added85568fa1f28.jpg,C:\Users\mviei\AppData\Local\Temp\aed_nativa\Placas-de-Transito-BR-1\train\images\captura_2023-09-29_15-49-15_png.rf.01c048cf8d661026added85568fa1f28.jpg,train,,,1,65
captura_2023-09-29_15-49-17_png.rf.3d20ac59ea5ba5891e4928bdb2afaa11.jpg,C:\Users\mviei\AppData\Local\Temp\aed_nativa\Placas-de-Transito-BR-1\train\images\captura_2023-09-29_15-49-17_png.rf.3d20ac59ea5ba5891e4928bdb2afaa11.jpg,train,,,1,48
captura_2023-09-29_15-49-20_png.rf.a8e817bc2600fd8bb6b50c923dd80479.jpg,C:\Users\mviei\AppData\Local\Temp\aed_nativa\Placas-de-Transito-BR-1\train\images\captura_2023-09-29_15-49-20_png.rf.a8e817bc2600fd8bb6b50c923dd80479.jpg,train,,,0,
captura_2023-09-29_15-49-22_png.rf.6f0a8cdb798788ccf42aab6a8eebc66f.jpg,C:\Users\mviei\AppData\Local\Temp\aed_nativa\Placas-de-Transito-BR-1\train\images\captura_2023-09-29_15-49-22_png.rf.6f0a8cdb798788ccf42aab6a8eebc66f.jpg,train,,,1,43
captura_2023-09-29_15-49-46_png.rf.440701996f914ee0d23bc371a7849bc8.jpg,C:\Users\mviei\AppData\Local\Temp\aed_nativa\Placas-de-Transito-BR-1\train\images\captura_2023-09-29_15-49-46_png.rf.440701996f914ee0d23bc371a7849bc8.jpg,train,1270.0,636.0,1,48
captura_2023-09-29_15-49-51_png.rf.3119f8bcdd900d9852bc9090e597514d.jpg,C:\Users\mviei\AppData\Local\Temp\aed_nativa\Placas-de-Transito-BR-1\train\images\captura_2023-09-29_15-49-51_png.rf.3119f8bcdd900d9852bc9090e597514d.jpg,train,,,1,20
captura_2023-09-29_15-49-57_png.rf.6ec48dc8dd7d5be23c4bec58a008752c.jpg,C:\Users\mviei\AppData\Local\Temp\aed_nativa\Placas-de-Transito-BR-1\train\images\captura_2023-09-29_15-49-57_png.rf.6ec48dc8dd7d5be23c4bec58a008752c.jpg,train,,,1,35
captura_2023-09-29_15-49-59_png.rf.50c7ac863b62d1c90236ff38c028bfaa.jpg,C:\Users\mviei\AppData\Local\Temp\aed_nativa\Placas-de-Transito-BR-1\train\images\captura_2023-09-29_15-49-59_png.rf.50c7ac863b62d1c90236ff38c028bfaa.jpg,train,,,1,48
captura_2023-09-29_15-50-05_png.rf.bf18b5ecdf19226cc066c4a7d42b4fca.jpg,C:\Users\mviei\AppData\Local\Temp\aed_nativa\Placas-de-Transito-BR-1\train\images\captura_2023-09-29_15-50-05_png.rf.bf18b5ecdf19226cc066c4a7d42b4fca.jpg,train,,,1,35
captura_2023-09-29_15-50-19_png.rf.a2160fb885f81d22f617d7559b8e6e77.jpg,C:\Users\mviei\AppData\Local\Temp\aed_nativa\Placas-de-Transito-BR-1\train\images\captura_2023-09-29_15-50-19_png.rf.a2160fb885f81d22f617d7559b8e6e77.jpg,train,,,2,"65,66"
captura_2023-09-29_15-50-22_png.rf.def3428a452dd5653ea10909bcd3a7ac.jpg,C:\Users\mviei\AppData\Local\Temp\aed_nativa\Placas-de-Transito-BR-1\train\images\captura_2023-09-29_15-50-22_png.rf.def3428a452dd5653ea10909bcd3a7ac.jpg,train,,,2,39
captura_2023-09-29_15-50-24_png.rf.377fff303a8eb88cb7768cfdd1b483cc.jpg,C:\Users\mviei\AppData\Local\Temp\aed_nativa\Placas-de-Transito-BR-1\train\images\captura_2023-09-29_15-50-24_png.rf.377fff303a8eb88cb7768cfdd1b483cc.jpg,train,1270.0,636.0,2,39
captura_2023-09-29_15-50-34_png.rf.5d0d20922fdb67d7ee16b6474bdb627f.jpg,C:\Users\mviei\AppData\Local\Temp\aed_nativa\Placas-de-Transito-BR-1\train\images\captura_2023-09-29_15-50-34_png.rf.5d0d20922fdb67d7ee16b6474bdb627f.jpg,train,,,1,66
captura_2023-09-29_15-50-36_png.rf.65c87289e04b2a760adcce162aff138b.jpg,C:\Users\mviei\AppData\Local\Temp\aed_nativa\Placas-de-Transito-BR-1\train\images\captura_2023-09-29_15-50-36_png.rf.65c87289e04b2a760adcce162aff138b.jpg,train,,,1,65
captura_2023-09-29_15-50-47_png.rf.7c3aada8ffaa055dd9418fa47d4820af.jpg,C:\Users\mviei\AppData\Local\Temp\aed_nativa\Placas-de-Transito-BR-1\train\images\captura_2023-09-29_15-50-47_png.rf.7c3aada8ffaa055dd9418fa47d4820af.jpg,train,,,1,1
captura_2023-09-29_15-50-59_png.rf.a4d9ee918cd010f5410e7f2e20b7278b.jpg,C:\Users\mviei\AppData\Local\Temp\aed_nativa\Placas-de-Transito-BR-1\train\images\captura_2023-09-29_15-50-59_png.rf.a4d9ee918cd010f5410e7f2e20b7278b.jpg,train,,,1,35
captura_2023-09-29_15-51-02_png.rf.63ca00a4b6bc3f12fa416c8d9110d3c0.jpg,C:\Users\mviei\AppData\Local\Temp\aed_nativa\Placas-de-Transito-BR-1\train\images\captura_2023-09-29_15-51-02_png.rf.63ca00a4b6bc3f12fa416c8d9110d3c0.jpg,train,,,1,63
captura_2023-09-29_15-51-12_png.rf.b99002739d8ce97bb63c94b30f5f73c9.jpg,C:\Users\mviei\AppData\Local\Temp\aed_nativa\Placas-de-Transito-BR-1\train\images\captura_2023-09-29_15-51-12_png.rf.b99002739d8ce97bb63c94b30f5f73c9.jpg,train,,,0,
captura_2023-09-29_15-51-21_png.rf.fa497b0898ca814e0b906aad8457b7c0.jpg,C:\Users\mviei\AppData\Local\Temp\aed_nativa\Placas-de-Transito-BR-1\train\images\captura_2023-09-29_15-51-21_png.rf.fa497b0898ca814e0b906aad8457b7c0.jpg,train,1270.0,636.0,1,39
captura_2023-09-29_15-51-24_png.rf.22b1950017658a1cc2f035ddfb4d26e3.jpg,C:\Users\mviei\AppData\Local\Temp\aed_nativa\Placas-de-Transito-BR-1\train\images\captura_2023-09-29_15-51-24_png.rf.22b1950017658a1cc2f035ddfb4d26e3.jpg,train,,,1,36
captura_2023-09-29_15-51-31_png.rf.3e51d2cc2f21655d9912e1e7c8a28817.jpg,C:\Users\mviei\AppData\Local\Temp\aed_nativa\Placas-de-Transito-BR-1\train\images\captura_2023-09-29_15-51-31_png.rf.3e51d2cc2f21655d9912e1e7c8a28817.jpg,train,,,1,39
captura_2023-09-29_15-51-40_png.rf.e07d9c0f556c555f941cf8c5001cfc79.jpg,C:\Users\mviei\AppData\Local\Temp\aed_nativa\Placas-de-Transito-BR-1\train\images\captura_2023-09-29_15-51-40_png.rf.e07d9c0f556c555f941cf8c5001cfc79.jpg,train,,,1,39
captura_2023-09-29_15-51-45_png.rf.bf81eca25c06d19f0c437f30fe1c9a7e.jpg,C:\Users\mviei\AppData\Local\Temp\aed_nativa\Placas-de-Transito-BR-1\train\images\captura_2023-09-29_15-51-45_png.rf.bf81eca25c06d19f0c437f30fe1c9a7e.jpg,train,,,1,37
captura_2023-09-29_15-51-52_png.rf.2b68110f14ee2ecbeffa5302a6b7be27.jpg,C:\Users\mviei\AppData\Local\Temp\aed_nativa\Placas-de-Transito-BR-1\train\images\captura_2023-09-29_15-51-52_png.rf.2b68110f14ee2ecbeffa5302a6b7be27.jpg,train,,,1,20
captura_2023-09-29_15-52-17_png.rf.744ed5182f4bfed657ee44edc315d31b.jpg,C:\Users\mviei\AppData\Local\Temp\aed_nativa\Placas-de-Transito-BR-1\train\images\captura_2023-09-29_15-52-17_png.rf.744ed5182f4bfed657ee44edc315d31b.jpg,train,,,0,
captura_2023-09-29_15-52-19_png.rf.8fca18b012471920ac6763e430c2a559.jpg,C:\Users\mviei\AppData\Local\Temp\aed_nativa\Placas-de-Transito-BR-1\train\images\captura_2023-09-29_15-52-19_png.rf.8fca18b012471920ac6763e430c2a559.jpg,train,1270.0,636.0,1,63
captura_2023-09-29_15-52-20_png.rf.91d32cdc11a7cbf442309ea3d2271387.jpg,C:\Users\mviei\AppData\Local\Temp\aed_nativa\Placas-de-Transito-BR-1\train\images\captura_2023-09-29_15-52-20_png.rf.91d32cdc11a7cbf442309ea3d2271387.jpg,train,,,1,63
captura_2023-09-29_15-52-58_png.rf.ba3471adadcc782e91fafed7a7c3cfcd.jpg,C:\Users\mviei\AppData\Local\Temp\aed_nativa\Placas-de-Transito-BR-1\train\images\captura_2023-09-29_15-52-58_png.rf.ba3471adadcc782e91fafed7a7c3cfcd.jpg,train,,,1,39
captura_2023-09-29_15-53-00_png.rf.1369ab9f85d0350228608ae3cde4f05d.jpg,C:\Users\mviei\AppData\Local\Temp\aed_nativa\Placas-de-Transito-BR-1\train\images\captura_2023-09-29_15-53-00_png.rf.1369ab9f85d0350228608ae3cde4f05d.jpg,train,,,1,39
captura_2023-09-29_15-53-02_png.rf.dede0e22c8595003c401ce95a2992085.jpg,C:\Users\mviei\AppData\Local\Temp\aed_nativa\Placas-de-Transito-BR-1\train\images\captura_2023-09-29_15-53-02_png.rf.dede0e22c8595003c401ce95a2992085.jpg,train,,,1,39
captura_2023-09-29_15-53-05_png.rf.398ae008245f18ed5b191968daf52de4.jpg,C:\Users\mviei\AppData\Local\Temp\aed_nativa\Placas-de-Transito-BR-1\train\images\captura_2023-09-29_15-53-05_png.rf.398ae008245f18ed5b191968daf52de4.jpg,train,,,1,39
captura_2023-09-29_15-53-08_png.rf.ea1ff61dd8ec6c6027fe95d7344b2535.jpg,C:\Users\mviei\AppData\Local\Temp\aed_nativa\Placas-de-Transito-BR-1\train\images\captura_2023-09-29_15-53-08_png.rf.ea1ff61dd8ec6c6027fe95d7344b2535.jpg,train,,,1,39
captura_2023-09-29_15-53-10_png.rf.3efa6f58dde652422b761d58c87a28da.jpg,C:\Users\mviei\AppData\Local\Temp\aed_nativa\Placas-de-Transito-BR-1\train\images\captura_2023-09-29_15-53-10_png.rf.3efa6f58dde652422b761d58c87a28da.jpg,train,1270.0,636.0,1,39
captura_2023-09-29_15-53-23_png.rf.a5cee973183c46d5c5521e42b2df9b5b.jpg,C:\Users\mviei\AppData\Local\Temp\aed_nativa\Placas-de-Transito-BR-1\train\images\captura_2023-09-29_15-53-23_png.rf.a5cee973183c46d5c5521e42b2df9b5b.jpg,train,,,1,65
captura_2023-09-29_15-53-29_png.rf.ff036439c69e007a938996b23e068fd7.jpg,C:\Users\mviei\AppData\Local\Temp\aed_nativa\Placas-de-Transito-BR-1\train\images\captura_2023-09-29_15-53-29_png.rf.ff036439c69e007a938996b23e068fd7.jpg,train,,,1,9
captura_2023-09-29_15-53-31_png.rf.5b46cc6cecad95f4841165dd0e784809.jpg,C:\Users\mviei\AppData\Local\Temp\aed_nativa\Placas-de-Transito-BR-1\train\images\captura_2023-09-29_15-53-31_png.rf.5b46cc6cecad95f4841165dd0e784809.jpg,train,,,1,48
captura_2023-09-29_15-53-39_png.rf.8374c6e10a1a09daee58e7419d944651.jpg,C:\Users\mviei\AppData\Local\Temp\aed_nativa\Placas-de-Transito-BR-1\train\images\captura_2023-09-29_15-53-39_png.rf.8374c6e10a1a09daee58e7419d944651.jpg,train,,,1,39
captura_2023-09-29_15-53-47_png.rf.c091e725149443738ce7a56ca60b9428.jpg,C:\Users\mviei\AppData\Local\Temp\aed_nativa\Placas-de-Transito-BR-1\train\images\captura_2023-09-29_15-53-47_png.rf.c091e725149443738ce7a56ca60b9428.jpg,train,,,0,
captura_2023-09-29_15-53-57_png.rf.b4ed567491ba7063bd591e628c8d96d9.jpg,C:\Users\mviei\AppData\Local\Temp\aed_nativa\Placas-de-Transito-BR-1\train\images\captura_2023-09-29_15-53-57_png.rf.b4ed567491ba7063bd591e628c8d96d9.jpg,train,,,1,26
captura_2023-09-29_15-53-59_png.rf.1a5597eaa91f12ec918f3cef8721df5b.jpg,C:\Users\mviei\AppData\Local\Temp\aed_nativa\Placas-de-Transito-BR-1\train\images\captura_2023-09-29_15-53-59_png.rf.1a5597eaa91f12ec918f3cef8721df5b.jpg,train,1270.0,636.0,1,39
captura_2023-09-29_15-54-02_png.rf.33f3a6a208c8fb7c73ae0916dd089e7e.jpg,C:\Users\mviei\AppData\Local\Temp\aed_nativa\Placas-de-Transito-BR-1\train\images\captura_2023-09-29_15-54-02_png.rf.33f3a6a208c8fb7c73ae0916dd089e7e.jpg,train,,,1,39
captura_2023-09-29_15-54-05_png.rf.eea439a766d382530deae8884ca5aca3.jpg,C:\Users\mviei\AppData\Local\Temp\aed_nativa\Placas-de-Transito-BR-1\train\images\captura_2023-09-29_15-54-05_png.rf.eea439a766d382530deae8884ca5aca3.jpg,train,,,1,20
captura_2023-09-29_15-54-17_png.rf.c3d0351289a5d11ccf8f6a182e01c4ca.jpg,C:\Users\mviei\AppData\Local\Temp\aed_nativa\Placas-de-Transito-BR-1\train\images\captura_2023-09-29_15-54-17_png.rf.c3d0351289a5d11ccf8f6a182e01c4ca.jpg,train,,,0,
captura_2023-09-29_15-54-30_png.rf.9f5f265e73841903c9aa186a17cc1062.jpg,C:\Users\mviei\AppData\Local\Temp\aed_nativa\Placas-de-Transito-BR-1\train\images\captura_2023-09-29_15-54-30_png.rf.9f5f265e73841903c9aa186a17cc1062.jpg,train,,,1,20
captura_2023-09-29_15-54-32_png.rf.4ad3bad502bcf17abbed316761a4b345.jpg,C:\Users\mviei\AppData\Local\Temp\aed_nativa\Placas-de-Transito-BR-1\train\images\captura_2023-09-29_15-54-32_png.rf.4ad3bad502bcf17abbed316761a4b345.jpg,train,,,1,63
captura_2023-09-29_15-54-55_png.rf.b344aafe977ed6c512bc9d5e3ad96b34.jpg,C:\Users\mviei\AppData\Local\Temp\aed_nativa\Placas-de-Transito-BR-1\train\images\captura_2023-09-29_15-54-55_png.rf.b344aafe977ed6c512bc9d5e3ad96b34.jpg,train,,,1,40
captura_2023-09-29_15-55-04_png.rf.b2fb98e2f041e8844a01d889590d0e79.jpg,C:\Users\mviei\AppData\Local\Temp\aed_nativa\Placas-de-Transito-BR-1\train\images\captura_2023-09-29_15-55-04_png.rf.b2fb98e2f041e8844a01d889590d0e79.jpg,train,1270.0,636.0,1,39
captura_2023-09-29_15-55-06_png.rf.775988a299f9090ac90508a6248342cf.jpg,C:\Users\mviei\AppData\Local\Temp\aed_nativa\Placas-de-Transito-BR-1\train\images\captura_2023-09-29_15-55-06_png.rf.775988a299f9090ac90508a6248342cf.jpg,train,,,2,"39,48"
captura_2023-09-29_15-55-07_png.rf.aea5895aa3d10ae01ba3c8f9c89c69c0.jpg,C:\Users\mviei\AppData\Local\Temp\aed_nativa\Placas-de-Transito-BR-1\train\images\captura_2023-09-29_15-55-07_png.rf.aea5895aa3d10ae01ba3c8f9c89c69c0.jpg,train,,,2,"39,48"
captura_2023-09-29_15-55-09_png.rf.1704ff4436f9db56c74fda7e1ad70319.jpg,C:\Users\mviei\AppData\Local\Temp\aed_nativa\Placas-de-Transito-BR-1\train\images\captura_2023-09-29_15-55-09_png.rf.1704ff4436f9db56c74fda7e1ad70319.jpg,train,,,1,39
captura_2023-09-29_15-55-12_png.rf.6a32a62d614518d6eda3d94280be57ea.jpg,C:\Users\mviei\AppData\Local\Temp\aed_nativa\Placas-de-Transito-BR-1\train\images\captura_2023-09-29_15-55-12_png.rf.6a32a62d614518d6eda3d94280be57ea.jpg,train,,,0,
captura_2023-09-29_15-55-15_png.rf.937ba6664d0f4ca08015dbc359c8eaf3.jpg,C:\Users\mviei\AppData\Local\Temp\aed_nativa\Placas-de-Transito-BR-1\train\images\captura_2023-09-29_15-55-15_png.rf.937ba6664d0f4ca08015dbc359c8eaf3.jpg,train,,,1,39
captura_2023-09-29_15-55-17_png.rf.e4e5481643174bfcf10d269c12460c17.jpg,C:\Users\mviei\AppData\Local\Temp\aed_nativa\Placas-de-Transito-BR-1\train\images\captura_2023-09-29_15-55-17_png.rf.e4e5481643174bfcf10d269c12460c17.jpg,train,,,1,67
captura_2023-09-29_15-55-25_png.rf.a16e26212edd989026f294c4e0d53721.jpg,C:\Users\mviei\AppData\Local\Temp\aed_nativa\Placas-de-Transito-BR-1\train\images\captura_2023-09-29_15-55-25_png.rf.a16e26212edd989026f294c4e0d53721.jpg,train,1270.0,636.0,1,63
captura_2023-09-29_15-55-33_png.rf.3ef897f2610f85d8030275a481928f33.jpg,C:\Users\mviei\AppData\Local\Temp\aed_nativa\Placas-de-Transito-BR-1\train\images\captura_2023-09-29_15-55-33_png.rf.3ef897f2610f85d8030275a481928f33.jpg,train,,,2,39
captura_2023-09-29_15-55-35_png.rf.0ead8bb355b03e7590c546bce7642063.jpg,C:\Users\mviei\AppData\Local\Temp\aed_nativa\Placas-de-Transito-BR-1\train\images\captura_2023-09-29_15-55-35_png.rf.0ead8bb355b03e7590c546bce7642063.jpg,train,,,1,39
captura_2023-09-29_15-55-38_png.rf.5939a80aeef846b2eb62d914ea69a6ff.jpg,C:\Users\mviei\AppData\Local\Temp\aed_nativa\Placas-de-Transito-BR-1\train\images\captura_2023-09-29_15-55-38_png.rf.5939a80aeef846b2eb62d914ea69a6ff.jpg,train,,,0,
captura_2023-09-29_15-55-46_png.rf.eed41f42c1c0990757dc9e94c7d1c474.jpg,C:\Users\mviei\AppData\Local\Temp\aed_nativa\Placas-de-Transito-BR-1\train\images\captura_2023-09-29_15-55-46_png.rf.eed41f42c1c0990757dc9e94c7d1c474.jpg,train,,,1,66
captura_2023-09-29_15-55-49_png.rf.468fcc7dba85fbc61194fc843d9d7a11.jpg,C:\Users\mviei\AppData\Local\Temp\aed_nativa\Placas-de-Transito-BR-1\train\images\captura_2023-09-29_15-55-49_png.rf.468fcc7dba85fbc61194fc843d9d7a11.jpg,train,,,1,40
captura_2023-09-29_15-55-51_png.rf.fffa893593a022717e5a0f986dfe84e4.jpg,C:\Users\mviei\AppData\Local\Temp\aed_nativa\Placas-de-Transito-BR-1\train\images\captura_2023-09-29_15-55-51_png.rf.fffa893593a022717e5a0f986dfe84e4.jpg,train,,,4,"39,40"
captura_2023-09-29_15-56-21_png.rf.dd77bc3a65646a781f60976b4b672d77.jpg,C:\Users\mviei\AppData\Local\Temp\aed_nativa\Placas-de-Transito-BR-1\train\images\captura_2023-09-29_15-56-21_png.rf.dd77bc3a65646a781f60976b4b672d77.jpg,train,1270.0,636.0,2,"36,39"
captura_2023-09-29_15-56-23_png.rf.26d83f766a021041584ddf887cd938bd.jpg,C:\Users\mviei\AppData\Local\Temp\aed_nativa\Placas-de-Transito-BR-1\train\images\captura_2023-09-29_15-56-23_png.rf.26d83f766a021041584ddf887cd938bd.jpg,train,,,2,39
captura_2023-09-29_15-56-24_png.rf.d49b768dd49a70087992ddde100504a6.jpg,C:\Users\mviei\AppData\Local\Temp\aed_nativa\Placas-de-Transito-BR-1\train\images\captura_2023-09-29_15-56-24_png.rf.d49b768dd49a70087992ddde100504a6.jpg,train,,,2,39
captura_2023-09-29_15-56-26_png.rf.b9760e7b3e9acdc0a00433a9f8cd6041.jpg,C:\Users\mviei\AppData\Local\Temp\aed_nativa\Placas-de-Transito-BR-1\train\images\captura_2023-09-29_15-56-26_png.rf.b9760e7b3e9acdc0a00433a9f8cd6041.jpg,train,,,1,39
captura_2023-09-29_15-56-32_png.rf.b94ccdb726a03f9d0a9ccbc4d1ccab37.jpg,C:\Users\mviei\AppData\Local\Temp\aed_nativa\Placas-de-Transito-BR-1\train\images\captura_2023-09-29_15-56-32_png.rf.b94ccdb726a03f9d0a9ccbc4d1ccab37.jpg,train,,,1,9
captura_2023-09-29_15-56-37_png.rf.87ba9581f6622148624c562aafd89ac6.jpg,C:\Users\mviei\AppData\Local\Temp\aed_nativa\Placas-de-Transito-BR-1\train\images\captura_2023-09-29_15-56-37_png.rf.87ba9581f6622148624c562aafd89ac6.jpg,train,,,1,40
captura_2023-09-29_15-57-01_png.rf.67f50852b7b1959e165c4a86cac17abf.jpg,C:\Users\mviei\AppData\Local\Temp\aed_nativa\Placas-de-Transito-BR-1\train\images\captura_2023-09-29_15-57-01_png.rf.67f50852b7b1959e165c4a86cac17abf.jpg,train,,,1,19
captura_2023-09-29_15-57-11_png.rf.cb50e21bca69284f4d357307035f0192.jpg,C:\Users\mviei\AppData\Local\Temp\aed_nativa\Placas-de-Transito-BR-1\train\images\captura_2023-09-29_15-57-11_png.rf.cb50e21bca69284f4d357307035f0192.jpg,train,1270.0,636.0,1,39
captura_2023-09-29_15-57-13_png.rf.cccb272c65c275088bd10cfdd4a85dab.jpg,C:\Users\mviei\AppData\Local\Temp\aed_nativa\Placas-de-Transito-BR-1\train\images\captura_2023-09-29_15-57-13_png.rf.cccb272c65c275088bd10cfdd4a85dab.jpg,train,,,1,39
captura_2023-09-29_15-57-14_png.rf.befa6e788abf7f78d1733a9131011c3f.jpg,C:\Users\mviei\AppData\Local\Temp\aed_nativa\Placas-de-Transito-BR-1\train\images\captura_2023-09-29_15-57-14_png.rf.befa6e788abf7f78d1733a9131011c3f.jpg,train,,,1,39
captura_2023-09-29_15-57-16_png.rf.797a14b44f663dfa7719ac63f31d74b3.jpg,C:\Users\mviei\AppData\Local\Temp\aed_nativa\Placas-de-Transito-BR-1\train\images\captura_2023-09-29_15-57-16_png.rf.797a14b44f663dfa7719ac63f31d74b3.jpg,train,,,2,39
captura_2023-09-29_15-57-18_png.rf.aca6693de47be575f47358911852d439.jpg,C:\Users\mviei\AppData\Local\Temp\aed_nativa\Placas-de-Transito-BR-1\train\images\captura_2023-09-29_15-57-18_png.rf.aca6693de47be575f47358911852d439.jpg,train,,,2,39
captura_2023-09-29_15-57-19_png.rf.ab6e5ebbed07d030808adf965942541e.jpg,C:\Users\mviei\AppData\Local\Temp\aed_nativa\Placas-de-Transito-BR-1\train\images\captura_2023-09-29_15-57-19_png.rf.ab6e5ebbed07d030808adf965942541e.jpg,train,,,2,39
captura_2023-09-29_15-57-21_png.rf.5d68e1fb8b9075a17fb7c0b0e03895fe.jpg,C:\Users\mviei\AppData\Local\Temp\aed_nativa\Placas-de-Transito-BR-1\train\images\captura_2023-09-29_15-57-21_png.rf.5d68e1fb8b9075a17fb7c0b0e03895fe.jpg,train,,,1,39
captura_2023-09-29_15-57-24_png.rf.1882826a851bde7331719a4aa927aa91.jpg,C:\Users\mviei\AppData\Local\Temp\aed_nativa\Placas-de-Transito-BR-1\train\images\captura_2023-09-29_15-57-24_png.rf.1882826a851bde7331719a4aa927aa91.jpg,train,1270.0,636.0,1,39
captura_2023-09-29_15-57-26_png.rf.0a1662e832b7c243d8224a886ad74dca.jpg,C:\Users\mviei\AppData\Local\Temp\aed_nativa\Placas-de-Transito-BR-1\train\images\captura_2023-09-29_15-57-26_png.rf.0a1662e832b7c243d8224a886ad74dca.jpg,train,,,0,
captura_2023-09-29_15-57-39_png.rf.881ef5d9b3ba8d3732edc9c8826ee695.jpg,C:\Users\mviei\AppData\Local\Temp\aed_nativa\Placas-de-Transito-BR-1\train\images\captura_2023-09-29_15-57-39_png.rf.881ef5d9b3ba8d3732edc9c8826ee695.jpg,train,,,1,34
captura_2023-09-29_15-58-19_png.rf.aeee1ab593c1bdbda3d258d00a6f2e0e.jpg,C:\Users\mviei\AppData\Local\Temp\aed_nativa\Placas-de-Transito-BR-1\train\images\captura_2023-09-29_15-58-19_png.rf.aeee1ab593c1bdbda3d258d00a6f2e0e.jpg,train,,,0,
captura_2023-09-29_15-58-24_png.rf.1b3b2a155e20a09e2d3404c51b4f5865.jpg,C:\Users\mviei\AppData\Local\Temp\aed_nativa\Placas-de-Transito-BR-1\train\images\captura_2023-09-29_15-58-24_png.rf.1b3b2a155e20a09e2d3404c51b4f5865.jpg,train,,,1,39
captura_2023-09-29_15-58-25_png.rf.97b88cdc165dd34b9006cbdb564ae6b3.jpg,C:\Users\mviei\AppData\Local\Temp\aed_nativa\Placas-de-Transito-BR-1\train\images\captura_2023-09-29_15-58-25_png.rf.97b88cdc165dd34b9006cbdb564ae6b3.jpg,train,,,1,39
captura_2023-09-29_15-58-30_png.rf.d23d959b45f461e7328ae1508cbd5e3f.jpg,C:\Users\mviei\AppData\Local\Temp\aed_nativa\Placas-de-Transito-BR-1\train\images\captura_2023-09-29_15-58-30_png.rf.d23d959b45f461e7328ae1508cbd5e3f.jpg,train,,,0,
captura_2023-09-29_15-58-37_png.rf.5bb3709e9045c20db90cd2513fc4467a.jpg,C:\Users\mviei\AppData\Local\Temp\aed_nativa\Placas-de-Transito-BR-1\train\images\captura_2023-09-29_15-58-37_png.rf.5bb3709e9045c20db90cd2513fc4467a.jpg,train,1270.0,636.0,2,"39,64"
captura_2023-09-29_15-59-11_png.rf.300580c52618f1f942021da47d63f119.jpg,C:\Users\mviei\AppData\Local\Temp\aed_nativa\Placas-de-Transito-BR-1\train\images\captura_2023-09-29_15-59-11_png.rf.300580c52618f1f942021da47d63f119.jpg,train,,,1,65
captura_2023-09-29_15-59-19_png.rf.a15c29d14ffe511b5d3bd5f130d521f6.jpg,C:\Users\mviei\AppData\Local\Temp\aed_nativa\Placas-de-Transito-BR-1\train\images\captura_2023-09-29_15-59-19_png.rf.a15c29d14ffe511b5d3bd5f130d521f6.jpg,train,,,0,
captura_2023-09-29_15-59-28_png.rf.6d7f2ab2876de798b54fa0de60cbded6.jpg,C:\Users\mviei\AppData\Local\Temp\aed_nativa\Placas-de-Transito-BR-1\train\images\captura_2023-09-29_15-59-28_png.rf.6d7f2ab2876de798b54fa0de60cbded6.jpg,train,,,1,48
captura_2023-09-29_15-59-30_png.rf.8de279074df291c7224afad717ef6ec6.jpg,C:\Users\mviei\AppData\Local\Temp\aed_nativa\Placas-de-Transito-BR-1\train\images\captura_2023-09-29_15-59-30_png.rf.8de279074df291c7224afad717ef6ec6.jpg,train,,,1,48
captura_2023-09-29_15-59-33_png.rf.49f80398168fbe020fc01b72025134ea.jpg,C:\Users\mviei\AppData\Local\Temp\aed_nativa\Placas-de-Transito-BR-1\train\images\captura_2023-09-29_15-59-33_png.rf.49f80398168fbe020fc01b72025134ea.jpg,train,,,1,20
captura_2023-09-29_16-00-04_png.rf.2ac659b9837ee448b4c4975107c286f7.jpg,C:\Users\mviei\AppData\Local\Temp\aed_nativa\Placas-de-Transito-BR-1\train\images\captura_2023-09-29_16-00-04_png.rf.2ac659b9837ee448b4c4975107c286f7.jpg,train,,,1,48
captura_2023-09-29_16-00-05_png.rf.e5d1b95ba751744f681243d88564a436.jpg,C:\Users\mviei\AppData\Local\Temp\aed_nativa\Placas-de-Transito-BR-1\train\images\captura_2023-09-29_16-00-05_png.rf.e5d1b95ba751744f681243d88564a436.jpg,train,1270.0,636.0,1,48
captura_2023-09-29_16-00-12_png.rf.f2d411add3c5bcd6ac900b98d98e26f8.jpg,C:\Users\mviei\AppData\Local\Temp\aed_nativa\Placas-de-Transito-BR-1\train\images\captura_2023-09-29_16-00-12_png.rf.f2d411add3c5bcd6ac900b98d98e26f8.jpg,train,,,1,48
captura_2023-09-29_16-00-33_png.rf.15580e7d5b471d741c2f05f934549fdc.jpg,C:\Users\mviei\AppData\Local\Temp\aed_nativa\Placas-de-Transito-BR-1\train\images\captura_2023-09-29_16-00-33_png.rf.15580e7d5b471d741c2f05f934549fdc.jpg,train,,,2,48
captura_2023-09-29_16-00-35_png.rf.be6d115ecdc6d3be5bd4a52c2a9b3776.jpg,C:\Users\mviei\AppData\Local\Temp\aed_nativa\Placas-de-Transito-BR-1\train\images\captura_2023-09-29_16-00-35_png.rf.be6d115ecdc6d3be5bd4a52c2a9b3776.jpg,train,,,1,48
captura_2023-09-29_16-00-38_png.rf.795da0f698c4ccae0161042143e31cf4.jpg,C:\Users\mviei\AppData\Local\Temp\aed_nativa\Placas-de-Transito-BR-1\train\images\captura_2023-09-29_16-00-38_png.rf.795da0f698c4ccae0161042143e31cf4.jpg,train,,,1,40
captura_2023-09-29_16-00-43_png.rf.99db69d275a0f58fa906264f37f2cbfa.jpg,C:\Users\mviei\AppData\Local\Temp\aed_nativa\Placas-de-Transito-BR-1\train\images\captura_2023-09-29_16-00-43_png.rf.99db69d275a0f58fa906264f37f2cbfa.jpg,train,,,1,9
captura_2023-09-29_16-00-53_png.rf.8c99169d12eede0794cb41e3bd7bfb00.jpg,C:\Users\mviei\AppData\Local\Temp\aed_nativa\Placas-de-Transito-BR-1\train\images\captura_2023-09-29_16-00-53_png.rf.8c99169d12eede0794cb41e3bd7bfb00.jpg,train,,,1,48
captura_2023-09-29_16-01-44_png.rf.cba74b2c86c3468241703eaa8c79326d.jpg,C:\Users\mviei\AppData\Local\Temp\aed_nativa\Placas-de-Transito-BR-1\train\images\captura_2023-09-29_16-01-44_png.rf.cba74b2c86c3468241703eaa8c79326d.jpg,train,1270.0,636.0,1,17
captura_2023-09-29_16-01-54_png.rf.d41cdd9f7603d2fe23b7676926f3201b.jpg,C:\Users\mviei\AppData\Local\Temp\aed_nativa\Placas-de-Transito-BR-1\train\images\captura_2023-09-29_16-01-54_png.rf.d41cdd9f7603d2fe23b7676926f3201b.jpg,train,,,1,48
captura_2023-09-29_16-02-13_png.rf.8c79c57b272a95aeddbcfb2547b67d45.jpg,C:\Users\mviei\AppData\Local\Temp\aed_nativa\Placas-de-Transito-BR-1\train\images\captura_2023-09-29_16-02-13_png.rf.8c79c57b272a95aeddbcfb2547b67d45.jpg,train,,,1,39
captura_2023-09-29_16-02-37_png.rf.bfa3a19cc08271ba58fa7588b6264de2.jpg,C:\Users\mviei\AppData\Local\Temp\aed_nativa\Placas-de-Transito-BR-1\train\images\captura_2023-09-29_16-02-37_png.rf.bfa3a19cc08271ba58fa7588b6264de2.jpg,train,,,0,
captura_2023-09-29_16-02-50_png.rf.1a75307ce3f5f5a1bf9d30b0713f3d89.jpg,C:\Users\mviei\AppData\Local\Temp\aed_nativa\Placas-de-Transito-BR-1\train\images\captura_2023-09-29_16-02-50_png.rf.1a75307ce3f5f5a1bf9d30b0713f3d89.jpg,train,,,0,
captura_2023-09-29_16-03-14_png.rf.abfe8623f640a30be34c5d1e9c7b2b4f.jpg,C:\Users\mviei\AppData\Local\Temp\aed_nativa\Placas-de-Transito-BR-1\train\images\captura_2023-09-29_16-03-14_png.rf.abfe8623f640a30be34c5d1e9c7b2b4f.jpg,train,,,1,39
captura_2023-09-29_16-03-19_png.rf.a90dee099217ae96928226a3d564eefc.jpg,C:\Users\mviei\AppData\Local\Temp\aed_nativa\Placas-de-Transito-BR-1\train\images\captura_2023-09-29_16-03-19_png.rf.a90dee099217ae96928226a3d564eefc.jpg,train,,,1,39
captura_2023-09-29_16-03-23_png.rf.12f44039eb1e1f138ca500d85e7332d6.jpg,C:\Users\mviei\AppData\Local\Temp\aed_nativa\Placas-de-Transito-BR-1\train\images\captura_2023-09-29_16-03-23_png.rf.12f44039eb1e1f138ca500d85e7332d6.jpg,train,1270.0,636.0,1,39
captura_2023-09-29_16-03-28_png.rf.83938dc6d198d87251347ac064dc2c1d.jpg,C:\Users\mviei\AppData\Local\Temp\aed_nativa\Placas-de-Transito-BR-1\train\images\captura_2023-09-29_16-03-28_png.rf.83938dc6d198d87251347ac064dc2c1d.jpg,train,,,0,
captura_2023-09-29_16-03-43_png.rf.69967198b5b0bb6bb93326c023f2df1d.jpg,C:\Users\mviei\AppData\Local\Temp\aed_nativa\Placas-de-Transito-BR-1\train\images\captura_2023-09-29_16-03-43_png.rf.69967198b5b0bb6bb93326c023f2df1d.jpg,train,,,0,
captura_2023-09-29_16-03-57_png.rf.ad82a717167282f8e3f9fe25ae2d9a2d.jpg,C:\Users\mviei\AppData\Local\Temp\aed_nativa\Placas-de-Transito-BR-1\train\images\captura_2023-09-29_16-03-57_png.rf.ad82a717167282f8e3f9fe25ae2d9a2d.jpg,train,,,0,
captura_2023-09-29_16-04-02_png.rf.46282b53992f5b708c631b977038f145.jpg,C:\Users\mviei\AppData\Local\Temp\aed_nativa\Placas-de-Transito-BR-1\train\images\captura_2023-09-29_16-04-02_png.rf.46282b53992f5b708c631b977038f145.jpg,train,,,0,
captura_2023-09-29_16-04-08_png.rf.8edb20ab2201f08833a980e34b52ca83.jpg,C:\Users\mviei\AppData\Local\Temp\aed_nativa\Placas-de-Transito-BR-1\train\images\captura_2023-09-29_16-04-08_png.rf.8edb20ab2201f08833a980e34b52ca83.jpg,train,,,1,39
captura_2023-09-29_16-04-35_png.rf.31a01f8db852279c3c2f676011f1ac5b.jpg,C:\Users\mviei\AppData\Local\Temp\aed_nativa\Placas-de-Transito-BR-1\train\images\captura_2023-09-29_16-04-35_png.rf.31a01f8db852279c3c2f676011f1ac5b.jpg,train,,,1,48
captura_2023-09-29_16-04-40_png.rf.b5f57c5575344b08c9ee16d4598572d1.jpg,C:\Users\mviei\AppData\Local\Temp\aed_nativa\Placas-de-Transito-BR-1\train\images\captura_2023-09-29_16-04-40_png.rf.b5f57c5575344b08c9ee16d4598572d1.jpg,train,1270.0,636.0,1,39
captura_2023-09-29_16-04-41_png.rf.951e1f59dc486bf5b889ddbe006f188b.jpg,C:\Users\mviei\AppData\Local\Temp\aed_nativa\Placas-de-Transito-BR-1\train\images\captura_2023-09-29_16-04-41_png.rf.951e1f59dc486bf5b889ddbe006f188b.jpg,train,,,2,39
captura_2023-09-29_16-04-43_png.rf.b22d54a9080c029cd16d72d39fe2766f.jpg,C:\Users\mviei\AppData\Local\Temp\aed_nativa\Placas-de-Transito-BR-1\train\images\captura_2023-09-29_16-04-43_png.rf.b22d54a9080c029cd16d72d39fe2766f.jpg,train,,,3,39
captura_2023-09-29_16-04-48_png.rf.9af2317d3deb93d523e80b17088a1288.jpg,C:\Users\mviei\AppData\Local\Temp\aed_nativa\Placas-de-Transito-BR-1\train\images\captura_2023-09-29_16-04-48_png.rf.9af2317d3deb93d523e80b17088a1288.jpg,train,,,1,39
captura_2023-09-29_16-04-49_png.rf.b93c13e6f8dc541b30799dca6e1e2c15.jpg,C:\Users\mviei\AppData\Local\Temp\aed_nativa\Placas-de-Transito-BR-1\train\images\captura_2023-09-29_16-04-49_png.rf.b93c13e6f8dc541b30799dca6e1e2c15.jpg,train,,,1,27
captura_2023-09-29_16-04-51_png.rf.50a8435f1191aae2b639559d07d5910a.jpg,C:\Users\mviei\AppData\Local\Temp\aed_nativa\Placas-de-Transito-BR-1\train\images\captura_2023-09-29_16-04-51_png.rf.50a8435f1191aae2b639559d07d5910a.jpg,train,,,2,"39,63"
captura_2023-09-29_16-04-53_png.rf.932514c93895239a4f92c1a02aac944e.jpg,C:\Users\mviei\AppData\Local\Temp\aed_nativa\Placas-de-Transito-BR-1\train\images\captura_2023-09-29_16-04-53_png.rf.932514c93895239a4f92c1a02aac944e.jpg,train,,,1,39
captura_2023-09-29_16-04-54_png.rf.9995e1930fbec0eac41c9e63113c1fdc.jpg,C:\Users\mviei\AppData\Local\Temp\aed_nativa\Placas-de-Transito-BR-1\train\images\captura_2023-09-29_16-04-54_png.rf.9995e1930fbec0eac41c9e63113c1fdc.jpg,train,1270.0,636.0,1,39
captura_2023-09-29_16-04-56_png.rf.854e7a1d32accc63d36f624ddd8b6b11.jpg,C:\Users\mviei\AppData\Local\Temp\aed_nativa\Placas-de-Transito-BR-1\train\images\captura_2023-09-29_16-04-56_png.rf.854e7a1d32accc63d36f624ddd8b6b11.jpg,train,,,2,39
captura_2023-09-29_16-04-58_png.rf.69a559494787caeb597c257f9c47b5bb.jpg,C:\Users\mviei\AppData\Local\Temp\aed_nativa\Placas-de-Transito-BR-1\train\images\captura_2023-09-29_16-04-58_png.rf.69a559494787caeb597c257f9c47b5bb.jpg,train,,,2,39
captura_2023-09-29_16-04-59_png.rf.6aef63d7791f05fd348bd08028ddf245.jpg,C:\Users\mviei\AppData\Local\Temp\aed_nativa\Placas-de-Transito-BR-1\train\images\captura_2023-09-29_16-04-59_png.rf.6aef63d7791f05fd348bd08028ddf245.jpg,train,,,2,"39,40"
captura_2023-09-29_16-05-01_png.rf.7d7a99f6a5369719127b9d320b59d348.jpg,C:\Users\mviei\AppData\Local\Temp\aed_nativa\Placas-de-Transito-BR-1\train\images\captura_2023-09-29_16-05-01_png.rf.7d7a99f6a5369719127b9d320b59d348.jpg,train,,,2,"31,40"
captura_2023-09-29_16-05-03_png.rf.3e1cbf276fc0d07b227b82cd8ca7ab6a.jpg,C:\Users\mviei\AppData\Local\Temp\aed_nativa\Placas-de-Transito-BR-1\train\images\captura_2023-09-29_16-05-03_png.rf.3e1cbf276fc0d07b227b82cd8ca7ab6a.jpg,train,,,0,
captura_2023-09-29_16-05-04_png.rf.85437f8bd3fce85c56121c656fae6e38.jpg,C:\Users\mviei\AppData\Local\Temp\aed_nativa\Placas-de-Transito-BR-1\train\images\captura_2023-09-29_16-05-04_png.rf.85437f8bd3fce85c56121c656fae6e38.jpg,train,,,0,
captura_2023-09-29_16-05-11_png.rf.838630ceaf9ca697d9db8f5518001704.jpg,C:\Users\mviei\AppData\Local\Temp\aed_nativa\Placas-de-Transito-BR-1\train\images\captura_2023-09-29_16-05-11_png.rf.838630ceaf9ca697d9db8f5518001704.jpg,train,1270.0,636.0,0,
captura_2023-09-29_16-05-12_png.rf.677a2c33993c7e6f7feec7a0439e65aa.jpg,C:\Users\mviei\AppData\Local\Temp\aed_nativa\Placas-de-Transito-BR-1\train\images\captura_2023-09-29_16-05-12_png.rf.677a2c33993c7e6f7feec7a0439e65aa.jpg,train,,,0,
captura_2023-09-29_16-05-14_png.rf.e6282390cf8a31bb1b9061675b13efe1.jpg,C:\Users\mviei\AppData\Local\Temp\aed_nativa\Placas-de-Transito-BR-1\train\images\captura_2023-09-29_16-05-14_png.rf.e6282390cf8a31bb1b9061675b13efe1.jpg,train,,,0,
captura_2023-09-29_16-05-16_png.rf.78a474c415b96a76af7616ded0587feb.jpg,C:\Users\mviei\AppData\Local\Temp\aed_nativa\Placas-de-Transito-BR-1\train\images\captura_2023-09-29_16-05-16_png.rf.78a474c415b96a76af7616ded0587feb.jpg,train,,,0,
captura_2023-09-29_16-05-17_png.rf.3176105cecdab83d1810859f3db7f732.jpg,C:\Users\mviei\AppData\Local\Temp\aed_nativa\Placas-de-Transito-BR-1\train\images\captura_2023-09-29_16-05-17_png.rf.3176105cecdab83d1810859f3db7f732.jpg,train,,,0,
captura_2023-09-29_16-05-20_png.rf.be24db12d03129fb40b7a0e2055d359c.jpg,C:\Users\mviei\AppData\Local\Temp\aed_nativa\Placas-de-Transito-BR-1\train\images\captura_2023-09-29_16-05-20_png.rf.be24db12d03129fb40b7a0e2055d359c.jpg,train,,,0,
captura_2023-09-29_16-05-22_png.rf.e878142a51d2709fa4afce32d4e4a5b3.jpg,C:\Users\mviei\AppData\Local\Temp\aed_nativa\Placas-de-Transito-BR-1\train\images\captura_2023-09-29_16-05-22_png.rf.e878142a51d2709fa4afce32d4e4a5b3.jpg,train,,,0,
captura_2023-09-29_16-05-24_png.rf.85543087d16234249cb1d5af3794c32f.jpg,C:\Users\mviei\AppData\Local\Temp\aed_nativa\Placas-de-Transito-BR-1\train\images\captura_2023-09-29_16-05-24_png.rf.85543087d16234249cb1d5af3794c32f.jpg,train,1270.0,636.0,0,
captura_2023-09-29_16-05-27_png.rf.0b426489b7d6a6fb7f6f6c5d9e586cfc.jpg,C:\Users\mviei\AppData\Local\Temp\aed_nativa\Placas-de-Transito-BR-1\train\images\captura_2023-09-29_16-05-27_png.rf.0b426489b7d6a6fb7f6f6c5d9e586cfc.jpg,train,,,1,14
captura_2023-09-29_16-05-29_png.rf.79452582bd180026e8297079064fc607.jpg,C:\Users\mviei\AppData\Local\Temp\aed_nativa\Placas-de-Transito-BR-1\train\images\captura_2023-09-29_16-05-29_png.rf.79452582bd180026e8297079064fc607.jpg,train,,,0,
captura_2023-09-29_16-05-30_png.rf.290c2494c7488ea7616f9a3baff68dc4.jpg,C:\Users\mviei\AppData\Local\Temp\aed_nativa\Placas-de-Transito-BR-1\train\images\captura_2023-09-29_16-05-30_png.rf.290c2494c7488ea7616f9a3baff68dc4.jpg,train,,,0,
captura_2023-09-29_16-05-32_png.rf.7703553acd1cc1dbb1544131005c37ef.jpg,C:\Users\mviei\AppData\Local\Temp\aed_nativa\Placas-de-Transito-BR-1\train\images\captura_2023-09-29_16-05-32_png.rf.7703553acd1cc1dbb1544131005c37ef.jpg,train,,,0,
captura_2023-09-29_16-05-34_png.rf.a83a4fff5e3361233e5831cfc80e267a.jpg,C:\Users\mviei\AppData\Local\Temp\aed_nativa\Placas-de-Transito-BR-1\train\images\captura_2023-09-29_16-05-34_png.rf.a83a4fff5e3361233e5831cfc80e267a.jpg,train,,,1,8
captura_2023-09-29_16-05-35_png.rf.4a4d232f99e3a772c7c437feae4512d2.jpg,C:\Users\mviei\AppData\Local\Temp\aed_nativa\Placas-de-Transito-BR-1\train\images\captura_2023-09-29_16-05-35_png.rf.4a4d232f99e3a772c7c437feae4512d2.jpg,train,,,0,
captura_2023-09-29_16-05-37_png.rf.752e114948d6f3fabf353f1642c2e6e9.jpg,C:\Users\mviei\AppData\Local\Temp\aed_nativa\Placas-de-Transito-BR-1\train\images\captura_2023-09-29_16-05-37_png.rf.752e114948d6f3fabf353f1642c2e6e9.jpg,train,1270.0,636.0,0,
captura_2023-09-29_16-05-54_png.rf.4ce2755ee375d4d54d0643a99383c3f4.jpg,C:\Users\mviei\AppData\Local\Temp\aed_nativa\Placas-de-Transito-BR-1\train\images\captura_2023-09-29_16-05-54_png.rf.4ce2755ee375d4d54d0643a99383c3f4.jpg,train,,,0,
captura_2023-09-29_16-06-14_png.rf.6aaf1b7c27d782e548940250ad23ae45.jpg,C:\Users\mviei\AppData\Local\Temp\aed_nativa\Placas-de-Transito-BR-1\train\images\captura_2023-09-29_16-06-14_png.rf.6aaf1b7c27d782e548940250ad23ae45.jpg,train,,,1,39
captura_2023-09-29_16-06-16_png.rf.9b156092887704455e63948c4e1c83e3.jpg,C:\Users\mviei\AppData\Local\Temp\aed_nativa\Placas-de-Transito-BR-1\train\images\captura_2023-09-29_16-06-16_png.rf.9b156092887704455e63948c4e1c83e3.jpg,train,,,2,39
captura_2023-09-29_16-06-18_png.rf.366ab51179563cef6a3b32576de92b66.jpg,C:\Users\mviei\AppData\Local\Temp\aed_nativa\Placas-de-Transito-BR-1\train\images\captura_2023-09-29_16-06-18_png.rf.366ab51179563cef6a3b32576de92b66.jpg,train,,,2,39
captura_2023-09-29_16-06-21_png.rf.97c1d0edf6f0c1c1d61e76d2e599a9f4.jpg,C:\Users\mviei\AppData\Local\Temp\aed_nativa\Placas-de-Transito-BR-1\train\images\captura_2023-09-29_16-06-21_png.rf.97c1d0edf6f0c1c1d61e76d2e599a9f4.jpg,train,,,1,9
captura_2023-09-29_16-06-37_png.rf.e83b7a9b412eac17d9728c0190752ee2.jpg,C:\Users\mviei\AppData\Local\Temp\aed_nativa\Placas-de-Transito-BR-1\train\images\captura_2023-09-29_16-06-37_png.rf.e83b7a9b412eac17d9728c0190752ee2.jpg,train,,,1,48
captura_2023-09-29_16-06-39_png.rf.ae7484853fa817815102afecb82ea0bd.jpg,C:\Users\mviei\AppData\Local\Temp\aed_nativa\Placas-de-Transito-BR-1\train\images\captura_2023-09-29_16-06-39_png.rf.ae7484853fa817815102afecb82ea0bd.jpg,train,1270.0,636.0,1,9
captura_2023-09-29_16-06-52_png.rf.2a7b0c99094d5d63a46c66407f514f0e.jpg,C:\Users\mviei\AppData\Local\Temp\aed_nativa\Placas-de-Transito-BR-1\train\images\captura_2023-09-29_16-06-52_png.rf.2a7b0c99094d5d63a46c66407f514f0e.jpg,train,,,3,39
captura_2023-09-29_16-06-53_png.rf.19f87090e2073a85a8606251055aafee.jpg,C:\Users\mviei\AppData\Local\Temp\aed_nativa\Placas-de-Transito-BR-1\train\images\captura_2023-09-29_16-06-53_png.rf.19f87090e2073a85a8606251055aafee.jpg,train,,,3,39
captura_2023-09-29_16-06-55_png.rf.ecab78ee5722a4ec9a4a88f392e6225e.jpg,C:\Users\mviei\AppData\Local\Temp\aed_nativa\Placas-de-Transito-BR-1\train\images\captura_2023-09-29_16-06-55_png.rf.ecab78ee5722a4ec9a4a88f392e6225e.jpg,train,,,1,39
captura_2023-09-29_16-07-06_png.rf.f48094516991b1e26901a61979fb1f07.jpg,C:\Users\mviei\AppData\Local\Temp\aed_nativa\Placas-de-Transito-BR-1\train\images\captura_2023-09-29_16-07-06_png.rf.f48094516991b1e26901a61979fb1f07.jpg,train,,,1,17
captura_2023-09-29_16-07-31_png.rf.0afbdb7b8c2176078f318bc58ece99e1.jpg,C:\Users\mviei\AppData\Local\Temp\aed_nativa\Placas-de-Transito-BR-1\train\images\captura_2023-09-29_16-07-31_png.rf.0afbdb7b8c2176078f318bc58ece99e1.jpg,train,,,1,20
captura_2023-09-29_16-07-35_png.rf.030cf6c6f3c2f3dea118a14368abde8b.jpg,C:\Users\mviei\AppData\Local\Temp\aed_nativa\Placas-de-Transito-BR-1\train\images\captura_2023-09-29_16-07-35_png.rf.030cf6c6f3c2f3dea118a14368abde8b.jpg,train,,,1,17
captura_2023-09-29_16-07-53_png.rf.d2c58bc2e374a14b15b7a6bb79bbdc50.jpg,C:\Users\mviei\AppData\Local\Temp\aed_nativa\Placas-de-Transito-BR-1\train\images\captura_2023-09-29_16-07-53_png.rf.d2c58bc2e374a14b15b7a6bb79bbdc50.jpg,train,1270.0,636.0,1,8
captura_2023-09-29_16-08-01_png.rf.46655d6ff6633d02236460910a9d649f.jpg,C:\Users\mviei\AppData\Local\Temp\aed_nativa\Placas-de-Transito-BR-1\train\images\captura_2023-09-29_16-08-01_png.rf.46655d6ff6633d02236460910a9d649f.jpg,train,,,2,39
captura_2023-09-29_16-08-09_png.rf.3de19afc28b59c6ee3e4c58b18f91b82.jpg,C:\Users\mviei\AppData\Local\Temp\aed_nativa\Placas-de-Transito-BR-1\train\images\captura_2023-09-29_16-08-09_png.rf.3de19afc28b59c6ee3e4c58b18f91b82.jpg,train,,,1,66
captura_2023-09-29_16-08-14_png.rf.52a97865de77e923df6321f57626753f.jpg,C:\Users\mviei\AppData\Local\Temp\aed_nativa\Placas-de-Transito-BR-1\train\images\captura_2023-09-29_16-08-14_png.rf.52a97865de77e923df6321f57626753f.jpg,train,,,3,"11,39"
captura_2023-09-29_16-08-34_png.rf.c0e005bfff2a26a96d4788956c7df30b.jpg,C:\Users\mviei\AppData\Local\Temp\aed_nativa\Placas-de-Transito-BR-1\train\images\captura_2023-09-29_16-08-34_png.rf.c0e005bfff2a26a96d4788956c7df30b.jpg,train,,,1,39
captura_2023-09-29_16-08-38_png.rf.0139f639de7855445bf1deafbe0da46d.jpg,C:\Users\mviei\AppData\Local\Temp\aed_nativa\Placas-de-Transito-BR-1\train\images\captura_2023-09-29_16-08-38_png.rf.0139f639de7855445bf1deafbe0da46d.jpg,train,,,2,39
captura_2023-09-29_16-08-39_png.rf.db39b8323dca980bcbcbba21b4311d73.jpg,C:\Users\mviei\AppData\Local\Temp\aed_nativa\Placas-de-Transito-BR-1\train\images\captura_2023-09-29_16-08-39_png.rf.db39b8323dca980bcbcbba21b4311d73.jpg,train,,,1,39
captura_2023-09-29_16-08-43_png.rf.5bc73367ef939668219cb2ce00e90c4b.jpg,C:\Users\mviei\AppData\Local\Temp\aed_nativa\Placas-de-Transito-BR-1\train\images\captura_2023-09-29_16-08-43_png.rf.5bc73367ef939668219cb2ce00e90c4b.jpg,train,1270.0,636.0,1,39
captura_2023-09-29_16-08-44_png.rf.b27479b76a9ed1c53079cd348c484a39.jpg,C:\Users\mviei\AppData\Local\Temp\aed_nativa\Placas-de-Transito-BR-1\train\images\captura_2023-09-29_16-08-44_png.rf.b27479b76a9ed1c53079cd348c484a39.jpg,train,,,1,65
captura_2023-09-29_16-08-46_png.rf.d4493098f90333a3f75df49a744fc72e.jpg,C:\Users\mviei\AppData\Local\Temp\aed_nativa\Placas-de-Transito-BR-1\train\images\captura_2023-09-29_16-08-46_png.rf.d4493098f90333a3f75df49a744fc72e.jpg,train,,,1,20
captura_2023-09-29_16-09-04_png.rf.ec3931e4f1b768146b8adc07b6ca9ad1.jpg,C:\Users\mviei\AppData\Local\Temp\aed_nativa\Placas-de-Transito-BR-1\train\images\captura_2023-09-29_16-09-04_png.rf.ec3931e4f1b768146b8adc07b6ca9ad1.jpg,train,,,1,37
captura_2023-09-29_16-09-08_png.rf.8d279811e4dd08644f8aa2d611eb0fcb.jpg,C:\Users\mviei\AppData\Local\Temp\aed_nativa\Placas-de-Transito-BR-1\train\images\captura_2023-09-29_16-09-08_png.rf.8d279811e4dd08644f8aa2d611eb0fcb.jpg,train,,,1,22
captura_2023-09-29_16-09-14_png.rf.2cc10ce9e2c5682279ebf03396cfc7f3.jpg,C:\Users\mviei\AppData\Local\Temp\aed_nativa\Placas-de-Transito-BR-1\train\images\captura_2023-09-29_16-09-14_png.rf.2cc10ce9e2c5682279ebf03396cfc7f3.jpg,train,,,1,66
captura_2023-09-29_16-09-16_png.rf.64a3af8f958be80d9f17aa17f7c28ff4.jpg,C:\Users\mviei\AppData\Local\Temp\aed_nativa\Placas-de-Transito-BR-1\train\images\captura_2023-09-29_16-09-16_png.rf.64a3af8f958be80d9f17aa17f7c28ff4.jpg,train,,,1,20
captura_2023-09-29_16-09-21_png.rf.fb712299f34babc3153ea84bd147f227.jpg,C:\Users\mviei\AppData\Local\Temp\aed_nativa\Placas-de-Transito-BR-1\train\images\captura_2023-09-29_16-09-21_png.rf.fb712299f34babc3153ea84bd147f227.jpg,train,1270.0,636.0,1,65
captura_2023-09-29_16-09-27_png.rf.c696af28c2e34fb4c94cf6adcd6183fe.jpg,C:\Users\mviei\AppData\Local\Temp\aed_nativa\Placas-de-Transito-BR-1\train\images\captura_2023-09-29_16-09-27_png.rf.c696af28c2e34fb4c94cf6adcd6183fe.jpg,train,,,1,43
captura_2023-09-29_16-09-40_png.rf.25e8902bcee8659922030c9cd74c85fe.jpg,C:\Users\mviei\AppData\Local\Temp\aed_nativa\Placas-de-Transito-BR-1\train\images\captura_2023-09-29_16-09-40_png.rf.25e8902bcee8659922030c9cd74c85fe.jpg,train,,,3,"39,49,65"
captura_2023-09-29_16-09-42_png.rf.f5b98f98be9e8ca532c7b4531f3dc366.jpg,C:\Users\mviei\AppData\Local\Temp\aed_nativa\Placas-de-Transito-BR-1\train\images\captura_2023-09-29_16-09-42_png.rf.f5b98f98be9e8ca532c7b4531f3dc366.jpg,train,,,1,39
captura_2023-09-29_16-09-48_png.rf.96bb079bf1567ae41d75fc2011855377.jpg,C:\Users\mviei\AppData\Local\Temp\aed_nativa\Placas-de-Transito-BR-1\train\images\captura_2023-09-29_16-09-48_png.rf.96bb079bf1567ae41d75fc2011855377.jpg,train,,,1,39
captura_2023-09-29_16-09-50_png.rf.ce8cee428ea8ae4e286181b94702e14b.jpg,C:\Users\mviei\AppData\Local\Temp\aed_nativa\Placas-de-Transito-BR-1\train\images\captura_2023-09-29_16-09-50_png.rf.ce8cee428ea8ae4e286181b94702e14b.jpg,train,,,2,39
captura_2023-09-29_16-09-53_png.rf.559695101b2d6476aebffdcab949a8cd.jpg,C:\Users\mviei\AppData\Local\Temp\aed_nativa\Placas-de-Transito-BR-1\train\images\captura_2023-09-29_16-09-53_png.rf.559695101b2d6476aebffdcab949a8cd.jpg,train,,,1,39
captura_2023-09-29_16-09-59_png.rf.4689f39907087190084d51a6b31b2a6c.jpg,C:\Users\mviei\AppData\Local\Temp\aed_nativa\Placas-de-Transito-BR-1\train\images\captura_2023-09-29_16-09-59_png.rf.4689f39907087190084d51a6b31b2a6c.jpg,train,1270.0,636.0,1,24
captura_2023-09-29_16-10-07_png.rf.22e74df2e9ae1eb9e33599076f9edf7e.jpg,C:\Users\mviei\AppData\Local\Temp\aed_nativa\Placas-de-Transito-BR-1\train\images\captura_2023-09-29_16-10-07_png.rf.22e74df2e9ae1eb9e33599076f9edf7e.jpg,train,,,0,
captura_2023-09-29_16-10-11_png.rf.a16ee5db7244c96b83f554728881172b.jpg,C:\Users\mviei\AppData\Local\Temp\aed_nativa\Placas-de-Transito-BR-1\train\images\captura_2023-09-29_16-10-11_png.rf.a16ee5db7244c96b83f554728881172b.jpg,train,,,0,
captura_2023-09-29_16-10-12_png.rf.751110908cd01898bcfbd7e13614a612.jpg,C:\Users\mviei\AppData\Local\Temp\aed_nativa\Placas-de-Transito-BR-1\train\images\captura_2023-09-29_16-10-12_png.rf.751110908cd01898bcfbd7e13614a612.jpg,train,,,1,43
captura_2023-09-29_16-10-14_png.rf.60ce7497907589d1676a7402fb22155f.jpg,C:\Users\mviei\AppData\Local\Temp\aed_nativa\Placas-de-Transito-BR-1\train\images\captura_2023-09-29_16-10-14_png.rf.60ce7497907589d1676a7402fb22155f.jpg,train,,,1,48
captura_2023-09-29_16-10-17_png.rf.bac2d7b9e2a33f5e4de5e37104709cee.jpg,C:\Users\mviei\AppData\Local\Temp\aed_nativa\Placas-de-Transito-BR-1\train\images\captura_2023-09-29_16-10-17_png.rf.bac2d7b9e2a33f5e4de5e37104709cee.jpg,train,,,0,
captura_2023-09-29_16-10-19_png.rf.9bb0cef5d9f6d3893b17c49c4de990f7.jpg,C:\Users\mviei\AppData\Local\Temp\aed_nativa\Placas-de-Transito-BR-1\train\images\captura_2023-09-29_16-10-19_png.rf.9bb0cef5d9f6d3893b17c49c4de990f7.jpg,train,,,1,48
captura_2023-09-29_16-10-24_png.rf.d0546b559b4076fde27cf63ec70959d5.jpg,C:\Users\mviei\AppData\Local\Temp\aed_nativa\Placas-de-Transito-BR-1\train\images\captura_2023-09-29_16-10-24_png.rf.d0546b559b4076fde27cf63ec70959d5.jpg,train,1270.0,636.0,1,48
captura_2023-09-29_16-10-28_png.rf.c12014b94c591685139ed04bd3a09994.jpg,C:\Users\mviei\AppData\Local\Temp\aed_nativa\Placas-de-Transito-BR-1\train\images\captura_2023-09-29_16-10-28_png.rf.c12014b94c591685139ed04bd3a09994.jpg,train,,,1,43
captura_2023-09-29_16-10-29_png.rf.0201972cea4969e5da1f0683d5fba280.jpg,C:\Users\mviei\AppData\Local\Temp\aed_nativa\Placas-de-Transito-BR-1\train\images\captura_2023-09-29_16-10-29_png.rf.0201972cea4969e5da1f0683d5fba280.jpg,train,,,0,
captura_2023-09-29_16-10-31_png.rf.8146429095789b88a5a2d714240526f2.jpg,C:\Users\mviei\AppData\Local\Temp\aed_nativa\Placas-de-Transito-BR-1\train\images\captura_2023-09-29_16-10-31_png.rf.8146429095789b88a5a2d714240526f2.jpg,train,,,0,
captura_2023-09-29_16-10-34_png.rf.55e7ecf62e7adfc4b86eaab0eca64a56.jpg,C:\Users\mviei\AppData\Local\Temp\aed_nativa\Placas-de-Transito-BR-1\train\images\captura_2023-09-29_16-10-34_png.rf.55e7ecf62e7adfc4b86eaab0eca64a56.jpg,train,,,0,
captura_2023-09-29_16-10-36_png.rf.1906a326a9b0bc17f1e7236b4828cd92.jpg,C:\Users\mviei\AppData\Local\Temp\aed_nativa\Placas-de-Transito-BR-1\train\images\captura_2023-09-29_16-10-36_png.rf.1906a326a9b0bc17f1e7236b4828cd92.jpg,train,,,1,43
captura_2023-09-29_16-10-45_png.rf.73b03da5c2d9282566432434c7b0289c.jpg,C:\Users\mviei\AppData\Local\Temp\aed_nativa\Placas-de-Transito-BR-1\train\images\captura_2023-09-29_16-10-45_png.rf.73b03da5c2d9282566432434c7b0289c.jpg,train,,,1,43
captura_2023-09-29_16-10-51_png.rf.4656c931935c67d60c53c26464fe9686.jpg,C:\Users\mviei\AppData\Local\Temp\aed_nativa\Placas-de-Transito-BR-1\train\images\captura_2023-09-29_16-10-51_png.rf.4656c931935c67d60c53c26464fe9686.jpg,train,1270.0,636.0,1,28
captura_2023-09-29_16-10-53_png.rf.a5eff4322e057d0fd75995b6a3d707b4.jpg,C:\Users\mviei\AppData\Local\Temp\aed_nativa\Placas-de-Transito-BR-1\train\images\captura_2023-09-29_16-10-53_png.rf.a5eff4322e057d0fd75995b6a3d707b4.jpg,train,,,1,48
captura_2023-09-29_16-10-57_png.rf.ed5e03f754ddedc4a2fe8b62b3279645.jpg,C:\Users\mviei\AppData\Local\Temp\aed_nativa\Placas-de-Transito-BR-1\train\images\captura_2023-09-29_16-10-57_png.rf.ed5e03f754ddedc4a2fe8b62b3279645.jpg,train,,,2,"48,51"
captura_2023-09-29_16-10-58_png.rf.6f7da669ffa90c004541078d0e872a54.jpg,C:\Users\mviei\AppData\Local\Temp\aed_nativa\Placas-de-Transito-BR-1\train\images\captura_2023-09-29_16-10-58_png.rf.6f7da669ffa90c004541078d0e872a54.jpg,train,,,0,
captura_2023-09-29_16-11-00_png.rf.d4126da9f61eff87765426d64ae1ffbc.jpg,C:\Users\mviei\AppData\Local\Temp\aed_nativa\Placas-de-Transito-BR-1\train\images\captura_2023-09-29_16-11-00_png.rf.d4126da9f61eff87765426d64ae1ffbc.jpg,train,,,2,"48,65"
captura_2023-09-29_16-11-03_png.rf.5313dd31671daf3e1ad82f3095a3eb80.jpg,C:\Users\mviei\AppData\Local\Temp\aed_nativa\Placas-de-Transito-BR-1\train\images\captura_2023-09-29_16-11-03_png.rf.5313dd31671daf3e1ad82f3095a3eb80.jpg,train,,,1,48
captura_2023-09-29_16-11-05_png.rf.3e0306690f6f01a583759a86d506b181.jpg,C:\Users\mviei\AppData\Local\Temp\aed_nativa\Placas-de-Transito-BR-1\train\images\captura_2023-09-29_16-11-05_png.rf.3e0306690f6f01a583759a86d506b181.jpg,train,,,0,
captura_2023-09-29_16-11-07_png.rf.dabd9661267fe78279f2decf662dce02.jpg,C:\Users\mviei\AppData\Local\Temp\aed_nativa\Placas-de-Transito-BR-1\train\images\captura_2023-09-29_16-11-07_png.rf.dabd9661267fe78279f2decf662dce02.jpg,train,1270.0,636.0,0,
captura_2023-09-29_16-11-35_png.rf.be406877dda64204c3ee7d11871ea201.jpg,C:\Users\mviei\AppData\Local\Temp\aed_nativa\Placas-de-Transito-BR-1\train\images\captura_2023-09-29_16-11-35_png.rf.be406877dda64204c3ee7d11871ea201.jpg,train,,,1,51
captura_2023-09-29_16-11-40_png.rf.8d970e155f9ec8daf7c0a1718354f239.jpg,C:\Users\mviei\AppData\Local\Temp\aed_nativa\Placas-de-Transito-BR-1\train\images\captura_2023-09-29_16-11-40_png.rf.8d970e155f9ec8daf7c0a1718354f239.jpg,train,,,1,33
captura_2023-09-29_16-11-47_png.rf.abecafe4f967df45e62fbf4a6ac7f0ea.jpg,C:\Users\mviei\AppData\Local\Temp\aed_nativa\Placas-de-Transito-BR-1\train\images\captura_2023-09-29_16-11-47_png.rf.abecafe4f967df45e62fbf4a6ac7f0ea.jpg,train,,,0,
captura_2023-09-29_16-11-52_png.rf.ce42f45330e1bc75705e1521e9f45dcd.jpg,C:\Users\mviei\AppData\Local\Temp\aed_nativa\Placas-de-Transito-BR-1\train\images\captura_2023-09-29_16-11-52_png.rf.ce42f45330e1bc75705e1521e9f45dcd.jpg,train,,,0,
captura_2023-09-29_16-12-10_png.rf.e3ea17e80432a2bacf4abf5f90e43fe7.jpg,C:\Users\mviei\AppData\Local\Temp\aed_nativa\Placas-de-Transito-BR-1\train\images\captura_2023-09-29_16-12-10_png.rf.e3ea17e80432a2bacf4abf5f90e43fe7.jpg,train,,,1,66
captura_2023-09-29_16-12-22_png.rf.42992a0153659b5b0af630c92183b4d6.jpg,C:\Users\mviei\AppData\Local\Temp\aed_nativa\Placas-de-Transito-BR-1\train\images\captura_2023-09-29_16-12-22_png.rf.42992a0153659b5b0af630c92183b4d6.jpg,train,,,0,
captura_2023-09-29_16-12-25_png.rf.0f0808699b7c659519716acad900afea.jpg,C:\Users\mviei\AppData\Local\Temp\aed_nativa\Placas-de-Transito-BR-1\train\images\captura_2023-09-29_16-12-25_png.rf.0f0808699b7c659519716acad900afea.jpg,train,1270.0,636.0,0,
captura_2023-09-29_16-12-27_png.rf.2df4cbb4972162f056c065480dc1affd.jpg,C:\Users\mviei\AppData\Local\Temp\aed_nativa\Placas-de-Transito-BR-1\train\images\captura_2023-09-29_16-12-27_png.rf.2df4cbb4972162f056c065480dc1affd.jpg,train,,,1,20
captura_2023-09-29_16-12-29_png.rf.0f383a24eea54c23834abecb5b9074bc.jpg,C:\Users\mviei\AppData\Local\Temp\aed_nativa\Placas-de-Transito-BR-1\train\images\captura_2023-09-29_16-12-29_png.rf.0f383a24eea54c23834abecb5b9074bc.jpg,train,,,0,
captura_2023-09-29_16-12-47_png.rf.bd51915a9c5f512ff7b95448ce7deb09.jpg,C:\Users\mviei\AppData\Local\Temp\aed_nativa\Placas-de-Transito-BR-1\train\images\captura_2023-09-29_16-12-47_png.rf.bd51915a9c5f512ff7b95448ce7deb09.jpg,train,,,1,48
captura_2023-09-29_16-12-55_png.rf.fc3bcc01081d79958d78df7e966711e9.jpg,C:\Users\mviei\AppData\Local\Temp\aed_nativa\Placas-de-Transito-BR-1\train\images\captura_2023-09-29_16-12-55_png.rf.fc3bcc01081d79958d78df7e966711e9.jpg,train,,,1,63
captura_2023-09-29_16-13-02_png.rf.8a79f76bd7052b62de54e9e34043f1c3.jpg,C:\Users\mviei\AppData\Local\Temp\aed_nativa\Placas-de-Transito-BR-1\train\images\captura_2023-09-29_16-13-02_png.rf.8a79f76bd7052b62de54e9e34043f1c3.jpg,train,,,1,64
captura_2023-09-29_16-13-05_png.rf.ad86dd47d8e960615e8f457d8bcb793d.jpg,C:\Users\mviei\AppData\Local\Temp\aed_nativa\Placas-de-Transito-BR-1\train\images\captura_2023-09-29_16-13-05_png.rf.ad86dd47d8e960615e8f457d8bcb793d.jpg,train,,,1,42
captura_2023-09-29_16-13-07_png.rf.122e91a3a7ef47b2b00529dc52c5996b.jpg,C:\Users\mviei\AppData\Local\Temp\aed_nativa\Placas-de-Transito-BR-1\train\images\captura_2023-09-29_16-13-07_png.rf.122e91a3a7ef47b2b00529dc52c5996b.jpg,train,1270.0,636.0,0,
captura_2023-09-29_16-13-09_png.rf.37da32c906f9649d9fcc017795a5a7b0.jpg,C:\Users\mviei\AppData\Local\Temp\aed_nativa\Placas-de-Transito-BR-1\train\images\captura_2023-09-29_16-13-09_png.rf.37da32c906f9649d9fcc017795a5a7b0.jpg,train,,,0,
captura_2023-09-29_16-13-10_png.rf.9f6a22de96a2796ff6faadce2b6dd099.jpg,C:\Users\mviei\AppData\Local\Temp\aed_nativa\Placas-de-Transito-BR-1\train\images\captura_2023-09-29_16-13-10_png.rf.9f6a22de96a2796ff6faadce2b6dd099.jpg,train,,,0,
captura_2023-09-29_16-13-15_png.rf.f864c66c48fdca7e3fe98f49ceae450b.jpg,C:\Users\mviei\AppData\Local\Temp\aed_nativa\Placas-de-Transito-BR-1\train\images\captura_2023-09-29_16-13-15_png.rf.f864c66c48fdca7e3fe98f49ceae450b.jpg,train,,,1,63
captura_2023-09-29_16-13-35_png.rf.7533959ccc86502b70e7061a9fc2119e.jpg,C:\Users\mviei\AppData\Local\Temp\aed_nativa\Placas-de-Transito-BR-1\train\images\captura_2023-09-29_16-13-35_png.rf.7533959ccc86502b70e7061a9fc2119e.jpg,train,,,0,
captura_2023-09-29_16-13-48_png.rf.d532baf88b0327524024d8da5c66b0d6.jpg,C:\Users\mviei\AppData\Local\Temp\aed_nativa\Placas-de-Transito-BR-1\train\images\captura_2023-09-29_16-13-48_png.rf.d532baf88b0327524024d8da5c66b0d6.jpg,train,,,1,35
captura_2023-09-29_16-13-50_png.rf.1c95458a029cd77623a88feb84221777.jpg,C:\Users\mviei\AppData\Local\Temp\aed_nativa\Placas-de-Transito-BR-1\train\images\captura_2023-09-29_16-13-50_png.rf.1c95458a029cd77623a88feb84221777.jpg,train,,,1,43
captura_2023-09-29_16-13-57_png.rf.af5d38fd7607b3ea9c90966c1a0e46ee.jpg,C:\Users\mviei\AppData\Local\Temp\aed_nativa\Placas-de-Transito-BR-1\train\images\captura_2023-09-29_16-13-57_png.rf.af5d38fd7607b3ea9c90966c1a0e46ee.jpg,train,1270.0,636.0,1,19
captura_2023-09-29_16-14-12_png.rf.74038d60a5c42b8f05abbe15e0e1f636.jpg,C:\Users\mviei\AppData\Local\Temp\aed_nativa\Placas-de-Transito-BR-1\train\images\captura_2023-09-29_16-14-12_png.rf.74038d60a5c42b8f05abbe15e0e1f636.jpg,train,,,1,43
captura_2023-09-29_16-14-26_png.rf.b55db624f5f7565dd0b24bd9654626af.jpg,C:\Users\mviei\AppData\Local\Temp\aed_nativa\Placas-de-Transito-BR-1\train\images\captura_2023-09-29_16-14-26_png.rf.b55db624f5f7565dd0b24bd9654626af.jpg,train,,,1,48
captura_2023-09-29_16-14-27_png.rf.4be7e9d1f970a6bf7060a7f4cc7da2be.jpg,C:\Users\mviei\AppData\Local\Temp\aed_nativa\Placas-de-Transito-BR-1\train\images\captura_2023-09-29_16-14-27_png.rf.4be7e9d1f970a6bf7060a7f4cc7da2be.jpg,train,,,0,
captura_2023-09-29_16-14-29_png.rf.319643e6d3d419e584bcb0f792b7244f.jpg,C:\Users\mviei\AppData\Local\Temp\aed_nativa\Placas-de-Transito-BR-1\train\images\captura_2023-09-29_16-14-29_png.rf.319643e6d3d419e584bcb0f792b7244f.jpg,train,,,1,63
captura_2023-09-29_16-14-31_png.rf.7729e723b54398713d9cc9cc64ba97f3.jpg,C:\Users\mviei\AppData\Local\Temp\aed_nativa\Placas-de-Transito-BR-1\train\images\captura_2023-09-29_16-14-31_png.rf.7729e723b54398713d9cc9cc64ba97f3.jpg,train,,,0,
captura_2023-09-29_16-14-32_png.rf.72e5d29edd314a094ed353903ad487a8.jpg,C:\Users\mviei\AppData\Local\Temp\aed_nativa\Placas-de-Transito-BR-1\train\images\captura_2023-09-29_16-14-32_png.rf.72e5d29edd314a094ed353903ad487a8.jpg,train,,,0,
captura_2023-09-29_16-14-37_png.rf.29e7620fb171abb99ae71e32c28773cb.jpg,C:\Users\mviei\AppData\Local\Temp\aed_nativa\Placas-de-Transito-BR-1\train\images\captura_2023-09-29_16-14-37_png.rf.29e7620fb171abb99ae71e32c28773cb.jpg,train,1270.0,636.0,1,42
captura_2023-09-29_16-14-39_png.rf.47fd7073611ef03ecb0689580ef40960.jpg,C:\Users\mviei\AppData\Local\Temp\aed_nativa\Placas-de-Transito-BR-1\train\images\captura_2023-09-29_16-14-39_png.rf.47fd7073611ef03ecb0689580ef40960.jpg,train,,,0,
captura_2023-09-29_16-14-43_png.rf.25fb381f6d697a43712cf68a993378f0.jpg,C:\Users\mviei\AppData\Local\Temp\aed_nativa\Placas-de-Transito-BR-1\train\images\captura_2023-09-29_16-14-43_png.rf.25fb381f6d697a43712cf68a993378f0.jpg,train,,,1,45
captura_2023-09-29_16-14-44_png.rf.442e7e87ca314fd5db90ff17a39257cc.jpg,C:\Users\mviei\AppData\Local\Temp\aed_nativa\Placas-de-Transito-BR-1\train\images\captura_2023-09-29_16-14-44_png.rf.442e7e87ca314fd5db90ff17a39257cc.jpg,train,,,0,
captura_2023-09-29_16-14-46_png.rf.6198b3beed247635200c52f61121bbc4.jpg,C:\Users\mviei\AppData\Local\Temp\aed_nativa\Placas-de-Transito-BR-1\train\images\captura_2023-09-29_16-14-46_png.rf.6198b3beed247635200c52f61121bbc4.jpg,train,,,1,48
captura_2023-09-29_16-14-51_png.rf.b7b35266d02528011d9ddcb41b25cd0c.jpg,C:\Users\mviei\AppData\Local\Temp\aed_nativa\Placas-de-Transito-BR-1\train\images\captura_2023-09-29_16-14-51_png.rf.b7b35266d02528011d9ddcb41b25cd0c.jpg,train,,,2,39
captura_2023-09-29_16-14-56_png.rf.a6c2809c2d70592d1b016bd78de7b66e.jpg,C:\Users\mviei\AppData\Local\Temp\aed_nativa\Placas-de-Transito-BR-1\train\images\captura_2023-09-29_16-14-56_png.rf.a6c2809c2d70592d1b016bd78de7b66e.jpg,train,,,3,"39,49"
captura_2023-09-29_16-15-00_png.rf.a20bfa8979473abf8e76620e35a9b4d5.jpg,C:\Users\mviei\AppData\Local\Temp\aed_nativa\Placas-de-Transito-BR-1\train\images\captura_2023-09-29_16-15-00_png.rf.a20bfa8979473abf8e76620e35a9b4d5.jpg,train,1270.0,636.0,1,20
captura_2023-09-29_16-15-03_png.rf.fed6b250c38c8ce86bfdaa8c0217e5d9.jpg,C:\Users\mviei\AppData\Local\Temp\aed_nativa\Placas-de-Transito-BR-1\train\images\captura_2023-09-29_16-15-03_png.rf.fed6b250c38c8ce86bfdaa8c0217e5d9.jpg,train,,,1,43
captura_2023-09-29_16-15-05_png.rf.10a8e8f71d4c85085d6f5d48295f54db.jpg,C:\Users\mviei\AppData\Local\Temp\aed_nativa\Placas-de-Transito-BR-1\train\images\captura_2023-09-29_16-15-05_png.rf.10a8e8f71d4c85085d6f5d48295f54db.jpg,train,,,0,
captura_2023-09-29_16-15-06_png.rf.701d555c9cea751af4d6b0032d3244de.jpg,C:\Users\mviei\AppData\Local\Temp\aed_nativa\Placas-de-Transito-BR-1\train\images\captura_2023-09-29_16-15-06_png.rf.701d555c9cea751af4d6b0032d3244de.jpg,train,,,0,
captura_2023-09-29_16-15-27_png.rf.c771633c02c44706843a14effda8d9ae.jpg,C:\Users\mviei\AppData\Local\Temp\aed_nativa\Placas-de-Transito-BR-1\train\images\captura_2023-09-29_16-15-27_png.rf.c771633c02c44706843a14effda8d9ae.jpg,train,,,0,
captura_2023-09-29_16-15-38_png.rf.5dbbee46cbca236aad5c1c8da652e192.jpg,C:\Users\mviei\AppData\Local\Temp\aed_nativa\Placas-de-Transito-BR-1\train\images\captura_2023-09-29_16-15-38_png.rf.5dbbee46cbca236aad5c1c8da652e192.jpg,train,,,0,
captura_2023-09-29_16-15-48_png.rf.9557a8c079b393d48294e8631a887248.jpg,C:\Users\mviei\AppData\Local\Temp\aed_nativa\Placas-de-Transito-BR-1\train\images\captura_2023-09-29_16-15-48_png.rf.9557a8c079b393d48294e8631a887248.jpg,train,,,0,
captura_2023-09-29_16-15-50_png.rf.6e64ed953c1118e4030fdc636a664874.jpg,C:\Users\mviei\AppData\Local\Temp\aed_nativa\Placas-de-Transito-BR-1\train\images\captura_2023-09-29_16-15-50_png.rf.6e64ed953c1118e4030fdc636a664874.jpg,train,1270.0,636.0,1,39
captura_2023-09-29_16-15-53_png.rf.10c0930961d66472d6ecce752b6282c1.jpg,C:\Users\mviei\AppData\Local\Temp\aed_nativa\Placas-de-Transito-BR-1\train\images\captura_2023-09-29_16-15-53_png.rf.10c0930961d66472d6ecce752b6282c1.jpg,train,,,1,39
captura_2023-09-29_16-16-17_png.rf.ed7b05c02c56def637732d52ce9e6ea6.jpg,C:\Users\mviei\AppData\Local\Temp\aed_nativa\Placas-de-Transito-BR-1\train\images\captura_2023-09-29_16-16-17_png.rf.ed7b05c02c56def637732d52ce9e6ea6.jpg,train,,,0,
captura_2023-09-29_16-16-19_png.rf.e6a386ea329c6d4d4747d59b94888461.jpg,C:\Users\mviei\AppData\Local\Temp\aed_nativa\Placas-de-Transito-BR-1\train\images\captura_2023-09-29_16-16-19_png.rf.e6a386ea329c6d4d4747d59b94888461.jpg,train,,,1,23
captura_2023-09-29_16-16-28_png.rf.c4cc974e8f960cfac9ad871229973f0a.jpg,C:\Users\mviei\AppData\Local\Temp\aed_nativa\Placas-de-Transito-BR-1\train\images\captura_2023-09-29_16-16-28_png.rf.c4cc974e8f960cfac9ad871229973f0a.jpg,train,,,2,"45,51"
captura_2023-09-29_16-16-29_png.rf.5448b94bb73cecd6520086d7ff504967.jpg,C:\Users\mviei\AppData\Local\Temp\aed_nativa\Placas-de-Transito-BR-1\train\images\captura_2023-09-29_16-16-29_png.rf.5448b94bb73cecd6520086d7ff504967.jpg,train,,,0,
captura_2023-09-29_16-16-33_png.rf.fc34f684023d191afb99f2cb7e544a0b.jpg,C:\Users\mviei\AppData\Local\Temp\aed_nativa\Placas-de-Transito-BR-1\train\images\captura_2023-09-29_16-16-33_png.rf.fc34f684023d191afb99f2cb7e544a0b.jpg,train,,,1,46
captura_2023-09-29_16-16-35_png.rf.a48a87e1c80e44ab4d46e509618d2056.jpg,C:\Users\mviei\AppData\Local\Temp\aed_nativa\Placas-de-Transito-BR-1\train\images\captura_2023-09-29_16-16-35_png.rf.a48a87e1c80e44ab4d46e509618d2056.jpg,train,1270.0,636.0,1,48
captura_2023-09-29_16-16-36_png.rf.3abc40ce83f41accbfa0a21366ad17b4.jpg,C:\Users\mviei\AppData\Local\Temp\aed_nativa\Placas-de-Transito-BR-1\train\images\captura_2023-09-29_16-16-36_png.rf.3abc40ce83f41accbfa0a21366ad17b4.jpg,train,,,2,"45,51"
captura_2023-09-29_16-16-40_png.rf.b38c78eeddcd5b1cb97c53a98f22848f.jpg,C:\Users\mviei\AppData\Local\Temp\aed_nativa\Placas-de-Transito-BR-1\train\images\captura_2023-09-29_16-16-40_png.rf.b38c78eeddcd5b1cb97c53a98f22848f.jpg,train,,,0,
captura_2023-09-29_16-16-45_png.rf.bf32f28fc0bdf699d2f4faf5b3f700c4.jpg,C:\Users\mviei\AppData\Local\Temp\aed_nativa\Placas-de-Transito-BR-1\train\images\captura_2023-09-29_16-16-45_png.rf.bf32f28fc0bdf699d2f4faf5b3f700c4.jpg,train,,,0,
captura_2023-09-29_16-16-50_png.rf.e6b0794452d2562ef2c1d0afeeb7c3b8.jpg,C:\Users\mviei\AppData\Local\Temp\aed_nativa\Placas-de-Transito-BR-1\train\images\captura_2023-09-29_16-16-50_png.rf.e6b0794452d2562ef2c1d0afeeb7c3b8.jpg,train,,,1,23
captura_2023-09-29_16-16-52_png.rf.8224bcb0238d3eff4edd39707716c210.jpg,C:\Users\mviei\AppData\Local\Temp\aed_nativa\Placas-de-Transito-BR-1\train\images\captura_2023-09-29_16-16-52_png.rf.8224bcb0238d3eff4edd39707716c210.jpg,train,,,1,48
captura_2023-09-29_16-16-55_png.rf.b83db0fa76f70f78455fea630f54b465.jpg,C:\Users\mviei\AppData\Local\Temp\aed_nativa\Placas-de-Transito-BR-1\train\images\captura_2023-09-29_16-16-55_png.rf.b83db0fa76f70f78455fea630f54b465.jpg,train,,,0,
captura_2023-09-29_16-17-02_png.rf.8c453e13829cbad4cab95ffd213f6293.jpg,C:\Users\mviei\AppData\Local\Temp\aed_nativa\Placas-de-Transito-BR-1\train\images\captura_2023-09-29_16-17-02_png.rf.8c453e13829cbad4cab95ffd213f6293.jpg,train,1270.0,636.0,0,
captura_2023-09-29_16-17-04_png.rf.f87d2055aedf3dd6d07d59c68b5a2a5d.jpg,C:\Users\mviei\AppData\Local\Temp\aed_nativa\Placas-de-Transito-BR-1\train\images\captura_2023-09-29_16-17-04_png.rf.f87d2055aedf3dd6d07d59c68b5a2a5d.jpg,train,,,0,
captura_2023-09-29_16-17-06_png.rf.ff2afd22484f08c7e6ae9936756d160d.jpg,C:\Users\mviei\AppData\Local\Temp\aed_nativa\Placas-de-Transito-BR-1\train\images\captura_2023-09-29_16-17-06_png.rf.ff2afd22484f08c7e6ae9936756d160d.jpg,train,,,2,"48,64"
captura_2023-09-29_16-17-07_png.rf.7761edd56c777397f7291887088e33fd.jpg,C:\Users\mviei\AppData\Local\Temp\aed_nativa\Placas-de-Transito-BR-1\train\images\captura_2023-09-29_16-17-07_png.rf.7761edd56c777397f7291887088e33fd.jpg,train,,,1,42
captura_2023-09-29_16-17-09_png.rf.79aa66bf10b97c2008fde30fc259bbab.jpg,C:\Users\mviei\AppData\Local\Temp\aed_nativa\Placas-de-Transito-BR-1\train\images\captura_2023-09-29_16-17-09_png.rf.79aa66bf10b97c2008fde30fc259bbab.jpg,train,,,1,66
captura_2023-09-29_16-17-12_png.rf.2dc4ae5ec61474e528b915abed7e3d0b.jpg,C:\Users\mviei\AppData\Local\Temp\aed_nativa\Placas-de-Transito-BR-1\train\images\captura_2023-09-29_16-17-12_png.rf.2dc4ae5ec61474e528b915abed7e3d0b.jpg,train,,,3,"42,45,49"
captura_2023-09-29_16-17-14_png.rf.fec217a52d205bc664d1a485ca607759.jpg,C:\Users\mviei\AppData\Local\Temp\aed_nativa\Placas-de-Transito-BR-1\train\images\captura_2023-09-29_16-17-14_png.rf.fec217a52d205bc664d1a485ca607759.jpg,train,,,1,49
captura_2023-09-29_16-17-19_png.rf.569532b2505d89c22be09b2ea8d165f2.jpg,C:\Users\mviei\AppData\Local\Temp\aed_nativa\Placas-de-Transito-BR-1\train\images\captura_2023-09-29_16-17-19_png.rf.569532b2505d89c22be09b2ea8d165f2.jpg,train,1270.0,636.0,0,
captura_2023-09-29_16-17-21_png.rf.cc135a5f53ea768c39f5de2fc0dd7af0.jpg,C:\Users\mviei\AppData\Local\Temp\aed_nativa\Placas-de-Transito-BR-1\train\images\captura_2023-09-29_16-17-21_png.rf.cc135a5f53ea768c39f5de2fc0dd7af0.jpg,train,,,2,"45,51"
captura_2023-09-29_16-17-22_png.rf.c79114d9b41b68fca43f5699fcc79297.jpg,C:\Users\mviei\AppData\Local\Temp\aed_nativa\Placas-de-Transito-BR-1\train\images\captura_2023-09-29_16-17-22_png.rf.c79114d9b41b68fca43f5699fcc79297.jpg,train,,,0,
captura_2023-09-29_16-17-29_png.rf.8b972826639be258a467a5f7ad6792dd.jpg,C:\Users\mviei\AppData\Local\Temp\aed_nativa\Placas-de-Transito-BR-1\train\images\captura_2023-09-29_16-17-29_png.rf.8b972826639be258a467a5f7ad6792dd.jpg,train,,,0,
captura_2023-09-29_16-17-38_png.rf.a472b8b9a3f02a9e657d0aa565fdcd48.jpg,C:\Users\mviei\AppData\Local\Temp\aed_nativa\Placas-de-Transito-BR-1\train\images\captura_2023-09-29_16-17-38_png.rf.a472b8b9a3f02a9e657d0aa565fdcd48.jpg,train,,,1,53
captura_2023-09-29_16-17-41_png.rf.f17220dc5f33edd6b4053452f0c5160c.jpg,C:\Users\mviei\AppData\Local\Temp\aed_nativa\Placas-de-Transito-BR-1\train\images\captura_2023-09-29_16-17-41_png.rf.f17220dc5f33edd6b4053452f0c5160c.jpg,train,,,1,9
captura_2023-09-29_16-17-43_png.rf.b51e7a15de31015613201cfb81d7e79b.jpg,C:\Users\mviei\AppData\Local\Temp\aed_nativa\Placas-de-Transito-BR-1\train\images\captura_2023-09-29_16-17-43_png.rf.b51e7a15de31015613201cfb81d7e79b.jpg,train,,,0,
captura_2023-09-29_16-17-46_png.rf.c7489bd68d748965c7e8b239e5392a4f.jpg,C:\Users\mviei\AppData\Local\Temp\aed_nativa\Placas-de-Transito-BR-1\train\images\captura_2023-09-29_16-17-46_png.rf.c7489bd68d748965c7e8b239e5392a4f.jpg,train,1270.0,636.0,0,
captura_2023-09-29_16-17-49_png.rf.e7b8682879292af0a4e23ade28017da7.jpg,C:\Users\mviei\AppData\Local\Temp\aed_nativa\Placas-de-Transito-BR-1\train\images\captura_2023-09-29_16-17-49_png.rf.e7b8682879292af0a4e23ade28017da7.jpg,train,,,1,37
captura_2023-09-29_16-17-54_png.rf.129cf76e593831d48f71f4c14f5fa28b.jpg,C:\Users\mviei\AppData\Local\Temp\aed_nativa\Placas-de-Transito-BR-1\train\images\captura_2023-09-29_16-17-54_png.rf.129cf76e593831d48f71f4c14f5fa28b.jpg,train,,,0,
captura_2023-09-29_16-18-00_png.rf.b3cd33137efa81b94e5755065fe9476f.jpg,C:\Users\mviei\AppData\Local\Temp\aed_nativa\Placas-de-Transito-BR-1\train\images\captura_2023-09-29_16-18-00_png.rf.b3cd33137efa81b94e5755065fe9476f.jpg,train,,,1,63
captura_2023-09-29_16-18-02_png.rf.98b818fd9b4f90de728711e07b0f19de.jpg,C:\Users\mviei\AppData\Local\Temp\aed_nativa\Placas-de-Transito-BR-1\train\images\captura_2023-09-29_16-18-02_png.rf.98b818fd9b4f90de728711e07b0f19de.jpg,train,,,1,43
captura_2023-09-29_16-18-04_png.rf.04746f3e43620d2626e0eef9f93065dc.jpg,C:\Users\mviei\AppData\Local\Temp\aed_nativa\Placas-de-Transito-BR-1\train\images\captura_2023-09-29_16-18-04_png.rf.04746f3e43620d2626e0eef9f93065dc.jpg,train,,,0,
captura_2023-09-29_16-18-07_png.rf.5cd4ca9dead160ba7391aba290646013.jpg,C:\Users\mviei\AppData\Local\Temp\aed_nativa\Placas-de-Transito-BR-1\train\images\captura_2023-09-29_16-18-07_png.rf.5cd4ca9dead160ba7391aba290646013.jpg,train,,,0,
captura_2023-09-29_16-18-09_png.rf.e96ac7e15ed06cdafe4f413a169c9439.jpg,C:\Users\mviei\AppData\Local\Temp\aed_nativa\Placas-de-Transito-BR-1\train\images\captura_2023-09-29_16-18-09_png.rf.e96ac7e15ed06cdafe4f413a169c9439.jpg,train,1270.0,636.0,0,
captura_2023-09-29_16-18-11_png.rf.26a4d85f49cd7dc2c74ae2937253d851.jpg,C:\Users\mviei\AppData\Local\Temp\aed_nativa\Placas-de-Transito-BR-1\train\images\captura_2023-09-29_16-18-11_png.rf.26a4d85f49cd7dc2c74ae2937253d851.jpg,train,,,0,
captura_2023-09-29_16-18-13_png.rf.6442a5334ef3d13917e229698b0a7066.jpg,C:\Users\mviei\AppData\Local\Temp\aed_nativa\Placas-de-Transito-BR-1\train\images\captura_2023-09-29_16-18-13_png.rf.6442a5334ef3d13917e229698b0a7066.jpg,train,,,0,
captura_2023-09-29_16-18-19_png.rf.9ea7e8d5b7ba7b1e0766fa286abf2f13.jpg,C:\Users\mviei\AppData\Local\Temp\aed_nativa\Placas-de-Transito-BR-1\train\images\captura_2023-09-29_16-18-19_png.rf.9ea7e8d5b7ba7b1e0766fa286abf2f13.jpg,train,,,0,
captura_2023-09-29_16-18-23_png.rf.8f7954fc998ba8973790d5e09af1a93e.jpg,C:\Users\mviei\AppData\Local\Temp\aed_nativa\Placas-de-Transito-BR-1\train\images\captura_2023-09-29_16-18-23_png.rf.8f7954fc998ba8973790d5e09af1a93e.jpg,train,,,1,20
captura_2023-09-29_16-18-32_png.rf.427c9aa82a561cc08c87badeeadc072a.jpg,C:\Users\mviei\AppData\Local\Temp\aed_nativa\Placas-de-Transito-BR-1\train\images\captura_2023-09-29_16-18-32_png.rf.427c9aa82a561cc08c87badeeadc072a.jpg,train,,,0,
captura_2023-09-29_16-18-34_png.rf.4306669f5337394330853110e05c06e7.jpg,C:\Users\mviei\AppData\Local\Temp\aed_nativa\Placas-de-Transito-BR-1\train\images\captura_2023-09-29_16-18-34_png.rf.4306669f5337394330853110e05c06e7.jpg,train,,,0,
captura_2023-09-29_16-18-37_png.rf.ccdb72661c3e0defe44757359a2a517d.jpg,C:\Users\mviei\AppData\Local\Temp\aed_nativa\Placas-de-Transito-BR-1\train\images\captura_2023-09-29_16-18-37_png.rf.ccdb72661c3e0defe44757359a2a517d.jpg,train,1270.0,636.0,1,19
captura_2023-09-29_16-18-52_png.rf.72dabd47c88b1525ba2ce5b747a4d3d3.jpg,C:\Users\mviei\AppData\Local\Temp\aed_nativa\Placas-de-Transito-BR-1\train\images\captura_2023-09-29_16-18-52_png.rf.72dabd47c88b1525ba2ce5b747a4d3d3.jpg,train,,,1,65
captura_2023-09-29_16-19-09_png.rf.5bd10ee502eb67a9f8097572e63a4871.jpg,C:\Users\mviei\AppData\Local\Temp\aed_nativa\Placas-de-Transito-BR-1\train\images\captura_2023-09-29_16-19-09_png.rf.5bd10ee502eb67a9f8097572e63a4871.jpg,train,,,0,
captura_2023-09-29_16-19-12_png.rf.129ef2007ede5faeee2c4253a08aeebd.jpg,C:\Users\mviei\AppData\Local\Temp\aed_nativa\Placas-de-Transito-BR-1\train\images\captura_2023-09-29_16-19-12_png.rf.129ef2007ede5faeee2c4253a08aeebd.jpg,train,,,1,39
captura_2023-09-29_16-19-14_png.rf.d96eb1ed798a8e9712715ea99743fe20.jpg,C:\Users\mviei\AppData\Local\Temp\aed_nativa\Placas-de-Transito-BR-1\train\images\captura_2023-09-29_16-19-14_png.rf.d96eb1ed798a8e9712715ea99743fe20.jpg,train,,,2,39
captura_2023-09-29_16-19-15_png.rf.058d736697ae98fa9543e3c49a1bc084.jpg,C:\Users\mviei\AppData\Local\Temp\aed_nativa\Placas-de-Transito-BR-1\train\images\captura_2023-09-29_16-19-15_png.rf.058d736697ae98fa9543e3c49a1bc084.jpg,train,,,1,39
captura_2023-09-29_16-19-17_png.rf.07a1cf934e61af6bbb57e37a8127a602.jpg,C:\Users\mviei\AppData\Local\Temp\aed_nativa\Placas-de-Transito-BR-1\train\images\captura_2023-09-29_16-19-17_png.rf.07a1cf934e61af6bbb57e37a8127a602.jpg,train,,,1,39
captura_2023-09-29_16-19-20_png.rf.50de1a4e7ed78b6de1d163eb683e835a.jpg,C:\Users\mviei\AppData\Local\Temp\aed_nativa\Placas-de-Transito-BR-1\train\images\captura_2023-09-29_16-19-20_png.rf.50de1a4e7ed78b6de1d163eb683e835a.jpg,train,1270.0,636.0,1,39
captura_2023-09-29_16-19-22_png.rf.c5be21484830f35b4a46abbdfa6c4b59.jpg,C:\Users\mviei\AppData\Local\Temp\aed_nativa\Placas-de-Transito-BR-1\train\images\captura_2023-09-29_16-19-22_png.rf.c5be21484830f35b4a46abbdfa6c4b59.jpg,train,,,1,39
captura_2023-09-29_16-19-28_png.rf.3b8a6a79129ef7b82b5792bb92fa14fe.jpg,C:\Users\mviei\AppData\Local\Temp\aed_nativa\Placas-de-Transito-BR-1\train\images\captura_2023-09-29_16-19-28_png.rf.3b8a6a79129ef7b82b5792bb92fa14fe.jpg,train,,,0,
captura_2023-09-29_16-19-35_png.rf.f66e5d9580d64e65315b05754f8dfed1.jpg,C:\Users\mviei\AppData\Local\Temp\aed_nativa\Placas-de-Transito-BR-1\train\images\captura_2023-09-29_16-19-35_png.rf.f66e5d9580d64e65315b05754f8dfed1.jpg,train,,,2,39
captura_2023-09-29_16-19-36_png.rf.d19b69b6b25c94bf69ec3347769aa1cc.jpg,C:\Users\mviei\AppData\Local\Temp\aed_nativa\Placas-de-Transito-BR-1\train\images\captura_2023-09-29_16-19-36_png.rf.d19b69b6b25c94bf69ec3347769aa1cc.jpg,train,,,1,39
captura_2023-09-29_16-19-38_png.rf.1db2c28e294334c0f909d950ad3b7c0f.jpg,C:\Users\mviei\AppData\Local\Temp\aed_nativa\Placas-de-Transito-BR-1\train\images\captura_2023-09-29_16-19-38_png.rf.1db2c28e294334c0f909d950ad3b7c0f.jpg,train,,,1,65
captura_2023-09-29_16-19-46_png.rf.81908dc92c5028ab09be040ab14875ea.jpg,C:\Users\mviei\AppData\Local\Temp\aed_nativa\Placas-de-Transito-BR-1\train\images\captura_2023-09-29_16-19-46_png.rf.81908dc92c5028ab09be040ab14875ea.jpg,train,,,0,
captura_2023-09-29_16-19-50_png.rf.39dcdab288fb9b80a8bcf7778b2592db.jpg,C:\Users\mviei\AppData\Local\Temp\aed_nativa\Placas-de-Transito-BR-1\train\images\captura_2023-09-29_16-19-50_png.rf.39dcdab288fb9b80a8bcf7778b2592db.jpg,train,1270.0,636.0,2,39
captura_2023-09-29_16-19-51_png.rf.78c32fb958847cce65ad701888d43bb1.jpg,C:\Users\mviei\AppData\Local\Temp\aed_nativa\Placas-de-Transito-BR-1\train\images\captura_2023-09-29_16-19-51_png.rf.78c32fb958847cce65ad701888d43bb1.jpg,train,,,2,"39,43"
captura_2023-09-29_16-19-56_png.rf.e245c85cb3eda87c18cb9a9c41e83177.jpg,C:\Users\mviei\AppData\Local\Temp\aed_nativa\Placas-de-Transito-BR-1\train\images\captura_2023-09-29_16-19-56_png.rf.e245c85cb3eda87c18cb9a9c41e83177.jpg,train,,,1,12
captura_2023-09-29_16-19-58_png.rf.5cc6651e35d3441d271f519332a61e3d.jpg,C:\Users\mviei\AppData\Local\Temp\aed_nativa\Placas-de-Transito-BR-1\train\images\captura_2023-09-29_16-19-58_png.rf.5cc6651e35d3441d271f519332a61e3d.jpg,train,,,2,"45,51"
captura_2023-09-29_16-20-00_png.rf.cc7c010100ba82abc80d3b171530a9eb.jpg,C:\Users\mviei\AppData\Local\Temp\aed_nativa\Placas-de-Transito-BR-1\train\images\captura_2023-09-29_16-20-00_png.rf.cc7c010100ba82abc80d3b171530a9eb.jpg,train,,,0,
captura_2023-09-29_16-20-01_png.rf.72f6fbdf44683aa2c62fddca73670b6d.jpg,C:\Users\mviei\AppData\Local\Temp\aed_nativa\Placas-de-Transito-BR-1\train\images\captura_2023-09-29_16-20-01_png.rf.72f6fbdf44683aa2c62fddca73670b6d.jpg,train,,,0,
captura_2023-09-29_16-20-05_png.rf.ca679c6fea5bdd30f55669b075008cd0.jpg,C:\Users\mviei\AppData\Local\Temp\aed_nativa\Placas-de-Transito-BR-1\train\images\captura_2023-09-29_16-20-05_png.rf.ca679c6fea5bdd30f55669b075008cd0.jpg,train,,,1,4
captura_2023-09-29_16-20-07_png.rf.f812aab60b2f55878f2065e2c0706e6e.jpg,C:\Users\mviei\AppData\Local\Temp\aed_nativa\Placas-de-Transito-BR-1\train\images\captura_2023-09-29_16-20-07_png.rf.f812aab60b2f55878f2065e2c0706e6e.jpg,train,1270.0,636.0,0,
captura_2023-09-29_16-20-10_png.rf.51738f9c8cad1e5b36608849d81f342d.jpg,C:\Users\mviei\AppData\Local\Temp\aed_nativa\Placas-de-Transito-BR-1\train\images\captura_2023-09-29_16-20-10_png.rf.51738f9c8cad1e5b36608849d81f342d.jpg,train,,,1,49
captura_2023-09-29_16-20-12_png.rf.0e0b81bb9dbc71b13df0da7e44c3ebaf.jpg,C:\Users\mviei\AppData\Local\Temp\aed_nativa\Placas-de-Transito-BR-1\train\images\captura_2023-09-29_16-20-12_png.rf.0e0b81bb9dbc71b13df0da7e44c3ebaf.jpg,train,,,0,
captura_2023-09-29_16-20-13_png.rf.cb0461d32e77b7605c2b5d7d97b7efed.jpg,C:\Users\mviei\AppData\Local\Temp\aed_nativa\Placas-de-Transito-BR-1\train\images\captura_2023-09-29_16-20-13_png.rf.cb0461d32e77b7605c2b5d7d97b7efed.jpg,train,,,0,
captura_2023-09-29_16-20-15_png.rf.b4bd88e57c26eb9afbd0926db758f817.jpg,C:\Users\mviei\AppData\Local\Temp\aed_nativa\Placas-de-Transito-BR-1\train\images\captura_2023-09-29_16-20-15_png.rf.b4bd88e57c26eb9afbd0926db758f817.jpg,train,,,0,
captura_2023-09-29_16-20-17_png.rf.4ca1a394382b872b9bbc08d49ce4eb92.jpg,C:\Users\mviei\AppData\Local\Temp\aed_nativa\Placas-de-Transito-BR-1\train\images\captura_2023-09-29_16-20-17_png.rf.4ca1a394382b872b9bbc08d49ce4eb92.jpg,train,,,0,
captura_2023-09-29_16-20-23_png.rf.69471b7c9f6d4bb7f957409b03800631.jpg,C:\Users\mviei\AppData\Local\Temp\aed_nativa\Placas-de-Transito-BR-1\train\images\captura_2023-09-29_16-20-23_png.rf.69471b7c9f6d4bb7f957409b03800631.jpg,train,,,0,
captura_2023-09-29_16-20-34_png.rf.9a4cb630bdf08e47230dac8ff0f90fea.jpg,C:\Users\mviei\AppData\Local\Temp\aed_nativa\Placas-de-Transito-BR-1\train\images\captura_2023-09-29_16-20-34_png.rf.9a4cb630bdf08e47230dac8ff0f90fea.jpg,train,1270.0,636.0,0,
captura_2023-09-29_16-20-46_png.rf.17da83510f95f5a5206281b459e88894.jpg,C:\Users\mviei\AppData\Local\Temp\aed_nativa\Placas-de-Transito-BR-1\train\images\captura_2023-09-29_16-20-46_png.rf.17da83510f95f5a5206281b459e88894.jpg,train,,,1,33
captura_2023-09-29_16-20-53_png.rf.06c4eb55daa4f5eb274d8167d3423df9.jpg,C:\Users\mviei\AppData\Local\Temp\aed_nativa\Placas-de-Transito-BR-1\train\images\captura_2023-09-29_16-20-53_png.rf.06c4eb55daa4f5eb274d8167d3423df9.jpg,train,,,1,39
captura_2023-09-29_16-20-59_png.rf.c861cd37ecc1604979734ef86d994f8e.jpg,C:\Users\mviei\AppData\Local\Temp\aed_nativa\Placas-de-Transito-BR-1\train\images\captura_2023-09-29_16-20-59_png.rf.c861cd37ecc1604979734ef86d994f8e.jpg,train,,,0,
captura_2023-09-29_16-21-08_png.rf.17faa306d88de78f89434ddd39359444.jpg,C:\Users\mviei\AppData\Local\Temp\aed_nativa\Placas-de-Transito-BR-1\train\images\captura_2023-09-29_16-21-08_png.rf.17faa306d88de78f89434ddd39359444.jpg,train,,,1,31
captura_2023-09-29_16-21-16_png.rf.f562a9e017e2fa1f3513910a45793fb1.jpg,C:\Users\mviei\AppData\Local\Temp\aed_nativa\Placas-de-Transito-BR-1\train\images\captura_2023-09-29_16-21-16_png.rf.f562a9e017e2fa1f3513910a45793fb1.jpg,train,,,0,
captura_2023-09-29_16-21-19_png.rf.75506e7475250beacca7a8e869ebd8dc.jpg,C:\Users\mviei\AppData\Local\Temp\aed_nativa\Placas-de-Transito-BR-1\train\images\captura_2023-09-29_16-21-19_png.rf.75506e7475250beacca7a8e869ebd8dc.jpg,train,,,1,48
captura_2023-09-29_16-21-24_png.rf.8afe8f75843a70966a82a30516be6021.jpg,C:\Users\mviei\AppData\Local\Temp\aed_nativa\Placas-de-Transito-BR-1\train\images\captura_2023-09-29_16-21-24_png.rf.8afe8f75843a70966a82a30516be6021.jpg,train,1270.0,636.0,0,
captura_2023-09-29_16-21-26_png.rf.0c6e21c2229a31ed6c62c4a43c69a9fa.jpg,C:\Users\mviei\AppData\Local\Temp\aed_nativa\Placas-de-Transito-BR-1\train\images\captura_2023-09-29_16-21-26_png.rf.0c6e21c2229a31ed6c62c4a43c69a9fa.jpg,train,,,1,48
captura_2023-09-29_16-21-27_png.rf.ad449f64634a81e3c0b6af969c744c8a.jpg,C:\Users\mviei\AppData\Local\Temp\aed_nativa\Placas-de-Transito-BR-1\train\images\captura_2023-09-29_16-21-27_png.rf.ad449f64634a81e3c0b6af969c744c8a.jpg,train,,,2,"39,53"
captura_2023-09-29_16-21-29_png.rf.6e5919433be0df49a47a4565f4e37fe7.jpg,C:\Users\mviei\AppData\Local\Temp\aed_nativa\Placas-de-Transito-BR-1\train\images\captura_2023-09-29_16-21-29_png.rf.6e5919433be0df49a47a4565f4e37fe7.jpg,train,,,1,39
captura_2023-09-29_16-21-30_png.rf.dfa1dab806fc804844eb1f553cf4a0f2.jpg,C:\Users\mviei\AppData\Local\Temp\aed_nativa\Placas-de-Transito-BR-1\train\images\captura_2023-09-29_16-21-30_png.rf.dfa1dab806fc804844eb1f553cf4a0f2.jpg,train,,,1,39
captura_2023-09-29_16-21-32_png.rf.f4aff8ecb2ff1a93b17d9d63620f2c15.jpg,C:\Users\mviei\AppData\Local\Temp\aed_nativa\Placas-de-Transito-BR-1\train\images\captura_2023-09-29_16-21-32_png.rf.f4aff8ecb2ff1a93b17d9d63620f2c15.jpg,train,,,1,39
captura_2023-09-29_16-21-35_png.rf.d5def75250dc747634e5949ea5637185.jpg,C:\Users\mviei\AppData\Local\Temp\aed_nativa\Placas-de-Transito-BR-1\train\images\captura_2023-09-29_16-21-35_png.rf.d5def75250dc747634e5949ea5637185.jpg,train,,,1,39
captura_2023-09-29_16-21-37_png.rf.7cb183d55109f22300be499c53adbc0f.jpg,C:\Users\mviei\AppData\Local\Temp\aed_nativa\Placas-de-Transito-BR-1\train\images\captura_2023-09-29_16-21-37_png.rf.7cb183d55109f22300be499c53adbc0f.jpg,train,1270.0,636.0,0,
captura_2023-09-29_16-21-43_png.rf.4795fc20d0e6444204785c0a2043d952.jpg,C:\Users\mviei\AppData\Local\Temp\aed_nativa\Placas-de-Transito-BR-1\train\images\captura_2023-09-29_16-21-43_png.rf.4795fc20d0e6444204785c0a2043d952.jpg,train,,,0,
captura_2023-09-29_16-21-45_png.rf.2c21f873fadaab7e4e9976245c49b7ac.jpg,C:\Users\mviei\AppData\Local\Temp\aed_nativa\Placas-de-Transito-BR-1\train\images\captura_2023-09-29_16-21-45_png.rf.2c21f873fadaab7e4e9976245c49b7ac.jpg,train,,,0,
captura_2023-09-29_16-21-47_png.rf.391443e2b42c1c31fe2c3a999b5e87c7.jpg,C:\Users\mviei\AppData\Local\Temp\aed_nativa\Placas-de-Transito-BR-1\train\images\captura_2023-09-29_16-21-47_png.rf.391443e2b42c1c31fe2c3a999b5e87c7.jpg,train,,,1,65
captura_2023-09-29_16-21-52_png.rf.bf031fc230a7fe7baf2b83dc813986f3.jpg,C:\Users\mviei\AppData\Local\Temp\aed_nativa\Placas-de-Transito-BR-1\train\images\captura_2023-09-29_16-21-52_png.rf.bf031fc230a7fe7baf2b83dc813986f3.jpg,train,,,0,
captura_2023-09-29_16-21-53_png.rf.5bd4e69d64c2769cb1d76b20438f5edd.jpg,C:\Users\mviei\AppData\Local\Temp\aed_nativa\Placas-de-Transito-BR-1\train\images\captura_2023-09-29_16-21-53_png.rf.5bd4e69d64c2769cb1d76b20438f5edd.jpg,train,,,0,
captura_2023-09-29_16-21-55_png.rf.205001c0c451afa44e1f8ef2dfe1b693.jpg,C:\Users\mviei\AppData\Local\Temp\aed_nativa\Placas-de-Transito-BR-1\train\images\captura_2023-09-29_16-21-55_png.rf.205001c0c451afa44e1f8ef2dfe1b693.jpg,train,,,1,64
captura_2023-09-29_16-21-58_png.rf.ea170caf83a7c55f44c4bab1a310d5db.jpg,C:\Users\mviei\AppData\Local\Temp\aed_nativa\Placas-de-Transito-BR-1\train\images\captura_2023-09-29_16-21-58_png.rf.ea170caf83a7c55f44c4bab1a310d5db.jpg,train,1270.0,636.0,1,42
captura_2023-09-29_16-22-00_png.rf.1e41c509c11e4a4cbd541c1cd2675b61.jpg,C:\Users\mviei\AppData\Local\Temp\aed_nativa\Placas-de-Transito-BR-1\train\images\captura_2023-09-29_16-22-00_png.rf.1e41c509c11e4a4cbd541c1cd2675b61.jpg,train,,,0,
captura_2023-09-29_16-22-04_png.rf.58df05d99bad337b1bc65a3dad7656f8.jpg,C:\Users\mviei\AppData\Local\Temp\aed_nativa\Placas-de-Transito-BR-1\train\images\captura_2023-09-29_16-22-04_png.rf.58df05d99bad337b1bc65a3dad7656f8.jpg,train,,,0,
captura_2023-09-29_16-22-07_png.rf.0d3c503dcf21310996228d28e5f2a4b5.jpg,C:\Users\mviei\AppData\Local\Temp\aed_nativa\Placas-de-Transito-BR-1\train\images\captura_2023-09-29_16-22-07_png.rf.0d3c503dcf21310996228d28e5f2a4b5.jpg,train,,,1,12
captura_2023-09-29_16-22-12_png.rf.4b22733c6ca0913ed615a55640159ece.jpg,C:\Users\mviei\AppData\Local\Temp\aed_nativa\Placas-de-Transito-BR-1\train\images\captura_2023-09-29_16-22-12_png.rf.4b22733c6ca0913ed615a55640159ece.jpg,train,,,0,
captura_2023-09-29_16-22-16_png.rf.39b0cfcc79bb371fd4b6fecd8e5d3d66.jpg,C:\Users\mviei\AppData\Local\Temp\aed_nativa\Placas-de-Transito-BR-1\train\images\captura_2023-09-29_16-22-16_png.rf.39b0cfcc79bb371fd4b6fecd8e5d3d66.jpg,train,,,1,1
captura_2023-09-29_16-22-17_png.rf.fc29ccc4525e77e1acdb09f920ea06df.jpg,C:\Users\mviei\AppData\Local\Temp\aed_nativa\Placas-de-Transito-BR-1\train\images\captura_2023-09-29_16-22-17_png.rf.fc29ccc4525e77e1acdb09f920ea06df.jpg,train,,,0,
captura_2023-09-29_16-22-26_png.rf.a0468e273fd1532838e2803823d8b1ef.jpg,C:\Users\mviei\AppData\Local\Temp\aed_nativa\Placas-de-Transito-BR-1\train\images\captura_2023-09-29_16-22-26_png.rf.a0468e273fd1532838e2803823d8b1ef.jpg,train,1270.0,636.0,1,23
captura_2023-09-29_16-22-29_png.rf.092449d5eb73de8935879838c133fced.jpg,C:\Users\mviei\AppData\Local\Temp\aed_nativa\Placas-de-Transito-BR-1\train\images\captura_2023-09-29_16-22-29_png.rf.092449d5eb73de8935879838c133fced.jpg,train,,,1,49
captura_2023-09-29_16-22-31_png.rf.3cb8abcd315d94aa5ab7357227ce4730.jpg,C:\Users\mviei\AppData\Local\Temp\aed_nativa\Placas-de-Transito-BR-1\train\images\captura_2023-09-29_16-22-31_png.rf.3cb8abcd315d94aa5ab7357227ce4730.jpg,train,,,0,
captura_2023-09-29_16-22-45_png.rf.001894bedbb9656446e170c4799ed4dd.jpg,C:\Users\mviei\AppData\Local\Temp\aed_nativa\Placas-de-Transito-BR-1\train\images\captura_2023-09-29_16-22-45_png.rf.001894bedbb9656446e170c4799ed4dd.jpg,train,,,1,19
captura_2023-09-29_16-22-58_png.rf.3f96590d62600b6140eb8580e3507f79.jpg,C:\Users\mviei\AppData\Local\Temp\aed_nativa\Placas-de-Transito-BR-1\train\images\captura_2023-09-29_16-22-58_png.rf.3f96590d62600b6140eb8580e3507f79.jpg,train,,,1,39
captura_2023-09-29_16-22-59_png.rf.0ce57e196f53dd664e9eeffd2c14dcb4.jpg,C:\Users\mviei\AppData\Local\Temp\aed_nativa\Placas-de-Transito-BR-1\train\images\captura_2023-09-29_16-22-59_png.rf.0ce57e196f53dd664e9eeffd2c14dcb4.jpg,train,,,1,39
captura_2023-09-29_16-23-06_png.rf.597b896388381c579f21255e7916c2d8.jpg,C:\Users\mviei\AppData\Local\Temp\aed_nativa\Placas-de-Transito-BR-1\train\images\captura_2023-09-29_16-23-06_png.rf.597b896388381c579f21255e7916c2d8.jpg,train,,,0,
captura_2023-09-29_16-23-16_png.rf.530f3a0af916d888f973a110dae59649.jpg,C:\Users\mviei\AppData\Local\Temp\aed_nativa\Placas-de-Transito-BR-1\train\images\captura_2023-09-29_16-23-16_png.rf.530f3a0af916d888f973a110dae59649.jpg,train,1270.0,636.0,0,
captura_2023-09-29_16-23-26_png.rf.2a76306d60fb04a515df33f64e5aaf8f.jpg,C:\Users\mviei\AppData\Local\Temp\aed_nativa\Placas-de-Transito-BR-1\train\images\captura_2023-09-29_16-23-26_png.rf.2a76306d60fb04a515df33f64e5aaf8f.jpg,train,,,0,
captura_2023-09-29_16-23-36_png.rf.358236d369bea74ed4903b1b3c9c1c06.jpg,C:\Users\mviei\AppData\Local\Temp\aed_nativa\Placas-de-Transito-BR-1\train\images\captura_2023-09-29_16-23-36_png.rf.358236d369bea74ed4903b1b3c9c1c06.jpg,train,,,0,
captura_2023-09-29_16-23-51_png.rf.45863bfeb6d955d321ea32ff9efda523.jpg,C:\Users\mviei\AppData\Local\Temp\aed_nativa\Placas-de-Transito-BR-1\train\images\captura_2023-09-29_16-23-51_png.rf.45863bfeb6d955d321ea32ff9efda523.jpg,train,,,0,
captura_2023-09-29_16-23-54_png.rf.24c6a07854978bd6846b224bcd5d487a.jpg,C:\Users\mviei\AppData\Local\Temp\aed_nativa\Placas-de-Transito-BR-1\train\images\captura_2023-09-29_16-23-54_png.rf.24c6a07854978bd6846b224bcd5d487a.jpg,train,,,0,
captura_2023-09-29_16-23-58_png.rf.f5e51e358107fbe78ea2534dcf4d4071.jpg,C:\Users\mviei\AppData\Local\Temp\aed_nativa\Placas-de-Transito-BR-1\train\images\captura_2023-09-29_16-23-58_png.rf.f5e51e358107fbe78ea2534dcf4d4071.jpg,train,,,0,
captura_2023-09-29_16-24-03_png.rf.846879b01c504db025ee7d075156b095.jpg,C:\Users\mviei\AppData\Local\Temp\aed_nativa\Placas-de-Transito-BR-1\train\images\captura_2023-09-29_16-24-03_png.rf.846879b01c504db025ee7d075156b095.jpg,train,,,1,49
captura_2023-09-29_16-24-44_png.rf.c16dbf98048f57a7c910dcdcc2d1abdd.jpg,C:\Users\mviei\AppData\Local\Temp\aed_nativa\Placas-de-Transito-BR-1\train\images\captura_2023-09-29_16-24-44_png.rf.c16dbf98048f57a7c910dcdcc2d1abdd.jpg,train,1270.0,636.0,1,14
captura_2023-09-29_16-24-46_png.rf.c06d9e2c3a5e2819f0b4a63dfe85b894.jpg,C:\Users\mviei\AppData\Local\Temp\aed_nativa\Placas-de-Transito-BR-1\train\images\captura_2023-09-29_16-24-46_png.rf.c06d9e2c3a5e2819f0b4a63dfe85b894.jpg,train,,,1,11
captura_2023-09-29_16-24-51_png.rf.1fc3b0d8f7857049c457546af3900c25.jpg,C:\Users\mviei\AppData\Local\Temp\aed_nativa\Placas-de-Transito-BR-1\train\images\captura_2023-09-29_16-24-51_png.rf.1fc3b0d8f7857049c457546af3900c25.jpg,train,,,0,
captura_2023-09-29_16-24-54_png.rf.881c41a7dc193483a012be488f1f3f40.jpg,C:\Users\mviei\AppData\Local\Temp\aed_nativa\Placas-de-Transito-BR-1\train\images\captura_2023-09-29_16-24-54_png.rf.881c41a7dc193483a012be488f1f3f40.jpg,train,,,1,39
captura_2023-09-29_16-24-56_png.rf.6aeb4737255d986fa26500e5a0958a98.jpg,C:\Users\mviei\AppData\Local\Temp\aed_nativa\Placas-de-Transito-BR-1\train\images\captura_2023-09-29_16-24-56_png.rf.6aeb4737255d986fa26500e5a0958a98.jpg,train,,,1,39
captura_2023-09-29_16-24-57_png.rf.8fd38734250c38ff97b691447ee38a03.jpg,C:\Users\mviei\AppData\Local\Temp\aed_nativa\Placas-de-Transito-BR-1\train\images\captura_2023-09-29_16-24-57_png.rf.8fd38734250c38ff97b691447ee38a03.jpg,train,,,2,"39,48"
captura_2023-09-29_16-25-05_png.rf.d91fb85178811298d8cea12a62cd8881.jpg,C:\Users\mviei\AppData\Local\Temp\aed_nativa\Placas-de-Transito-BR-1\train\images\captura_2023-09-29_16-25-05_png.rf.d91fb85178811298d8cea12a62cd8881.jpg,train,,,1,19
captura_2023-09-29_16-25-17_png.rf.8fc398a6c8fe2ae5b25ccb6b3c68a38b.jpg,C:\Users\mviei\AppData\Local\Temp\aed_nativa\Placas-de-Transito-BR-1\train\images\captura_2023-09-29_16-25-17_png.rf.8fc398a6c8fe2ae5b25ccb6b3c68a38b.jpg,train,1270.0,636.0,0,
captura_2023-09-29_16-25-20_png.rf.469d9e9cc702e96ed2f8ed7e7b211f12.jpg,C:\Users\mviei\AppData\Local\Temp\aed_nativa\Placas-de-Transito-BR-1\train\images\captura_2023-09-29_16-25-20_png.rf.469d9e9cc702e96ed2f8ed7e7b211f12.jpg,train,,,0,
captura_2023-09-29_16-25-24_png.rf.dfbe3c2afad61ae460f774c0964f3bb2.jpg,C:\Users\mviei\AppData\Local\Temp\aed_nativa\Placas-de-Transito-BR-1\train\images\captura_2023-09-29_16-25-24_png.rf.dfbe3c2afad61ae460f774c0964f3bb2.jpg,train,,,0,
captura_2023-09-29_16-25-26_png.rf.593630dd6c2361b81988fc21af41fe8c.jpg,C:\Users\mviei\AppData\Local\Temp\aed_nativa\Placas-de-Transito-BR-1\train\images\captura_2023-09-29_16-25-26_png.rf.593630dd6c2361b81988fc21af41fe8c.jpg,train,,,1,9
captura_2023-09-29_16-25-28_png.rf.a1303760daccf38307c0c4bef7e12c9f.jpg,C:\Users\mviei\AppData\Local\Temp\aed_nativa\Placas-de-Transito-BR-1\train\images\captura_2023-09-29_16-25-28_png.rf.a1303760daccf38307c0c4bef7e12c9f.jpg,train,,,2,39
captura_2023-09-29_16-25-30_png.rf.1392b230e1e2e33346635da37f476d04.jpg,C:\Users\mviei\AppData\Local\Temp\aed_nativa\Placas-de-Transito-BR-1\train\images\captura_2023-09-29_16-25-30_png.rf.1392b230e1e2e33346635da37f476d04.jpg,train,,,3,39
captura_2023-09-29_16-25-31_png.rf.d93a6bb2a34bb73ef6635bc19e54741d.jpg,C:\Users\mviei\AppData\Local\Temp\aed_nativa\Placas-de-Transito-BR-1\train\images\captura_2023-09-29_16-25-31_png.rf.d93a6bb2a34bb73ef6635bc19e54741d.jpg,train,,,0,
captura_2023-09-29_16-25-36_png.rf.79c8fdcccacdfeb806c12ae4343b435b.jpg,C:\Users\mviei\AppData\Local\Temp\aed_nativa\Placas-de-Transito-BR-1\train\images\captura_2023-09-29_16-25-36_png.rf.79c8fdcccacdfeb806c12ae4343b435b.jpg,train,1270.0,636.0,0,
captura_2023-09-29_16-25-45_png.rf.1b63c5ffe48478a5d2e860e4dae3619b.jpg,C:\Users\mviei\AppData\Local\Temp\aed_nativa\Placas-de-Transito-BR-1\train\images\captura_2023-09-29_16-25-45_png.rf.1b63c5ffe48478a5d2e860e4dae3619b.jpg,train,,,2,6
captura_2023-09-29_16-25-46_png.rf.0bddc0e87da0fd5651f4acfbb6a6c13e.jpg,C:\Users\mviei\AppData\Local\Temp\aed_nativa\Placas-de-Transito-BR-1\train\images\captura_2023-09-29_16-25-46_png.rf.0bddc0e87da0fd5651f4acfbb6a6c13e.jpg,train,,,1,46
captura_2023-10-02_14-55-53_png.rf.ef93591ecf2412a92423d8983ec93e47.jpg,C:\Users\mviei\AppData\Local\Temp\aed_nativa\Placas-de-Transito-BR-1\train\images\captura_2023-10-02_14-55-53_png.rf.ef93591ecf2412a92423d8983ec93e47.jpg,train,,,1,42
captura_2023-10-02_14-56-16_png.rf.e9cb50701872f9f68f811343a3ff1a83.jpg,C:\Users\mviei\AppData\Local\Temp\aed_nativa\Placas-de-Transito-BR-1\train\images\captura_2023-10-02_14-56-16_png.rf.e9cb50701872f9f68f811343a3ff1a83.jpg,train,,,1,42
captura_2023-10-02_14-56-29_png.rf.41fc4c4c9dd683310e796ea53f12e05b.jpg,C:\Users\mviei\AppData\Local\Temp\aed_nativa\Placas-de-Transito-BR-1\train\images\captura_2023-10-02_14-56-29_png.rf.41fc4c4c9dd683310e796ea53f12e05b.jpg,train,,,1,42
captura_2023-10-02_14-56-43_png.rf.ea5221c54651e0051fd38486f77acda4.jpg,C:\Users\mviei\AppData\Local\Temp\aed_nativa\Placas-de-Transito-BR-1\train\images\captura_2023-10-02_14-56-43_png.rf.ea5221c54651e0051fd38486f77acda4.jpg,train,,,1,48
captura_2023-10-02_14-57-05_png.rf.0688601b6693a4dd3dbec405241f389f.jpg,C:\Users\mviei\AppData\Local\Temp\aed_nativa\Placas-de-Transito-BR-1\train\images\captura_2023-10-02_14-57-05_png.rf.0688601b6693a4dd3dbec405241f389f.jpg,train,1270.0,636.0,1,42
captura_2023-10-02_14-58-03_png.rf.1ecfc5895d21a38b50ac90d9e3273fa1.jpg,C:\Users\mviei\AppData\Local\Temp\aed_nativa\Placas-de-Transito-BR-1\train\images\captura_2023-10-02_14-58-03_png.rf.1ecfc5895d21a38b50ac90d9e3273fa1.jpg,train,,,2,39
captura_2023-10-02_14-58-05_png.rf.e67d1edbad25cb32826be56221b359dd.jpg,C:\Users\mviei\AppData\Local\Temp\aed_nativa\Placas-de-Transito-BR-1\train\images\captura_2023-10-02_14-58-05_png.rf.e67d1edbad25cb32826be56221b359dd.jpg,train,,,1,39
captura_2023-10-02_14-58-11_png.rf.8313c92affdf65d2fed976013c22d062.jpg,C:\Users\mviei\AppData\Local\Temp\aed_nativa\Placas-de-Transito-BR-1\train\images\captura_2023-10-02_14-58-11_png.rf.8313c92affdf65d2fed976013c22d062.jpg,train,,,1,39
captura_2023-10-02_14-58-15_png.rf.0845133f6c9bddb0654e2259e76ca084.jpg,C:\Users\mviei\AppData\Local\Temp\aed_nativa\Placas-de-Transito-BR-1\train\images\captura_2023-10-02_14-58-15_png.rf.0845133f6c9bddb0654e2259e76ca084.jpg,train,,,1,41
captura_2023-10-02_14-58-39_png.rf.ba7e847e359dbdd42b03b1e087261605.jpg,C:\Users\mviei\AppData\Local\Temp\aed_nativa\Placas-de-Transito-BR-1\train\images\captura_2023-10-02_14-58-39_png.rf.ba7e847e359dbdd42b03b1e087261605.jpg,train,,,1,39
captura_2023-10-02_14-58-41_png.rf.43a1c5028a64a9063bd420ca49aac4a8.jpg,C:\Users\mviei\AppData\Local\Temp\aed_nativa\Placas-de-Transito-BR-1\train\images\captura_2023-10-02_14-58-41_png.rf.43a1c5028a64a9063bd420ca49aac4a8.jpg,train,,,1,39
captura_2023-10-02_14-58-42_png.rf.7428c8e7cec93a63d14c6c304b2624c1.jpg,C:\Users\mviei\AppData\Local\Temp\aed_nativa\Placas-de-Transito-BR-1\train\images\captura_2023-10-02_14-58-42_png.rf.7428c8e7cec93a63d14c6c304b2624c1.jpg,train,1270.0,636.0,2,39
captura_2023-10-02_14-58-44_png.rf.d8c88a8a23e3e1d8792799d5a7065144.jpg,C:\Users\mviei\AppData\Local\Temp\aed_nativa\Placas-de-Transito-BR-1\train\images\captura_2023-10-02_14-58-44_png.rf.d8c88a8a23e3e1d8792799d5a7065144.jpg,train,,,1,39
captura_2023-10-02_14-58-46_png.rf.ac35d9acc6776c06a747b26e00a7a769.jpg,C:\Users\mviei\AppData\Local\Temp\aed_nativa\Placas-de-Transito-BR-1\train\images\captura_2023-10-02_14-58-46_png.rf.ac35d9acc6776c06a747b26e00a7a769.jpg,train,,,1,39
captura_2023-10-02_14-58-47_png.rf.205d47c6571bd3e6b391120a2c073ffb.jpg,C:\Users\mviei\AppData\Local\Temp\aed_nativa\Placas-de-Transito-BR-1\train\images\captura_2023-10-02_14-58-47_png.rf.205d47c6571bd3e6b391120a2c073ffb.jpg,train,,,2,39
captura_2023-10-02_14-58-55_png.rf.b3ac41eaae96e11128660f97b26329b2.jpg,C:\Users\mviei\AppData\Local\Temp\aed_nativa\Placas-de-Transito-BR-1\train\images\captura_2023-10-02_14-58-55_png.rf.b3ac41eaae96e11128660f97b26329b2.jpg,train,,,1,39
captura_2023-10-02_14-59-32_png.rf.a8cb562ff36aa094c9ebe9850c034706.jpg,C:\Users\mviei\AppData\Local\Temp\aed_nativa\Placas-de-Transito-BR-1\train\images\captura_2023-10-02_14-59-32_png.rf.a8cb562ff36aa094c9ebe9850c034706.jpg,train,,,0,
captura_2023-10-02_14-59-35_png.rf.dc6ceb2b52dc46decb46932754960899.jpg,C:\Users\mviei\AppData\Local\Temp\aed_nativa\Placas-de-Transito-BR-1\train\images\captura_2023-10-02_14-59-35_png.rf.dc6ceb2b52dc46decb46932754960899.jpg,train,,,0,
captura_2023-10-02_14-59-52_png.rf.edcac0980021aa6ecd8ad1cd8e615f55.jpg,C:\Users\mviei\AppData\Local\Temp\aed_nativa\Placas-de-Transito-BR-1\train\images\captura_2023-10-02_14-59-52_png.rf.edcac0980021aa6ecd8ad1cd8e615f55.jpg,train,1270.0,636.0,0,
captura_2023-10-02_15-00-27_png.rf.d6e04b9929a170914a6293cecf3bce20.jpg,C:\Users\mviei\AppData\Local\Temp\aed_nativa\Placas-de-Transito-BR-1\train\images\captura_2023-10-02_15-00-27_png.rf.d6e04b9929a170914a6293cecf3bce20.jpg,train,,,0,
captura_2023-10-02_15-00-28_png.rf.7c9748257ccd971586ddb1e8ac77293b.jpg,C:\Users\mviei\AppData\Local\Temp\aed_nativa\Placas-de-Transito-BR-1\train\images\captura_2023-10-02_15-00-28_png.rf.7c9748257ccd971586ddb1e8ac77293b.jpg,train,,,1,39
captura_2023-10-02_15-00-45_png.rf.790cd4ea3646d11d1facdc7590cbb0f6.jpg,C:\Users\mviei\AppData\Local\Temp\aed_nativa\Placas-de-Transito-BR-1\train\images\captura_2023-10-02_15-00-45_png.rf.790cd4ea3646d11d1facdc7590cbb0f6.jpg,train,,,1,39
captura_2023-10-02_15-00-48_png.rf.e70381e81e356c310fc8f7dd0b7953e9.jpg,C:\Users\mviei\AppData\Local\Temp\aed_nativa\Placas-de-Transito-BR-1\train\images\captura_2023-10-02_15-00-48_png.rf.e70381e81e356c310fc8f7dd0b7953e9.jpg,train,,,1,39
captura_2023-10-02_15-00-58_png.rf.48bfec1a92d3f8f88c32e08278621411.jpg,C:\Users\mviei\AppData\Local\Temp\aed_nativa\Placas-de-Transito-BR-1\train\images\captura_2023-10-02_15-00-58_png.rf.48bfec1a92d3f8f88c32e08278621411.jpg,train,,,1,20
captura_2023-10-02_15-01-57_png.rf.4ea362ee849b20969e34d3ea095c91d7.jpg,C:\Users\mviei\AppData\Local\Temp\aed_nativa\Placas-de-Transito-BR-1\train\images\captura_2023-10-02_15-01-57_png.rf.4ea362ee849b20969e34d3ea095c91d7.jpg,train,,,0,
captura_2023-10-02_15-01-58_png.rf.1b2ead7540e2d6473774d2742cca658e.jpg,C:\Users\mviei\AppData\Local\Temp\aed_nativa\Placas-de-Transito-BR-1\train\images\captura_2023-10-02_15-01-58_png.rf.1b2ead7540e2d6473774d2742cca658e.jpg,train,1270.0,636.0,0,
captura_2023-10-02_15-02-02_png.rf.025d0c672c3166730165bed1826e5320.jpg,C:\Users\mviei\AppData\Local\Temp\aed_nativa\Placas-de-Transito-BR-1\train\images\captura_2023-10-02_15-02-02_png.rf.025d0c672c3166730165bed1826e5320.jpg,train,,,0,
captura_2023-10-02_15-02-03_png.rf.39408be8512ab16cf9214fa60dc96f4e.jpg,C:\Users\mviei\AppData\Local\Temp\aed_nativa\Placas-de-Transito-BR-1\train\images\captura_2023-10-02_15-02-03_png.rf.39408be8512ab16cf9214fa60dc96f4e.jpg,train,,,0,
captura_2023-10-02_15-02-07_png.rf.eb79e7242eac43f6f62310859b157b67.jpg,C:\Users\mviei\AppData\Local\Temp\aed_nativa\Placas-de-Transito-BR-1\train\images\captura_2023-10-02_15-02-07_png.rf.eb79e7242eac43f6f62310859b157b67.jpg,train,,,1,48
captura_2023-10-02_15-02-13_png.rf.7e6e8c9d5ca5a959607e22563f68619d.jpg,C:\Users\mviei\AppData\Local\Temp\aed_nativa\Placas-de-Transito-BR-1\train\images\captura_2023-10-02_15-02-13_png.rf.7e6e8c9d5ca5a959607e22563f68619d.jpg,train,,,0,
captura_2023-10-02_15-02-16_png.rf.6a1d9516a74ed088e837fd50b6b33264.jpg,C:\Users\mviei\AppData\Local\Temp\aed_nativa\Placas-de-Transito-BR-1\train\images\captura_2023-10-02_15-02-16_png.rf.6a1d9516a74ed088e837fd50b6b33264.jpg,train,,,1,39
captura_2023-10-02_15-02-39_png.rf.93761946d3d702b5b512a7b2a754642c.jpg,C:\Users\mviei\AppData\Local\Temp\aed_nativa\Placas-de-Transito-BR-1\train\images\captura_2023-10-02_15-02-39_png.rf.93761946d3d702b5b512a7b2a754642c.jpg,train,,,0,
captura_2023-10-02_15-03-12_png.rf.1897a555ff968af783aa79a25c39f894.jpg,C:\Users\mviei\AppData\Local\Temp\aed_nativa\Placas-de-Transito-BR-1\train\images\captura_2023-10-02_15-03-12_png.rf.1897a555ff968af783aa79a25c39f894.jpg,train,1270.0,636.0,1,39
captura_2023-10-02_15-04-51_png.rf.29c0ce62e88a3bdaf7e3c619e01bf5f1.jpg,C:\Users\mviei\AppData\Local\Temp\aed_nativa\Placas-de-Transito-BR-1\train\images\captura_2023-10-02_15-04-51_png.rf.29c0ce62e88a3bdaf7e3c619e01bf5f1.jpg,train,,,1,39
captura_2023-10-02_15-04-58_png.rf.dbba358f559eb2c347796cd62271669f.jpg,C:\Users\mviei\AppData\Local\Temp\aed_nativa\Placas-de-Transito-BR-1\train\images\captura_2023-10-02_15-04-58_png.rf.dbba358f559eb2c347796cd62271669f.jpg,train,,,0,
captura_2023-10-02_15-05-28_png.rf.c829d88e9cf197d313d9848cc799d4e1.jpg,C:\Users\mviei\AppData\Local\Temp\aed_nativa\Placas-de-Transito-BR-1\train\images\captura_2023-10-02_15-05-28_png.rf.c829d88e9cf197d313d9848cc799d4e1.jpg,train,,,0,
captura_2023-10-02_15-05-57_png.rf.f700af909ebb32bd8b57e78a6c5bf75c.jpg,C:\Users\mviei\AppData\Local\Temp\aed_nativa\Placas-de-Transito-BR-1\train\images\captura_2023-10-02_15-05-57_png.rf.f700af909ebb32bd8b57e78a6c5bf75c.jpg,train,,,0,
captura_2023-10-02_15-05-59_png.rf.de53223ae69750e5658da47e94c0a1c5.jpg,C:\Users\mviei\AppData\Local\Temp\aed_nativa\Placas-de-Transito-BR-1\train\images\captura_2023-10-02_15-05-59_png.rf.de53223ae69750e5658da47e94c0a1c5.jpg,train,,,1,39
captura_2023-10-02_15-06-00_png.rf.94bd6b9930c66bf88d1a637c3daacb45.jpg,C:\Users\mviei\AppData\Local\Temp\aed_nativa\Placas-de-Transito-BR-1\train\images\captura_2023-10-02_15-06-00_png.rf.94bd6b9930c66bf88d1a637c3daacb45.jpg,train,,,1,40
captura_2023-10-02_15-06-02_png.rf.1a66d1d8edf4df06c0bab1cc5beda43e.jpg,C:\Users\mviei\AppData\Local\Temp\aed_nativa\Placas-de-Transito-BR-1\train\images\captura_2023-10-02_15-06-02_png.rf.1a66d1d8edf4df06c0bab1cc5beda43e.jpg,train,1270.0,636.0,1,40
captura_2023-10-02_15-06-05_png.rf.166f63b9cdb13b472e4f62b805d41e71.jpg,C:\Users\mviei\AppData\Local\Temp\aed_nativa\Placas-de-Transito-BR-1\train\images\captura_2023-10-02_15-06-05_png.rf.166f63b9cdb13b472e4f62b805d41e71.jpg,train,,,1,40
captura_2023-10-02_15-06-08_png.rf.fb85f62114a43db97c5e688031920941.jpg,C:\Users\mviei\AppData\Local\Temp\aed_nativa\Placas-de-Transito-BR-1\train\images\captura_2023-10-02_15-06-08_png.rf.fb85f62114a43db97c5e688031920941.jpg,train,,,1,39
captura_2023-10-02_15-06-12_png.rf.d94b6b0dad1e57e532f5919f2e336076.jpg,C:\Users\mviei\AppData\Local\Temp\aed_nativa\Placas-de-Transito-BR-1\train\images\captura_2023-10-02_15-06-12_png.rf.d94b6b0dad1e57e532f5919f2e336076.jpg,train,,,0,
captura_2023-10-02_15-06-13_png.rf.cf9702ef859a99fda27aa8ffea5987f0.jpg,C:\Users\mviei\AppData\Local\Temp\aed_nativa\Placas-de-Transito-BR-1\train\images\captura_2023-10-02_15-06-13_png.rf.cf9702ef859a99fda27aa8ffea5987f0.jpg,train,,,0,
captura_2023-10-02_15-06-39_png.rf.1f98ac9e29efc3ccd060cb8b8a21aa2d.jpg,C:\Users\mviei\AppData\Local\Temp\aed_nativa\Placas-de-Transito-BR-1\train\images\captura_2023-10-02_15-06-39_png.rf.1f98ac9e29efc3ccd060cb8b8a21aa2d.jpg,train,,,0,
captura_2023-10-02_15-06-41_png.rf.db05c16e65480fcd446cefe6d5dc244b.jpg,C:\Users\mviei\AppData\Local\Temp\aed_nativa\Placas-de-Transito-BR-1\train\images\captura_2023-10-02_15-06-41_png.rf.db05c16e65480fcd446cefe6d5dc244b.jpg,train,,,0,
captura_2023-10-02_15-06-42_png.rf.a773cff74d7b212df326266070fc31b3.jpg,C:\Users\mviei\AppData\Local\Temp\aed_nativa\Placas-de-Transito-BR-1\train\images\captura_2023-10-02_15-06-42_png.rf.a773cff74d7b212df326266070fc31b3.jpg,train,1270.0,636.0,0,
captura_2023-10-02_15-06-54_png.rf.38a12fef15937560492c49f3ad4df436.jpg,C:\Users\mviei\AppData\Local\Temp\aed_nativa\Placas-de-Transito-BR-1\train\images\captura_2023-10-02_15-06-54_png.rf.38a12fef15937560492c49f3ad4df436.jpg,train,,,0,
captura_2023-10-02_15-06-55_png.rf.debf471183822f66c9d43d1e6b9a5ca5.jpg,C:\Users\mviei\AppData\Local\Temp\aed_nativa\Placas-de-Transito-BR-1\train\images\captura_2023-10-02_15-06-55_png.rf.debf471183822f66c9d43d1e6b9a5ca5.jpg,train,,,1,39
captura_2023-10-02_15-06-57_png.rf.9cd08af3d61fd49939d084c3fa1d5817.jpg,C:\Users\mviei\AppData\Local\Temp\aed_nativa\Placas-de-Transito-BR-1\train\images\captura_2023-10-02_15-06-57_png.rf.9cd08af3d61fd49939d084c3fa1d5817.jpg,train,,,2,"39,48"
captura_2023-10-02_15-07-03_png.rf.ff68b27e732434c0e8759b8b84853549.jpg,C:\Users\mviei\AppData\Local\Temp\aed_nativa\Placas-de-Transito-BR-1\train\images\captura_2023-10-02_15-07-03_png.rf.ff68b27e732434c0e8759b8b84853549.jpg,train,,,1,42
captura_2023-10-02_15-07-07_png.rf.d042453165da2468b673dfd0d24b591e.jpg,C:\Users\mviei\AppData\Local\Temp\aed_nativa\Placas-de-Transito-BR-1\train\images\captura_2023-10-02_15-07-07_png.rf.d042453165da2468b673dfd0d24b591e.jpg,train,,,1,20
captura_2023-10-02_15-07-31_png.rf.6921a4950056fc8fed49b17ecfca6d4c.jpg,C:\Users\mviei\AppData\Local\Temp\aed_nativa\Placas-de-Transito-BR-1\train\images\captura_2023-10-02_15-07-31_png.rf.6921a4950056fc8fed49b17ecfca6d4c.jpg,train,,,1,39
captura_2023-10-02_15-07-36_png.rf.e35492563515b0693ff3f116820c703f.jpg,C:\Users\mviei\AppData\Local\Temp\aed_nativa\Placas-de-Transito-BR-1\train\images\captura_2023-10-02_15-07-36_png.rf.e35492563515b0693ff3f116820c703f.jpg,train,1270.0,636.0,0,
captura_2023-10-02_15-07-38_png.rf.0ebd782f52d005d140ccec3e2a9ef894.jpg,C:\Users\mviei\AppData\Local\Temp\aed_nativa\Placas-de-Transito-BR-1\train\images\captura_2023-10-02_15-07-38_png.rf.0ebd782f52d005d140ccec3e2a9ef894.jpg,train,,,0,
captura_2023-10-02_15-07-49_png.rf.24b448c5389d4fb9f020598c0e61d0c4.jpg,C:\Users\mviei\AppData\Local\Temp\aed_nativa\Placas-de-Transito-BR-1\train\images\captura_2023-10-02_15-07-49_png.rf.24b448c5389d4fb9f020598c0e61d0c4.jpg,train,,,1,39
captura_2023-10-02_15-07-54_png.rf.540a4d7a2eb095230914ce1a747eefbd.jpg,C:\Users\mviei\AppData\Local\Temp\aed_nativa\Placas-de-Transito-BR-1\train\images\captura_2023-10-02_15-07-54_png.rf.540a4d7a2eb095230914ce1a747eefbd.jpg,train,,,1,42
captura_2023-10-02_15-08-19_png.rf.6240df1e2f981d3aae971edc7cdf0ce0.jpg,C:\Users\mviei\AppData\Local\Temp\aed_nativa\Placas-de-Transito-BR-1\train\images\captura_2023-10-02_15-08-19_png.rf.6240df1e2f981d3aae971edc7cdf0ce0.jpg,train,,,0,
captura_2023-10-02_15-08-27_png.rf.e5985d94e2ad0b5f4aaa8cd7cac82eec.jpg,C:\Users\mviei\AppData\Local\Temp\aed_nativa\Placas-de-Transito-BR-1\train\images\captura_2023-10-02_15-08-27_png.rf.e5985d94e2ad0b5f4aaa8cd7cac82eec.jpg,train,,,0,
captura_2023-10-02_15-08-31_png.rf.6065ed346515ec06515a722e69f0533c.jpg,C:\Users\mviei\AppData\Local\Temp\aed_nativa\Placas-de-Transito-BR-1\train\images\captura_2023-10-02_15-08-31_png.rf.6065ed346515ec06515a722e69f0533c.jpg,train,,,0,
captura_2023-10-02_15-08-35_png.rf.f0a3cb29e950db27ecfa58aba265098c.jpg,C:\Users\mviei\AppData\Local\Temp\aed_nativa\Placas-de-Transito-BR-1\train\images\captura_2023-10-02_15-08-35_png.rf.f0a3cb29e950db27ecfa58aba265098c.jpg,train,1270.0,636.0,1,39
captura_2023-10-02_15-08-47_png.rf.9e04d9d62a3bce21a9af968e4e888649.jpg,C:\Users\mviei\AppData\Local\Temp\aed_nativa\Placas-de-Transito-BR-1\train\images\captura_2023-10-02_15-08-47_png.rf.9e04d9d62a3bce21a9af968e4e888649.jpg,train,,,1,39
captura_2023-10-02_15-08-51_png.rf.ea1f7cc910b11976cc3a73841d12fd38.jpg,C:\Users\mviei\AppData\Local\Temp\aed_nativa\Placas-de-Transito-BR-1\train\images\captura_2023-10-02_15-08-51_png.rf.ea1f7cc910b11976cc3a73841d12fd38.jpg,train,,,1,39
captura_2023-10-02_15-09-14_png.rf.a17c9a148f40a425074ae0b9b8a0fbeb.jpg,C:\Users\mviei\AppData\Local\Temp\aed_nativa\Placas-de-Transito-BR-1\train\images\captura_2023-10-02_15-09-14_png.rf.a17c9a148f40a425074ae0b9b8a0fbeb.jpg,train,,,1,65
captura_2023-10-02_15-09-21_png.rf.efb725fecf9946f4d6c41d38465d3804.jpg,C:\Users\mviei\AppData\Local\Temp\aed_nativa\Placas-de-Transito-BR-1\train\images\captura_2023-10-02_15-09-21_png.rf.efb725fecf9946f4d6c41d38465d3804.jpg,train,,,1,35
captura_2023-10-02_15-09-23_png.rf.0110b0fd59420eb69fd8387b2b11292f.jpg,C:\Users\mviei\AppData\Local\Temp\aed_nativa\Placas-de-Transito-BR-1\train\images\captura_2023-10-02_15-09-23_png.rf.0110b0fd59420eb69fd8387b2b11292f.jpg,train,,,1,53
captura_2023-10-02_15-09-26_png.rf.9fa0b006e523e7363fb8666a302cf919.jpg,C:\Users\mviei\AppData\Local\Temp\aed_nativa\Placas-de-Transito-BR-1\train\images\captura_2023-10-02_15-09-26_png.rf.9fa0b006e523e7363fb8666a302cf919.jpg,train,,,0,
captura_2023-10-02_15-09-35_png.rf.70ddb91253753029ca0f8a372efda17e.jpg,C:\Users\mviei\AppData\Local\Temp\aed_nativa\Placas-de-Transito-BR-1\train\images\captura_2023-10-02_15-09-35_png.rf.70ddb91253753029ca0f8a372efda17e.jpg,train,1270.0,636.0,0,
captura_2023-10-02_15-09-37_png.rf.41032695675dffc71f7a936b3ef959c4.jpg,C:\Users\mviei\AppData\Local\Temp\aed_nativa\Placas-de-Transito-BR-1\train\images\captura_2023-10-02_15-09-37_png.rf.41032695675dffc71f7a936b3ef959c4.jpg,train,,,1,37
captura_2023-10-02_15-09-57_png.rf.48755a4b4f1d6f8c92534d2833c47c6b.jpg,C:\Users\mviei\AppData\Local\Temp\aed_nativa\Placas-de-Transito-BR-1\train\images\captura_2023-10-02_15-09-57_png.rf.48755a4b4f1d6f8c92534d2833c47c6b.jpg,train,,,1,53
captura_2023-10-02_15-10-05_png.rf.77a1b10a3e6a8de91d6687a11981f27a.jpg,C:\Users\mviei\AppData\Local\Temp\aed_nativa\Placas-de-Transito-BR-1\train\images\captura_2023-10-02_15-10-05_png.rf.77a1b10a3e6a8de91d6687a11981f27a.jpg,train,,,1,39
captura_2023-10-02_15-10-10_png.rf.d2cddf4afee42b9abd80563f2cb825ef.jpg,C:\Users\mviei\AppData\Local\Temp\aed_nativa\Placas-de-Transito-BR-1\train\images\captura_2023-10-02_15-10-10_png.rf.d2cddf4afee42b9abd80563f2cb825ef.jpg,train,,,0,
captura_2023-10-02_15-10-26_png.rf.4a252d8d17cedf42968b5f55fb7d4853.jpg,C:\Users\mviei\AppData\Local\Temp\aed_nativa\Placas-de-Transito-BR-1\train\images\captura_2023-10-02_15-10-26_png.rf.4a252d8d17cedf42968b5f55fb7d4853.jpg,train,,,1,12
captura_2023-10-02_15-10-29_png.rf.504723bd1ec5124e1169a5a863ce01ea.jpg,C:\Users\mviei\AppData\Local\Temp\aed_nativa\Placas-de-Transito-BR-1\train\images\captura_2023-10-02_15-10-29_png.rf.504723bd1ec5124e1169a5a863ce01ea.jpg,train,,,0,
captura_2023-10-02_15-10-31_png.rf.b66eb2be0b3c80a7991624d5e60889a5.jpg,C:\Users\mviei\AppData\Local\Temp\aed_nativa\Placas-de-Transito-BR-1\train\images\captura_2023-10-02_15-10-31_png.rf.b66eb2be0b3c80a7991624d5e60889a5.jpg,train,1270.0,636.0,0,
captura_2023-10-02_15-10-32_png.rf.0af214f93f5529fdc928b0a90e0e3e57.jpg,C:\Users\mviei\AppData\Local\Temp\aed_nativa\Placas-de-Transito-BR-1\train\images\captura_2023-10-02_15-10-32_png.rf.0af214f93f5529fdc928b0a90e0e3e57.jpg,train,,,0,
captura_2023-10-02_15-10-39_png.rf.cf202c7bf3e4c632a42ab4e575568943.jpg,C:\Users\mviei\AppData\Local\Temp\aed_nativa\Placas-de-Transito-BR-1\train\images\captura_2023-10-02_15-10-39_png.rf.cf202c7bf3e4c632a42ab4e575568943.jpg,train,,,0,
captura_2023-10-02_15-10-40_png.rf.45f7d173c67fd3b37d368b50af5ece9f.jpg,C:\Users\mviei\AppData\Local\Temp\aed_nativa\Placas-de-Transito-BR-1\train\images\captura_2023-10-02_15-10-40_png.rf.45f7d173c67fd3b37d368b50af5ece9f.jpg,train,,,0,
captura_2023-10-02_15-10-44_png.rf.83a6cdc9d634c12a2705388021e7dd49.jpg,C:\Users\mviei\AppData\Local\Temp\aed_nativa\Placas-de-Transito-BR-1\train\images\captura_2023-10-02_15-10-44_png.rf.83a6cdc9d634c12a2705388021e7dd49.jpg,train,,,0,
captura_2023-10-02_15-10-47_png.rf.6a0666266dac1011d5be2439e3f802f6.jpg,C:\Users\mviei\AppData\Local\Temp\aed_nativa\Placas-de-Transito-BR-1\train\images\captura_2023-10-02_15-10-47_png.rf.6a0666266dac1011d5be2439e3f802f6.jpg,train,,,0,
captura_2023-10-02_15-10-48_png.rf.dfadf5a1cd98b7b250123fd952563122.jpg,C:\Users\mviei\AppData\Local\Temp\aed_nativa\Placas-de-Transito-BR-1\train\images\captura_2023-10-02_15-10-48_png.rf.dfadf5a1cd98b7b250123fd952563122.jpg,train,,,0,
captura_2023-10-02_15-10-52_png.rf.dd9530565b3bbf7d0c3d516bfcb95897.jpg,C:\Users\mviei\AppData\Local\Temp\aed_nativa\Placas-de-Transito-BR-1\train\images\captura_2023-10-02_15-10-52_png.rf.dd9530565b3bbf7d0c3d516bfcb95897.jpg,train,1270.0,636.0,1,43
captura_2023-10-02_15-11-04_png.rf.97adc35ee2923067e166b1f7ba9668dc.jpg,C:\Users\mviei\AppData\Local\Temp\aed_nativa\Placas-de-Transito-BR-1\train\images\captura_2023-10-02_15-11-04_png.rf.97adc35ee2923067e166b1f7ba9668dc.jpg,train,,,1,18
captura_2023-10-02_15-11-16_png.rf.5cd3bda970d0bb35316c784bcd969fa7.jpg,C:\Users\mviei\AppData\Local\Temp\aed_nativa\Placas-de-Transito-BR-1\train\images\captura_2023-10-02_15-11-16_png.rf.5cd3bda970d0bb35316c784bcd969fa7.jpg,train,,,1,20
captura_2023-10-02_15-11-18_png.rf.e1c3e70991068201e6bf8e4d572d2d64.jpg,C:\Users\mviei\AppData\Local\Temp\aed_nativa\Placas-de-Transito-BR-1\train\images\captura_2023-10-02_15-11-18_png.rf.e1c3e70991068201e6bf8e4d572d2d64.jpg,train,,,1,14
captura_2023-10-02_15-11-22_png.rf.193a2c9e22fe2bea1cf65b88e4a4fbc6.jpg,C:\Users\mviei\AppData\Local\Temp\aed_nativa\Placas-de-Transito-BR-1\train\images\captura_2023-10-02_15-11-22_png.rf.193a2c9e22fe2bea1cf65b88e4a4fbc6.jpg,train,,,1,14
captura_2023-10-02_15-11-34_png.rf.11280e92778ca8e3888ef7cbbf120c23.jpg,C:\Users\mviei\AppData\Local\Temp\aed_nativa\Placas-de-Transito-BR-1\train\images\captura_2023-10-02_15-11-34_png.rf.11280e92778ca8e3888ef7cbbf120c23.jpg,train,,,1,53
captura_2023-10-02_15-11-38_png.rf.543c57d23f18885665c2f9df51ab3017.jpg,C:\Users\mviei\AppData\Local\Temp\aed_nativa\Placas-de-Transito-BR-1\train\images\captura_2023-10-02_15-11-38_png.rf.543c57d23f18885665c2f9df51ab3017.jpg,train,,,0,
captura_2023-10-02_15-11-53_png.rf.d2a4cc1bea701d133fee2687d152f0da.jpg,C:\Users\mviei\AppData\Local\Temp\aed_nativa\Placas-de-Transito-BR-1\train\images\captura_2023-10-02_15-11-53_png.rf.d2a4cc1bea701d133fee2687d152f0da.jpg,train,1270.0,636.0,0,
captura_2023-10-02_15-11-55_png.rf.7b98355f7b02eca6029d71719a5e7788.jpg,C:\Users\mviei\AppData\Local\Temp\aed_nativa\Placas-de-Transito-BR-1\train\images\captura_2023-10-02_15-11-55_png.rf.7b98355f7b02eca6029d71719a5e7788.jpg,train,,,1,28
captura_2023-10-02_15-12-09_png.rf.1ab53d7d3942a77e45bad21221ec6e6d.jpg,C:\Users\mviei\AppData\Local\Temp\aed_nativa\Placas-de-Transito-BR-1\train\images\captura_2023-10-02_15-12-09_png.rf.1ab53d7d3942a77e45bad21221ec6e6d.jpg,train,,,0,
captura_2023-10-02_15-12-11_png.rf.bd60fec0e7f8445461eb56fa20d26fd7.jpg,C:\Users\mviei\AppData\Local\Temp\aed_nativa\Placas-de-Transito-BR-1\train\images\captura_2023-10-02_15-12-11_png.rf.bd60fec0e7f8445461eb56fa20d26fd7.jpg,train,,,1,54
captura_2023-10-02_15-12-33_png.rf.44a8222d18493950547ebc496c5a69cc.jpg,C:\Users\mviei\AppData\Local\Temp\aed_nativa\Placas-de-Transito-BR-1\train\images\captura_2023-10-02_15-12-33_png.rf.44a8222d18493950547ebc496c5a69cc.jpg,train,,,1,39
captura_2023-10-02_15-12-35_png.rf.f17cbc888017916e4a69617ad2000269.jpg,C:\Users\mviei\AppData\Local\Temp\aed_nativa\Placas-de-Transito-BR-1\train\images\captura_2023-10-02_15-12-35_png.rf.f17cbc888017916e4a69617ad2000269.jpg,train,,,1,39
captura_2023-10-02_15-12-40_png.rf.6a93f84093c5f5b99793cfc251d640f2.jpg,C:\Users\mviei\AppData\Local\Temp\aed_nativa\Placas-de-Transito-BR-1\train\images\captura_2023-10-02_15-12-40_png.rf.6a93f84093c5f5b99793cfc251d640f2.jpg,train,,,1,39
captura_2023-10-02_15-12-48_png.rf.59439d67f92c596925727370fabc9a30.jpg,C:\Users\mviei\AppData\Local\Temp\aed_nativa\Placas-de-Transito-BR-1\train\images\captura_2023-10-02_15-12-48_png.rf.59439d67f92c596925727370fabc9a30.jpg,train,1270.0,636.0,1,46
captura_2023-10-02_15-12-50_png.rf.9f67249bbf974a67d7bf9dda4c585811.jpg,C:\Users\mviei\AppData\Local\Temp\aed_nativa\Placas-de-Transito-BR-1\train\images\captura_2023-10-02_15-12-50_png.rf.9f67249bbf974a67d7bf9dda4c585811.jpg,train,,,0,
captura_2023-10-02_15-12-58_png.rf.09a75c7ca6cdba49f42f42e1551e924e.jpg,C:\Users\mviei\AppData\Local\Temp\aed_nativa\Placas-de-Transito-BR-1\train\images\captura_2023-10-02_15-12-58_png.rf.09a75c7ca6cdba49f42f42e1551e924e.jpg,train,,,2,39
captura_2023-10-02_15-13-09_png.rf.401e015503859432aaa381ca5936f080.jpg,C:\Users\mviei\AppData\Local\Temp\aed_nativa\Placas-de-Transito-BR-1\train\images\captura_2023-10-02_15-13-09_png.rf.401e015503859432aaa381ca5936f080.jpg,train,,,1,49
captura_2023-10-02_15-13-11_png.rf.85eb346bb994790f0dac62d73098c0c4.jpg,C:\Users\mviei\AppData\Local\Temp\aed_nativa\Placas-de-Transito-BR-1\train\images\captura_2023-10-02_15-13-11_png.rf.85eb346bb994790f0dac62d73098c0c4.jpg,train,,,1,28
captura_2023-10-02_15-13-15_png.rf.079eeb1cd10ea5b1ffe169b5770ea1ff.jpg,C:\Users\mviei\AppData\Local\Temp\aed_nativa\Placas-de-Transito-BR-1\train\images\captura_2023-10-02_15-13-15_png.rf.079eeb1cd10ea5b1ffe169b5770ea1ff.jpg,train,,,2,"43,66"
captura_2023-10-02_15-13-25_png.rf.42269e3976659250c328de07e5c6e2e6.jpg,C:\Users\mviei\AppData\Local\Temp\aed_nativa\Placas-de-Transito-BR-1\train\images\captura_2023-10-02_15-13-25_png.rf.42269e3976659250c328de07e5c6e2e6.jpg,train,,,1,49
captura_2023-10-02_15-13-27_png.rf.ffa3a25f1e751d3633ab2c8fa2056810.jpg,C:\Users\mviei\AppData\Local\Temp\aed_nativa\Placas-de-Transito-BR-1\train\images\captura_2023-10-02_15-13-27_png.rf.ffa3a25f1e751d3633ab2c8fa2056810.jpg,train,1270.0,636.0,1,23
captura_2023-10-02_15-13-30_png.rf.4e5985f4f7851c42402e985346389f95.jpg,C:\Users\mviei\AppData\Local\Temp\aed_nativa\Placas-de-Transito-BR-1\train\images\captura_2023-10-02_15-13-30_png.rf.4e5985f4f7851c42402e985346389f95.jpg,train,,,1,42
captura_2023-10-02_15-13-32_png.rf.0b0c598bfa0e55af1ec185347f0edb8f.jpg,C:\Users\mviei\AppData\Local\Temp\aed_nativa\Placas-de-Transito-BR-1\train\images\captura_2023-10-02_15-13-32_png.rf.0b0c598bfa0e55af1ec185347f0edb8f.jpg,train,,,0,
captura_2023-10-02_15-13-43_png.rf.19c89515d7b7c5d2058ef004e2eb5e24.jpg,C:\Users\mviei\AppData\Local\Temp\aed_nativa\Placas-de-Transito-BR-1\train\images\captura_2023-10-02_15-13-43_png.rf.19c89515d7b7c5d2058ef004e2eb5e24.jpg,train,,,1,48
captura_2023-10-02_15-13-46_png.rf.bfb7daa711b5082670a1c8ad9677bd28.jpg,C:\Users\mviei\AppData\Local\Temp\aed_nativa\Placas-de-Transito-BR-1\train\images\captura_2023-10-02_15-13-46_png.rf.bfb7daa711b5082670a1c8ad9677bd28.jpg,train,,,1,5
captura_2023-10-02_15-13-50_png.rf.3dd56c21fc229096b4f9c2fa7e6c2c6a.jpg,C:\Users\mviei\AppData\Local\Temp\aed_nativa\Placas-de-Transito-BR-1\train\images\captura_2023-10-02_15-13-50_png.rf.3dd56c21fc229096b4f9c2fa7e6c2c6a.jpg,train,,,1,45
captura_2023-10-02_15-13-51_png.rf.8393eca07c3043802eca06470e157a42.jpg,C:\Users\mviei\AppData\Local\Temp\aed_nativa\Placas-de-Transito-BR-1\train\images\captura_2023-10-02_15-13-51_png.rf.8393eca07c3043802eca06470e157a42.jpg,train,,,0,
captura_2023-10-02_15-13-53_png.rf.734d619d64801e74cbeaf7c31c1ae779.jpg,C:\Users\mviei\AppData\Local\Temp\aed_nativa\Placas-de-Transito-BR-1\train\images\captura_2023-10-02_15-13-53_png.rf.734d619d64801e74cbeaf7c31c1ae779.jpg,train,1270.0,636.0,2,"45,48"
captura_2023-10-02_15-13-56_png.rf.446b5cbfa170d4f8bcc0ad60d3c7c89f.jpg,C:\Users\mviei\AppData\Local\Temp\aed_nativa\Placas-de-Transito-BR-1\train\images\captura_2023-10-02_15-13-56_png.rf.446b5cbfa170d4f8bcc0ad60d3c7c89f.jpg,train,,,1,19
captura_2023-10-02_15-13-58_png.rf.c2aa7ac97b16c8be69c2cc8a550995a0.jpg,C:\Users\mviei\AppData\Local\Temp\aed_nativa\Placas-de-Transito-BR-1\train\images\captura_2023-10-02_15-13-58_png.rf.c2aa7ac97b16c8be69c2cc8a550995a0.jpg,train,,,1,49
captura_2023-10-02_15-14-09_png.rf.97802a6fc4df9d33fb40d8bdec7770f4.jpg,C:\Users\mviei\AppData\Local\Temp\aed_nativa\Placas-de-Transito-BR-1\train\images\captura_2023-10-02_15-14-09_png.rf.97802a6fc4df9d33fb40d8bdec7770f4.jpg,train,,,0,
captura_2023-10-02_15-14-13_png.rf.5f33c9f7e53c3aaf5f1962974d3789d0.jpg,C:\Users\mviei\AppData\Local\Temp\aed_nativa\Placas-de-Transito-BR-1\train\images\captura_2023-10-02_15-14-13_png.rf.5f33c9f7e53c3aaf5f1962974d3789d0.jpg,train,,,1,49
captura_2023-10-02_15-14-16_png.rf.f549fdcfb277d081acc5714e6f68e989.jpg,C:\Users\mviei\AppData\Local\Temp\aed_nativa\Placas-de-Transito-BR-1\train\images\captura_2023-10-02_15-14-16_png.rf.f549fdcfb277d081acc5714e6f68e989.jpg,train,,,1,48
captura_2023-10-02_15-14-42_png.rf.9a9da849fd79659067c6b2482a4ea85a.jpg,C:\Users\mviei\AppData\Local\Temp\aed_nativa\Placas-de-Transito-BR-1\train\images\captura_2023-10-02_15-14-42_png.rf.9a9da849fd79659067c6b2482a4ea85a.jpg,train,,,1,48
captura_2023-10-02_15-14-47_png.rf.f14fdd09abdac1710217622df263036e.jpg,C:\Users\mviei\AppData\Local\Temp\aed_nativa\Placas-de-Transito-BR-1\train\images\captura_2023-10-02_15-14-47_png.rf.f14fdd09abdac1710217622df263036e.jpg,train,1270.0,636.0,1,39
captura_2023-10-02_15-14-49_png.rf.c0caf8158a6c7cfd7cdcb4b8ec161b16.jpg,C:\Users\mviei\AppData\Local\Temp\aed_nativa\Placas-de-Transito-BR-1\train\images\captura_2023-10-02_15-14-49_png.rf.c0caf8158a6c7cfd7cdcb4b8ec161b16.jpg,train,,,0,
captura_2023-10-02_15-14-52_png.rf.cdaf842c59fb95a56faabdc19db7d7bc.jpg,C:\Users\mviei\AppData\Local\Temp\aed_nativa\Placas-de-Transito-BR-1\train\images\captura_2023-10-02_15-14-52_png.rf.cdaf842c59fb95a56faabdc19db7d7bc.jpg,train,,,1,39
captura_2023-10-02_15-15-56_png.rf.bf62be4f7bada972df04752cd12fd225.jpg,C:\Users\mviei\AppData\Local\Temp\aed_nativa\Placas-de-Transito-BR-1\train\images\captura_2023-10-02_15-15-56_png.rf.bf62be4f7bada972df04752cd12fd225.jpg,train,,,1,25
captura_2023-10-02_15-16-01_png.rf.a4f123bace24a989d66a2fb265d1bf9a.jpg,C:\Users\mviei\AppData\Local\Temp\aed_nativa\Placas-de-Transito-BR-1\train\images\captura_2023-10-02_15-16-01_png.rf.a4f123bace24a989d66a2fb265d1bf9a.jpg,train,,,1,48
captura_2023-10-02_15-16-06_png.rf.a23ca9c180c39519e91091544aa51aa9.jpg,C:\Users\mviei\AppData\Local\Temp\aed_nativa\Placas-de-Transito-BR-1\train\images\captura_2023-10-02_15-16-06_png.rf.a23ca9c180c39519e91091544aa51aa9.jpg,train,,,1,23
captura_2023-10-02_15-16-31_png.rf.887d188d684bff863154914df3fbbd6c.jpg,C:\Users\mviei\AppData\Local\Temp\aed_nativa\Placas-de-Transito-BR-1\train\images\captura_2023-10-02_15-16-31_png.rf.887d188d684bff863154914df3fbbd6c.jpg,train,,,1,48
captura_2023-10-02_15-16-41_png.rf.15b7b0ecadfe3e15e5e7b93b70d7e9c0.jpg,C:\Users\mviei\AppData\Local\Temp\aed_nativa\Placas-de-Transito-BR-1\train\images\captura_2023-10-02_15-16-41_png.rf.15b7b0ecadfe3e15e5e7b93b70d7e9c0.jpg,train,1270.0,636.0,1,48
captura_2023-10-02_15-16-46_png.rf.641b6220eabb32801892f77d401e1116.jpg,C:\Users\mviei\AppData\Local\Temp\aed_nativa\Placas-de-Transito-BR-1\train\images\captura_2023-10-02_15-16-46_png.rf.641b6220eabb32801892f77d401e1116.jpg,train,,,0,
captura_2023-10-02_15-16-52_png.rf.8b1ccc7fec787bec58cc35a8e1b1d547.jpg,C:\Users\mviei\AppData\Local\Temp\aed_nativa\Placas-de-Transito-BR-1\train\images\captura_2023-10-02_15-16-52_png.rf.8b1ccc7fec787bec58cc35a8e1b1d547.jpg,train,,,0,
captura_2023-10-02_15-16-56_png.rf.a6218ba3d6343e72050b423f9f0d758c.jpg,C:\Users\mviei\AppData\Local\Temp\aed_nativa\Placas-de-Transito-BR-1\train\images\captura_2023-10-02_15-16-56_png.rf.a6218ba3d6343e72050b423f9f0d758c.jpg,train,,,1,48
captura_2023-10-02_15-17-04_png.rf.456aee74740008383c88ba905b941efe.jpg,C:\Users\mviei\AppData\Local\Temp\aed_nativa\Placas-de-Transito-BR-1\train\images\captura_2023-10-02_15-17-04_png.rf.456aee74740008383c88ba905b941efe.jpg,train,,,0,
captura_2023-10-02_15-17-10_png.rf.bf2c47ffa9352bd0e94a3cc8b107c23e.jpg,C:\Users\mviei\AppData\Local\Temp\aed_nativa\Placas-de-Transito-BR-1\train\images\captura_2023-10-02_15-17-10_png.rf.bf2c47ffa9352bd0e94a3cc8b107c23e.jpg,train,,,1,48
captura_2023-10-02_15-17-15_png.rf.201b5f4f5bd619fcb58c62408849263c.jpg,C:\Users\mviei\AppData\Local\Temp\aed_nativa\Placas-de-Transito-BR-1\train\images\captura_2023-10-02_15-17-15_png.rf.201b5f4f5bd619fcb58c62408849263c.jpg,train,,,1,65
captura_2023-10-02_15-17-26_png.rf.15bf51f75567eb1b393ab132f86a7dc2.jpg,C:\Users\mviei\AppData\Local\Temp\aed_nativa\Placas-de-Transito-BR-1\train\images\captura_2023-10-02_15-17-26_png.rf.15bf51f75567eb1b393ab132f86a7dc2.jpg,train,1270.0,636.0,0,
captura_2023-10-02_15-17-29_png.rf.9db1c8287715e4f3af86a62ee4c98782.jpg,C:\Users\mviei\AppData\Local\Temp\aed_nativa\Placas-de-Transito-BR-1\train\images\captura_2023-10-02_15-17-29_png.rf.9db1c8287715e4f3af86a62ee4c98782.jpg,train,,,0,
captura_2023-10-02_15-17-31_png.rf.736c9e6fbc207ec24a43e18d3251d3ec.jpg,C:\Users\mviei\AppData\Local\Temp\aed_nativa\Placas-de-Transito-BR-1\train\images\captura_2023-10-02_15-17-31_png.rf.736c9e6fbc207ec24a43e18d3251d3ec.jpg,train,,,1,49
captura_2023-10-02_15-17-52_png.rf.f1e1df81392f9c27e22843e16a94e590.jpg,C:\Users\mviei\AppData\Local\Temp\aed_nativa\Placas-de-Transito-BR-1\train\images\captura_2023-10-02_15-17-52_png.rf.f1e1df81392f9c27e22843e16a94e590.jpg,train,,,0,
captura_2023-10-02_15-18-02_png.rf.5c8945997ddfd521b1c3e16ad4c44031.jpg,C:\Users\mviei\AppData\Local\Temp\aed_nativa\Placas-de-Transito-BR-1\train\images\captura_2023-10-02_15-18-02_png.rf.5c8945997ddfd521b1c3e16ad4c44031.jpg,train,,,1,48
captura_2023-10-02_15-18-10_png.rf.b131ec6d100248dcd68769b802c2c2c5.jpg,C:\Users\mviei\AppData\Local\Temp\aed_nativa\Placas-de-Transito-BR-1\train\images\captura_2023-10-02_15-18-10_png.rf.b131ec6d100248dcd68769b802c2c2c5.jpg,train,,,1,46
captura_2023-10-02_15-18-40_png.rf.8730d3848ed6e94244d83a724cd9cd47.jpg,C:\Users\mviei\AppData\Local\Temp\aed_nativa\Placas-de-Transito-BR-1\train\images\captura_2023-10-02_15-18-40_png.rf.8730d3848ed6e94244d83a724cd9cd47.jpg,train,,,1,42
captura_2023-10-02_15-18-49_png.rf.ccc18a8687e182d5531c67ec52ea6f70.jpg,C:\Users\mviei\AppData\Local\Temp\aed_nativa\Placas-de-Transito-BR-1\train\images\captura_2023-10-02_15-18-49_png.rf.ccc18a8687e182d5531c67ec52ea6f70.jpg,train,1270.0,636.0,1,48
captura_2023-10-02_15-18-50_png.rf.0671e4d462167d1c9ca5233d025013f0.jpg,C:\Users\mviei\AppData\Local\Temp\aed_nativa\Placas-de-Transito-BR-1\train\images\captura_2023-10-02_15-18-50_png.rf.0671e4d462167d1c9ca5233d025013f0.jpg,train,,,1,23
captura_2023-10-02_15-18-57_png.rf.598c63a38ecd7c6a15b3ddee3b9385a8.jpg,C:\Users\mviei\AppData\Local\Temp\aed_nativa\Placas-de-Transito-BR-1\train\images\captura_2023-10-02_15-18-57_png.rf.598c63a38ecd7c6a15b3ddee3b9385a8.jpg,train,,,1,48
captura_2023-10-02_15-18-58_png.rf.0933ac28d28e147d90fe38eaf3425b75.jpg,C:\Users\mviei\AppData\Local\Temp\aed_nativa\Placas-de-Transito-BR-1\train\images\captura_2023-10-02_15-18-58_png.rf.0933ac28d28e147d90fe38eaf3425b75.jpg,train,,,0,
captura_2023-10-02_15-19-02_png.rf.23b04361c22c5a2b1974e0bdcbce33ff.jpg,C:\Users\mviei\AppData\Local\Temp\aed_nativa\Placas-de-Transito-BR-1\train\images\captura_2023-10-02_15-19-02_png.rf.23b04361c22c5a2b1974e0bdcbce33ff.jpg,train,,,1,65
captura_2023-10-02_15-19-32_png.rf.e287b77cc1cef0291f805f0daed3da47.jpg,C:\Users\mviei\AppData\Local\Temp\aed_nativa\Placas-de-Transito-BR-1\train\images\captura_2023-10-02_15-19-32_png.rf.e287b77cc1cef0291f805f0daed3da47.jpg,train,,,1,37
captura_2023-10-02_15-19-34_png.rf.28961ed571cd21820489f1ba1978a711.jpg,C:\Users\mviei\AppData\Local\Temp\aed_nativa\Placas-de-Transito-BR-1\train\images\captura_2023-10-02_15-19-34_png.rf.28961ed571cd21820489f1ba1978a711.jpg,train,,,1,39
captura_2023-10-02_15-19-36_png.rf.69fc7f5e7d3c3fb83a1353a2bb2b82e5.jpg,C:\Users\mviei\AppData\Local\Temp\aed_nativa\Placas-de-Transito-BR-1\train\images\captura_2023-10-02_15-19-36_png.rf.69fc7f5e7d3c3fb83a1353a2bb2b82e5.jpg,train,1270.0,636.0,1,39
captura_2023-10-02_15-19-41_png.rf.775dcb0908aac586f0fa2650a5e9319a.jpg,C:\Users\mviei\AppData\Local\Temp\aed_nativa\Placas-de-Transito-BR-1\train\images\captura_2023-10-02_15-19-41_png.rf.775dcb0908aac586f0fa2650a5e9319a.jpg,train,,,1,49
captura_2023-10-02_15-19-42_png.rf.de509f69d91a451235638b0e7cf99c70.jpg,C:\Users\mviei\AppData\Local\Temp\aed_nativa\Placas-de-Transito-BR-1\train\images\captura_2023-10-02_15-19-42_png.rf.de509f69d91a451235638b0e7cf99c70.jpg,train,,,1,29
captura_2023-10-02_15-19-44_png.rf.a1a7d768d01ea8110d25bf207343f98e.jpg,C:\Users\mviei\AppData\Local\Temp\aed_nativa\Placas-de-Transito-BR-1\train\images\captura_2023-10-02_15-19-44_png.rf.a1a7d768d01ea8110d25bf207343f98e.jpg,train,,,1,42
captura_2023-10-02_15-20-28_png.rf.e73e4231e392f12cce27226d5e5b8731.jpg,C:\Users\mviei\AppData\Local\Temp\aed_nativa\Placas-de-Transito-BR-1\train\images\captura_2023-10-02_15-20-28_png.rf.e73e4231e392f12cce27226d5e5b8731.jpg,train,,,1,12
captura_2023-10-02_15-20-30_png.rf.efd39af370717281db586bdcc0e4c367.jpg,C:\Users\mviei\AppData\Local\Temp\aed_nativa\Placas-de-Transito-BR-1\train\images\captura_2023-10-02_15-20-30_png.rf.efd39af370717281db586bdcc0e4c367.jpg,train,,,0,
captura_2023-10-02_15-20-35_png.rf.1395d39698046f0600240a7b2a712c31.jpg,C:\Users\mviei\AppData\Local\Temp\aed_nativa\Placas-de-Transito-BR-1\train\images\captura_2023-10-02_15-20-35_png.rf.1395d39698046f0600240a7b2a712c31.jpg,train,,,1,12
captura_2023-10-02_15-20-40_png.rf.ba8a5f6f8e5efdf2443339312ff3aa69.jpg,C:\Users\mviei\AppData\Local\Temp\aed_nativa\Placas-de-Transito-BR-1\train\images\captura_2023-10-02_15-20-40_png.rf.ba8a5f6f8e5efdf2443339312ff3aa69.jpg,train,1270.0,636.0,1,12
captura_2023-10-02_15-20-50_png.rf.e89a3c29d9f835337bb903c7b494e55c.jpg,C:\Users\mviei\AppData\Local\Temp\aed_nativa\Placas-de-Transito-BR-1\train\images\captura_2023-10-02_15-20-50_png.rf.e89a3c29d9f835337bb903c7b494e55c.jpg,train,,,1,48
captura_2023-10-02_15-21-22_png.rf.b9a2637b2a4adfd302433004a5c41f4f.jpg,C:\Users\mviei\AppData\Local\Temp\aed_nativa\Placas-de-Transito-BR-1\train\images\captura_2023-10-02_15-21-22_png.rf.b9a2637b2a4adfd302433004a5c41f4f.jpg,train,,,1,48
captura_2023-10-02_15-21-24_png.rf.a06f825bfd966eb5b6fba00823bc8da5.jpg,C:\Users\mviei\AppData\Local\Temp\aed_nativa\Placas-de-Transito-BR-1\train\images\captura_2023-10-02_15-21-24_png.rf.a06f825bfd966eb5b6fba00823bc8da5.jpg,train,,,1,45
captura_2023-10-02_15-21-26_png.rf.9eed4195152265d8f7f3bbacc8ef22d1.jpg,C:\Users\mviei\AppData\Local\Temp\aed_nativa\Placas-de-Transito-BR-1\train\images\captura_2023-10-02_15-21-26_png.rf.9eed4195152265d8f7f3bbacc8ef22d1.jpg,train,,,1,39
captura_2023-10-02_15-21-27_png.rf.243e92ec62e3165a1e446e7f59b4e571.jpg,C:\Users\mviei\AppData\Local\Temp\aed_nativa\Placas-de-Transito-BR-1\train\images\captura_2023-10-02_15-21-27_png.rf.243e92ec62e3165a1e446e7f59b4e571.jpg,train,,,1,48
captura_2023-10-02_15-21-29_png.rf.4ad06af7454916f72284febb4b1453da.jpg,C:\Users\mviei\AppData\Local\Temp\aed_nativa\Placas-de-Transito-BR-1\train\images\captura_2023-10-02_15-21-29_png.rf.4ad06af7454916f72284febb4b1453da.jpg,train,,,1,63
captura_2023-10-02_15-21-31_png.rf.e83208dcc5ce7993775e8a5e397cb0ff.jpg,C:\Users\mviei\AppData\Local\Temp\aed_nativa\Placas-de-Transito-BR-1\train\images\captura_2023-10-02_15-21-31_png.rf.e83208dcc5ce7993775e8a5e397cb0ff.jpg,train,1270.0,636.0,1,19
captura_2023-10-02_15-21-37_png.rf.a32b37fca72e065a1067f1fb344d39d1.jpg,C:\Users\mviei\AppData\Local\Temp\aed_nativa\Placas-de-Transito-BR-1\train\images\captura_2023-10-02_15-21-37_png.rf.a32b37fca72e065a1067f1fb344d39d1.jpg,train,,,1,49
captura_2023-10-02_15-21-39_png.rf.e58ef0b5e8f90ca286d02ae4cd3ebdc2.jpg,C:\Users\mviei\AppData\Local\Temp\aed_nativa\Placas-de-Transito-BR-1\train\images\captura_2023-10-02_15-21-39_png.rf.e58ef0b5e8f90ca286d02ae4cd3ebdc2.jpg,train,,,1,64
captura_2023-10-02_15-22-23_png.rf.8f982fdd33152ff49472eb4511228b6a.jpg,C:\Users\mviei\AppData\Local\Temp\aed_nativa\Placas-de-Transito-BR-1\train\images\captura_2023-10-02_15-22-23_png.rf.8f982fdd33152ff49472eb4511228b6a.jpg,train,,,1,49
captura_2023-10-02_15-22-25_png.rf.b1bb1cd0122a038baaac179376d6f083.jpg,C:\Users\mviei\AppData\Local\Temp\aed_nativa\Placas-de-Transito-BR-1\train\images\captura_2023-10-02_15-22-25_png.rf.b1bb1cd0122a038baaac179376d6f083.jpg,train,,,1,49
captura_2023-10-02_15-23-02_png.rf.a9e35e0459e4ce6df04a6c08614e5995.jpg,C:\Users\mviei\AppData\Local\Temp\aed_nativa\Placas-de-Transito-BR-1\train\images\captura_2023-10-02_15-23-02_png.rf.a9e35e0459e4ce6df04a6c08614e5995.jpg,train,,,1,15
captura_2023-10-02_15-23-04_png.rf.296120b49ce102faf84ef841009a5e7f.jpg,C:\Users\mviei\AppData\Local\Temp\aed_nativa\Placas-de-Transito-BR-1\train\images\captura_2023-10-02_15-23-04_png.rf.296120b49ce102faf84ef841009a5e7f.jpg,train,,,0,
captura_2023-10-02_15-23-18_png.rf.5f523536d2d3e04537831adbb78449dc.jpg,C:\Users\mviei\AppData\Local\Temp\aed_nativa\Placas-de-Transito-BR-1\train\images\captura_2023-10-02_15-23-18_png.rf.5f523536d2d3e04537831adbb78449dc.jpg,train,1270.0,636.0,1,14
captura_2023-10-02_15-23-22_png.rf.116df741e5cf0b47bfd9af94b1884f22.jpg,C:\Users\mviei\AppData\Local\Temp\aed_nativa\Placas-de-Transito-BR-1\train\images\captura_2023-10-02_15-23-22_png.rf.116df741e5cf0b47bfd9af94b1884f22.jpg,train,,,0,
captura_2023-10-02_15-24-30_png.rf.2b7449248b312fef7408014f342a9c54.jpg,C:\Users\mviei\AppData\Local\Temp\aed_nativa\Placas-de-Transito-BR-1\train\images\captura_2023-10-02_15-24-30_png.rf.2b7449248b312fef7408014f342a9c54.jpg,train,,,1,27
captura_2023-10-02_15-24-46_png.rf.2f3818ccee35f1a9c8bd6883de17243f.jpg,C:\Users\mviei\AppData\Local\Temp\aed_nativa\Placas-de-Transito-BR-1\train\images\captura_2023-10-02_15-24-46_png.rf.2f3818ccee35f1a9c8bd6883de17243f.jpg,train,,,1,42
captura_2023-10-02_15-24-56_png.rf.fcdad9da0488c0666fa8847c3328f311.jpg,C:\Users\mviei\AppData\Local\Temp\aed_nativa\Placas-de-Transito-BR-1\train\images\captura_2023-10-02_15-24-56_png.rf.fcdad9da0488c0666fa8847c3328f311.jpg,train,,,1,53
captura_2023-10-02_15-24-59_png.rf.2e4f312b6d5b43bf097f6e65e503a4ad.jpg,C:\Users\mviei\AppData\Local\Temp\aed_nativa\Placas-de-Transito-BR-1\train\images\captura_2023-10-02_15-24-59_png.rf.2e4f312b6d5b43bf097f6e65e503a4ad.jpg,train,,,1,48
captura_2023-10-02_15-25-00_png.rf.c6f475e2b2e4986384911b78a9784f8c.jpg,C:\Users\mviei\AppData\Local\Temp\aed_nativa\Placas-de-Transito-BR-1\train\images\captura_2023-10-02_15-25-00_png.rf.c6f475e2b2e4986384911b78a9784f8c.jpg,train,,,1,48
captura_2023-10-02_15-25-02_png.rf.f106807c125a58381a88f115dae9e446.jpg,C:\Users\mviei\AppData\Local\Temp\aed_nativa\Placas-de-Transito-BR-1\train\images\captura_2023-10-02_15-25-02_png.rf.f106807c125a58381a88f115dae9e446.jpg,train,1270.0,636.0,1,48
captura_2023-10-02_15-25-03_png.rf.0a3b85b533bcb60eb94dfa861d0d6a98.jpg,C:\Users\mviei\AppData\Local\Temp\aed_nativa\Placas-de-Transito-BR-1\train\images\captura_2023-10-02_15-25-03_png.rf.0a3b85b533bcb60eb94dfa861d0d6a98.jpg,train,,,1,5
captura_2023-10-02_15-25-07_png.rf.7ef5459093f7a7829787e04a58e0f65b.jpg,C:\Users\mviei\AppData\Local\Temp\aed_nativa\Placas-de-Transito-BR-1\train\images\captura_2023-10-02_15-25-07_png.rf.7ef5459093f7a7829787e04a58e0f65b.jpg,train,,,1,48
captura_2023-10-02_15-25-08_png.rf.f73cdb55ad83dd46754d1a26c65ae782.jpg,C:\Users\mviei\AppData\Local\Temp\aed_nativa\Placas-de-Transito-BR-1\train\images\captura_2023-10-02_15-25-08_png.rf.f73cdb55ad83dd46754d1a26c65ae782.jpg,train,,,1,35
captura_2023-10-02_15-25-11_png.rf.c025c4afea2eeba5350a004029a10d1e.jpg,C:\Users\mviei\AppData\Local\Temp\aed_nativa\Placas-de-Transito-BR-1\train\images\captura_2023-10-02_15-25-11_png.rf.c025c4afea2eeba5350a004029a10d1e.jpg,train,,,1,42
captura_2023-10-02_15-25-14_png.rf.f6faac3b48a90c4a1ede8d4d34f9fea2.jpg,C:\Users\mviei\AppData\Local\Temp\aed_nativa\Placas-de-Transito-BR-1\train\images\captura_2023-10-02_15-25-14_png.rf.f6faac3b48a90c4a1ede8d4d34f9fea2.jpg,train,,,1,42
captura_2023-10-02_15-25-16_png.rf.b5a15ca84a7c5e37e58d78dda7113b92.jpg,C:\Users\mviei\AppData\Local\Temp\aed_nativa\Placas-de-Transito-BR-1\train\images\captura_2023-10-02_15-25-16_png.rf.b5a15ca84a7c5e37e58d78dda7113b92.jpg,train,,,0,
captura_2023-10-02_15-25-40_png.rf.f28ecf9db7baadabdaf811cb4a6fe99a.jpg,C:\Users\mviei\AppData\Local\Temp\aed_nativa\Placas-de-Transito-BR-1\train\images\captura_2023-10-02_15-25-40_png.rf.f28ecf9db7baadabdaf811cb4a6fe99a.jpg,train,1270.0,636.0,1,49
captura_2023-10-02_15-27-00_png.rf.be00faea7ff6893eeb169a2e5a6ecfd4.jpg,C:\Users\mviei\AppData\Local\Temp\aed_nativa\Placas-de-Transito-BR-1\train\images\captura_2023-10-02_15-27-00_png.rf.be00faea7ff6893eeb169a2e5a6ecfd4.jpg,train,,,1,12
captura_2023-10-02_15-27-15_png.rf.8e3bd46c874fcc6fff7f43beeb32cf77.jpg,C:\Users\mviei\AppData\Local\Temp\aed_nativa\Placas-de-Transito-BR-1\train\images\captura_2023-10-02_15-27-15_png.rf.8e3bd46c874fcc6fff7f43beeb32cf77.jpg,train,,,1,49
captura_2023-10-02_15-27-18_png.rf.feccac4c1ef2205e3bad73e39ce949ea.jpg,C:\Users\mviei\AppData\Local\Temp\aed_nativa\Placas-de-Transito-BR-1\train\images\captura_2023-10-02_15-27-18_png.rf.feccac4c1ef2205e3bad73e39ce949ea.jpg,train,,,1,48
captura_2023-10-02_15-27-20_png.rf.765a963ff617a50f311c503ad8da75ec.jpg,C:\Users\mviei\AppData\Local\Temp\aed_nativa\Placas-de-Transito-BR-1\train\images\captura_2023-10-02_15-27-20_png.rf.765a963ff617a50f311c503ad8da75ec.jpg,train,,,0,
captura_2023-10-02_15-27-33_png.rf.87a10e912c20b8365a959e969f8489b9.jpg,C:\Users\mviei\AppData\Local\Temp\aed_nativa\Placas-de-Transito-BR-1\train\images\captura_2023-10-02_15-27-33_png.rf.87a10e912c20b8365a959e969f8489b9.jpg,train,,,1,43
captura_2023-10-02_15-27-52_png.rf.c2c2d3cc82543d6261d70f0771e41e81.jpg,C:\Users\mviei\AppData\Local\Temp\aed_nativa\Placas-de-Transito-BR-1\train\images\captura_2023-10-02_15-27-52_png.rf.c2c2d3cc82543d6261d70f0771e41e81.jpg,train,,,1,19
captura_2023-10-02_15-28-26_png.rf.cb13c771ccb14ae74023e9b1875a5e97.jpg,C:\Users\mviei\AppData\Local\Temp\aed_nativa\Placas-de-Transito-BR-1\train\images\captura_2023-10-02_15-28-26_png.rf.cb13c771ccb14ae74023e9b1875a5e97.jpg,train,1270.0,636.0,1,42
captura_2023-10-02_15-28-39_png.rf.a755dc73f1e1978f6f97e4283b49e015.jpg,C:\Users\mviei\AppData\Local\Temp\aed_nativa\Placas-de-Transito-BR-1\train\images\captura_2023-10-02_15-28-39_png.rf.a755dc73f1e1978f6f97e4283b49e015.jpg,train,,,2,39
captura_2023-10-02_15-28-51_png.rf.d5068deacc32b56ae45965b1ad061af6.jpg,C:\Users\mviei\AppData\Local\Temp\aed_nativa\Placas-de-Transito-BR-1\train\images\captura_2023-10-02_15-28-51_png.rf.d5068deacc32b56ae45965b1ad061af6.jpg,train,,,1,19
captura_2023-10-02_15-28-57_png.rf.68ab1e8c26cab6b961dafcaddc22c8b9.jpg,C:\Users\mviei\AppData\Local\Temp\aed_nativa\Placas-de-Transito-BR-1\train\images\captura_2023-10-02_15-28-57_png.rf.68ab1e8c26cab6b961dafcaddc22c8b9.jpg,train,,,1,42
captura_2023-10-02_15-29-02_png.rf.2235419af26f465bd60ac135d9d72ad8.jpg,C:\Users\mviei\AppData\Local\Temp\aed_nativa\Placas-de-Transito-BR-1\train\images\captura_2023-10-02_15-29-02_png.rf.2235419af26f465bd60ac135d9d72ad8.jpg,train,,,1,48
captura_2023-10-02_15-29-31_png.rf.4ea435f90c4a834852d40cfce9e23be0.jpg,C:\Users\mviei\AppData\Local\Temp\aed_nativa\Placas-de-Transito-BR-1\train\images\captura_2023-10-02_15-29-31_png.rf.4ea435f90c4a834852d40cfce9e23be0.jpg,train,,,1,49
captura_2023-10-02_15-34-32_png.rf.f1b0834b8b7602d0d8fd9c2ab558c995.jpg,C:\Users\mviei\AppData\Local\Temp\aed_nativa\Placas-de-Transito-BR-1\train\images\captura_2023-10-02_15-34-32_png.rf.f1b0834b8b7602d0d8fd9c2ab558c995.jpg,train,,,1,49
captura_2023-10-02_15-34-40_png.rf.1e8938da8d1bc0d7b2b3e4c234d2ebdd.jpg,C:\Users\mviei\AppData\Local\Temp\aed_nativa\Placas-de-Transito-BR-1\train\images\captura_2023-10-02_15-34-40_png.rf.1e8938da8d1bc0d7b2b3e4c234d2ebdd.jpg,train,1270.0,636.0,1,43
captura_2023-10-02_15-34-44_png.rf.cf916d8ffcb104a218d68499ebad8b90.jpg,C:\Users\mviei\AppData\Local\Temp\aed_nativa\Placas-de-Transito-BR-1\train\images\captura_2023-10-02_15-34-44_png.rf.cf916d8ffcb104a218d68499ebad8b90.jpg,train,,,1,42
captura_2023-10-02_15-34-57_png.rf.ee6aae3c387cc3d54f6cc3b69cfb910e.jpg,C:\Users\mviei\AppData\Local\Temp\aed_nativa\Placas-de-Transito-BR-1\train\images\captura_2023-10-02_15-34-57_png.rf.ee6aae3c387cc3d54f6cc3b69cfb910e.jpg,train,,,0,
captura_2023-10-02_15-35-02_png.rf.36c0fd0b75d373feacfccb587230e9b5.jpg,C:\Users\mviei\AppData\Local\Temp\aed_nativa\Placas-de-Transito-BR-1\train\images\captura_2023-10-02_15-35-02_png.rf.36c0fd0b75d373feacfccb587230e9b5.jpg,train,,,1,42
captura_2023-10-02_15-35-04_png.rf.eb3618f0567dfd01583cd7a7561fd750.jpg,C:\Users\mviei\AppData\Local\Temp\aed_nativa\Placas-de-Transito-BR-1\train\images\captura_2023-10-02_15-35-04_png.rf.eb3618f0567dfd01583cd7a7561fd750.jpg,train,,,0,
captura_2023-10-02_15-35-13_png.rf.3da70c459f38c4d0d8ef19b13ce5c848.jpg,C:\Users\mviei\AppData\Local\Temp\aed_nativa\Placas-de-Transito-BR-1\train\images\captura_2023-10-02_15-35-13_png.rf.3da70c459f38c4d0d8ef19b13ce5c848.jpg,train,,,1,48
captura_2023-10-02_15-35-21_png.rf.8f82cb039622efc37e9fdffe9fe33850.jpg,C:\Users\mviei\AppData\Local\Temp\aed_nativa\Placas-de-Transito-BR-1\train\images\captura_2023-10-02_15-35-21_png.rf.8f82cb039622efc37e9fdffe9fe33850.jpg,train,,,1,48
captura_2023-10-02_15-35-23_png.rf.ecb2e231a6cb276fadd0150dacc3337c.jpg,C:\Users\mviei\AppData\Local\Temp\aed_nativa\Placas-de-Transito-BR-1\train\images\captura_2023-10-02_15-35-23_png.rf.ecb2e231a6cb276fadd0150dacc3337c.jpg,train,1270.0,636.0,1,48
captura_2023-10-02_15-35-24_png.rf.c41d3d24f2c85a15eebc00f0b1054616.jpg,C:\Users\mviei\AppData\Local\Temp\aed_nativa\Placas-de-Transito-BR-1\train\images\captura_2023-10-02_15-35-24_png.rf.c41d3d24f2c85a15eebc00f0b1054616.jpg,train,,,0,
captura_2023-10-02_15-35-28_png.rf.ddea875376763616cdcf430c6dfbb2cc.jpg,C:\Users\mviei\AppData\Local\Temp\aed_nativa\Placas-de-Transito-BR-1\train\images\captura_2023-10-02_15-35-28_png.rf.ddea875376763616cdcf430c6dfbb2cc.jpg,train,,,0,
captura_2023-10-02_15-35-36_png.rf.d77d2d9d37e3d088382cf7cad9aab99d.jpg,C:\Users\mviei\AppData\Local\Temp\aed_nativa\Placas-de-Transito-BR-1\train\images\captura_2023-10-02_15-35-36_png.rf.d77d2d9d37e3d088382cf7cad9aab99d.jpg,train,,,0,
captura_2023-10-02_15-35-38_png.rf.f6ac2952349a8e80598f034364f842e8.jpg,C:\Users\mviei\AppData\Local\Temp\aed_nativa\Placas-de-Transito-BR-1\train\images\captura_2023-10-02_15-35-38_png.rf.f6ac2952349a8e80598f034364f842e8.jpg,train,,,1,45
captura_2023-10-02_15-35-45_png.rf.138e8f8241b958cf70e917247c55f29b.jpg,C:\Users\mviei\AppData\Local\Temp\aed_nativa\Placas-de-Transito-BR-1\train\images\captura_2023-10-02_15-35-45_png.rf.138e8f8241b958cf70e917247c55f29b.jpg,train,,,1,42
captura_2023-10-02_15-35-51_png.rf.31c81aafeeeb5e901e8cda157ef3e31c.jpg,C:\Users\mviei\AppData\Local\Temp\aed_nativa\Placas-de-Transito-BR-1\train\images\captura_2023-10-02_15-35-51_png.rf.31c81aafeeeb5e901e8cda157ef3e31c.jpg,train,,,1,20
captura_2023-10-02_15-35-53_png.rf.9f119c4124bcd4a064b362953411bec6.jpg,C:\Users\mviei\AppData\Local\Temp\aed_nativa\Placas-de-Transito-BR-1\train\images\captura_2023-10-02_15-35-53_png.rf.9f119c4124bcd4a064b362953411bec6.jpg,train,1270.0,636.0,1,48
captura_2023-10-02_15-36-17_png.rf.2b75921deb3aa1a139904a6762eb3c1d.jpg,C:\Users\mviei\AppData\Local\Temp\aed_nativa\Placas-de-Transito-BR-1\train\images\captura_2023-10-02_15-36-17_png.rf.2b75921deb3aa1a139904a6762eb3c1d.jpg,train,,,1,48
captura_2023-10-02_15-36-20_png.rf.ed1565d9babf3b528f212464eadcc054.jpg,C:\Users\mviei\AppData\Local\Temp\aed_nativa\Placas-de-Transito-BR-1\train\images\captura_2023-10-02_15-36-20_png.rf.ed1565d9babf3b528f212464eadcc054.jpg,train,,,1,7
captura_2023-10-02_15-36-25_png.rf.2955a077e687aaabf27ddb299370ebb7.jpg,C:\Users\mviei\AppData\Local\Temp\aed_nativa\Placas-de-Transito-BR-1\train\images\captura_2023-10-02_15-36-25_png.rf.2955a077e687aaabf27ddb299370ebb7.jpg,train,,,1,7
captura_2023-10-02_15-36-27_png.rf.ec2d93976b6fa6174385a56030aff4c7.jpg,C:\Users\mviei\AppData\Local\Temp\aed_nativa\Placas-de-Transito-BR-1\train\images\captura_2023-10-02_15-36-27_png.rf.ec2d93976b6fa6174385a56030aff4c7.jpg,train,,,2,"48,63"
captura_2023-10-02_15-36-30_png.rf.5fb061450770d65a070ec17abaf8297c.jpg,C:\Users\mviei\AppData\Local\Temp\aed_nativa\Placas-de-Transito-BR-1\train\images\captura_2023-10-02_15-36-30_png.rf.5fb061450770d65a070ec17abaf8297c.jpg,train,,,1,7
captura_2023-10-02_15-36-32_png.rf.3aa5a5d67b3c9fc57c0e835c65b4aaa1.jpg,C:\Users\mviei\AppData\Local\Temp\aed_nativa\Placas-de-Transito-BR-1\train\images\captura_2023-10-02_15-36-32_png.rf.3aa5a5d67b3c9fc57c0e835c65b4aaa1.jpg,train,,,1,46
captura_2023-10-02_15-36-34_png.rf.f8ba6ac30a966b34c813d575a4e265ce.jpg,C:\Users\mviei\AppData\Local\Temp\aed_nativa\Placas-de-Transito-BR-1\train\images\captura_2023-10-02_15-36-34_png.rf.f8ba6ac30a966b34c813d575a4e265ce.jpg,train,1270.0,636.0,1,42
captura_2023-10-02_15-36-35_png.rf.25541cfa23c5c97d15d005ec53b58bc3.jpg,C:\Users\mviei\AppData\Local\Temp\aed_nativa\Placas-de-Transito-BR-1\train\images\captura_2023-10-02_15-36-35_png.rf.25541cfa23c5c97d15d005ec53b58bc3.jpg,train,,,3,"46,7"
captura_2023-10-02_15-36-39_png.rf.d44554b52ac2465f0bc92b98d45ed039.jpg,C:\Users\mviei\AppData\Local\Temp\aed_nativa\Placas-de-Transito-BR-1\train\images\captura_2023-10-02_15-36-39_png.rf.d44554b52ac2465f0bc92b98d45ed039.jpg,train,,,0,
captura_2023-10-02_15-36-42_png.rf.7b36d709830bc38bc1239452b4039cc0.jpg,C:\Users\mviei\AppData\Local\Temp\aed_nativa\Placas-de-Transito-BR-1\train\images\captura_2023-10-02_15-36-42_png.rf.7b36d709830bc38bc1239452b4039cc0.jpg,train,,,1,48
captura_2023-10-02_15-36-59_png.rf.7fc18e4a1fdcc47fbe7e9b5cb2109fec.jpg,C:\Users\mviei\AppData\Local\Temp\aed_nativa\Placas-de-Transito-BR-1\train\images\captura_2023-10-02_15-36-59_png.rf.7fc18e4a1fdcc47fbe7e9b5cb2109fec.jpg,train,,,0,
captura_2023-10-02_15-37-02_png.rf.f37488509e0d4ab7465d5d15040bc137.jpg,C:\Users\mviei\AppData\Local\Temp\aed_nativa\Placas-de-Transito-BR-1\train\images\captura_2023-10-02_15-37-02_png.rf.f37488509e0d4ab7465d5d15040bc137.jpg,train,,,0,
captura_2023-10-02_15-37-04_png.rf.ce05d704e72aab64ad586b8967962f24.jpg,C:\Users\mviei\AppData\Local\Temp\aed_nativa\Placas-de-Transito-BR-1\train\images\captura_2023-10-02_15-37-04_png.rf.ce05d704e72aab64ad586b8967962f24.jpg,train,,,0,
captura_2023-10-02_15-37-05_png.rf.963253c725a40e33d718fcdd37bf72a7.jpg,C:\Users\mviei\AppData\Local\Temp\aed_nativa\Placas-de-Transito-BR-1\train\images\captura_2023-10-02_15-37-05_png.rf.963253c725a40e33d718fcdd37bf72a7.jpg,train,1270.0,636.0,0,
captura_2023-10-02_15-37-07_png.rf.f8ef6c97a119b040c55fc02547fcec41.jpg,C:\Users\mviei\AppData\Local\Temp\aed_nativa\Placas-de-Transito-BR-1\train\images\captura_2023-10-02_15-37-07_png.rf.f8ef6c97a119b040c55fc02547fcec41.jpg,train,,,0,
captura_2023-10-02_15-37-09_png.rf.d43d0b0404adb89ec0c657039573dbfe.jpg,C:\Users\mviei\AppData\Local\Temp\aed_nativa\Placas-de-Transito-BR-1\train\images\captura_2023-10-02_15-37-09_png.rf.d43d0b0404adb89ec0c657039573dbfe.jpg,train,,,0,
captura_2023-10-02_15-37-10_png.rf.dec40f59ca04b990cd3fce8eb158fd6c.jpg,C:\Users\mviei\AppData\Local\Temp\aed_nativa\Placas-de-Transito-BR-1\train\images\captura_2023-10-02_15-37-10_png.rf.dec40f59ca04b990cd3fce8eb158fd6c.jpg,train,,,2,39
captura_2023-10-02_15-37-12_png.rf.c15e171828deba1fa30c6549ad3aaa23.jpg,C:\Users\mviei\AppData\Local\Temp\aed_nativa\Placas-de-Transito-BR-1\train\images\captura_2023-10-02_15-37-12_png.rf.c15e171828deba1fa30c6549ad3aaa23.jpg,train,,,1,39
captura_2023-10-02_15-37-14_png.rf.8c8de5b73b01a3f2ef33d636ac724a60.jpg,C:\Users\mviei\AppData\Local\Temp\aed_nativa\Placas-de-Transito-BR-1\train\images\captura_2023-10-02_15-37-14_png.rf.8c8de5b73b01a3f2ef33d636ac724a60.jpg,train,,,0,
captura_2023-10-02_15-37-15_png.rf.01ffa796d6708ffdb3a547d60bbb3a67.jpg,C:\Users\mviei\AppData\Local\Temp\aed_nativa\Placas-de-Transito-BR-1\train\images\captura_2023-10-02_15-37-15_png.rf.01ffa796d6708ffdb3a547d60bbb3a67.jpg,train,,,1,48
captura_2023-10-02_15-37-23_png.rf.5777ba7a32b1edcf6dbfaa49ba989199.jpg,C:\Users\mviei\AppData\Local\Temp\aed_nativa\Placas-de-Transito-BR-1\train\images\captura_2023-10-02_15-37-23_png.rf.5777ba7a32b1edcf6dbfaa49ba989199.jpg,train,1270.0,636.0,1,35
captura_2023-10-02_15-37-25_png.rf.8eba83a0836b8ed4283b401df27be2af.jpg,C:\Users\mviei\AppData\Local\Temp\aed_nativa\Placas-de-Transito-BR-1\train\images\captura_2023-10-02_15-37-25_png.rf.8eba83a0836b8ed4283b401df27be2af.jpg,train,,,1,35
captura_2023-10-02_15-37-27_png.rf.061f5fe10994f25a56b3461e5e9f817a.jpg,C:\Users\mviei\AppData\Local\Temp\aed_nativa\Placas-de-Transito-BR-1\train\images\captura_2023-10-02_15-37-27_png.rf.061f5fe10994f25a56b3461e5e9f817a.jpg,train,,,1,42
captura_2023-10-02_15-37-32_png.rf.2a6be5d0791457e4ef68be874ba77731.jpg,C:\Users\mviei\AppData\Local\Temp\aed_nativa\Placas-de-Transito-BR-1\train\images\captura_2023-10-02_15-37-32_png.rf.2a6be5d0791457e4ef68be874ba77731.jpg,train,,,1,5
captura_2023-10-02_15-37-33_png.rf.3cba621ff8a49f6a775b6e045777812e.jpg,C:\Users\mviei\AppData\Local\Temp\aed_nativa\Placas-de-Transito-BR-1\train\images\captura_2023-10-02_15-37-33_png.rf.3cba621ff8a49f6a775b6e045777812e.jpg,train,,,0,
captura_2023-10-02_15-37-37_png.rf.11222584be8af810b734ec127462c186.jpg,C:\Users\mviei\AppData\Local\Temp\aed_nativa\Placas-de-Transito-BR-1\train\images\captura_2023-10-02_15-37-37_png.rf.11222584be8af810b734ec127462c186.jpg,train,,,0,
captura_2023-10-02_15-37-51_png.rf.dec4d0e69a17c37ac0e3bacf2e0bd16c.jpg,C:\Users\mviei\AppData\Local\Temp\aed_nativa\Placas-de-Transito-BR-1\train\images\captura_2023-10-02_15-37-51_png.rf.dec4d0e69a17c37ac0e3bacf2e0bd16c.jpg,train,,,1,63
captura_2023-10-02_15-37-56_png.rf.adfcff2dd08c5e390421f9bf6f6ed6c5.jpg,C:\Users\mviei\AppData\Local\Temp\aed_nativa\Placas-de-Transito-BR-1\train\images\captura_2023-10-02_15-37-56_png.rf.adfcff2dd08c5e390421f9bf6f6ed6c5.jpg,train,1270.0,636.0,1,48
captura_2023-10-02_15-38-01_png.rf.3cca81bed665572e28b6042aeea76284.jpg,C:\Users\mviei\AppData\Local\Temp\aed_nativa\Placas-de-Transito-BR-1\train\images\captura_2023-10-02_15-38-01_png.rf.3cca81bed665572e28b6042aeea76284.jpg,train,,,1,42
captura_2023-10-02_15-39-01_png.rf.e2b7e2bbb428db8db29962923d404859.jpg,C:\Users\mviei\AppData\Local\Temp\aed_nativa\Placas-de-Transito-BR-1\train\images\captura_2023-10-02_15-39-01_png.rf.e2b7e2bbb428db8db29962923d404859.jpg,train,,,1,14
captura_2023-10-02_15-39-03_png.rf.455722981b659bd365d8ba795622d319.jpg,C:\Users\mviei\AppData\Local\Temp\aed_nativa\Placas-de-Transito-BR-1\train\images\captura_2023-10-02_15-39-03_png.rf.455722981b659bd365d8ba795622d319.jpg,train,,,1,39
captura_2023-10-02_15-39-04_png.rf.3e1f12ec85f20e0fc14c699d965dbfb0.jpg,C:\Users\mviei\AppData\Local\Temp\aed_nativa\Placas-de-Transito-BR-1\train\images\captura_2023-10-02_15-39-04_png.rf.3e1f12ec85f20e0fc14c699d965dbfb0.jpg,train,,,2,"39,40"
captura_2023-10-02_15-39-08_png.rf.669c1050f6015d3b7fedb20c17b29750.jpg,C:\Users\mviei\AppData\Local\Temp\aed_nativa\Placas-de-Transito-BR-1\train\images\captura_2023-10-02_15-39-08_png.rf.669c1050f6015d3b7fedb20c17b29750.jpg,train,,,0,
captura_2023-10-02_15-39-10_png.rf.ec4650456d3d5868755d9c828e3f17f7.jpg,C:\Users\mviei\AppData\Local\Temp\aed_nativa\Placas-de-Transito-BR-1\train\images\captura_2023-10-02_15-39-10_png.rf.ec4650456d3d5868755d9c828e3f17f7.jpg,train,,,1,39
captura_2023-10-02_15-39-11_png.rf.25365d0506f7a7763fdea8fb987e29ea.jpg,C:\Users\mviei\AppData\Local\Temp\aed_nativa\Placas-de-Transito-BR-1\train\images\captura_2023-10-02_15-39-11_png.rf.25365d0506f7a7763fdea8fb987e29ea.jpg,train,1270.0,636.0,1,39
captura_2023-10-02_15-39-13_png.rf.2f9f603596c685744a1ce8ef0d965345.jpg,C:\Users\mviei\AppData\Local\Temp\aed_nativa\Placas-de-Transito-BR-1\train\images\captura_2023-10-02_15-39-13_png.rf.2f9f603596c685744a1ce8ef0d965345.jpg,train,,,1,39
captura_2023-10-02_15-39-18_png.rf.705b4b56a8cf57de4aa95f59a4a238d8.jpg,C:\Users\mviei\AppData\Local\Temp\aed_nativa\Placas-de-Transito-BR-1\train\images\captura_2023-10-02_15-39-18_png.rf.705b4b56a8cf57de4aa95f59a4a238d8.jpg,train,,,1,39
captura_2023-10-02_15-39-19_png.rf.8ccd2096f2025fc78bf9ba157b7c5ad0.jpg,C:\Users\mviei\AppData\Local\Temp\aed_nativa\Placas-de-Transito-BR-1\train\images\captura_2023-10-02_15-39-19_png.rf.8ccd2096f2025fc78bf9ba157b7c5ad0.jpg,train,,,1,28
captura_2023-10-02_15-39-28_png.rf.4203cdf35b2a0f509f555ddcc71209bb.jpg,C:\Users\mviei\AppData\Local\Temp\aed_nativa\Placas-de-Transito-BR-1\train\images\captura_2023-10-02_15-39-28_png.rf.4203cdf35b2a0f509f555ddcc71209bb.jpg,train,,,1,42
captura_2023-10-02_15-39-53_png.rf.c1a7699cac672abb907bb1c52be06d5c.jpg,C:\Users\mviei\AppData\Local\Temp\aed_nativa\Placas-de-Transito-BR-1\train\images\captura_2023-10-02_15-39-53_png.rf.c1a7699cac672abb907bb1c52be06d5c.jpg,train,,,1,35
captura_2023-10-02_15-39-56_png.rf.cc553d099be5021e23bbb0b59df00c3b.jpg,C:\Users\mviei\AppData\Local\Temp\aed_nativa\Placas-de-Transito-BR-1\train\images\captura_2023-10-02_15-39-56_png.rf.cc553d099be5021e23bbb0b59df00c3b.jpg,train,,,1,20
captura_2023-10-02_15-40-28_png.rf.16be0216ecbd92cd5b37762b2250b8c9.jpg,C:\Users\mviei\AppData\Local\Temp\aed_nativa\Placas-de-Transito-BR-1\train\images\captura_2023-10-02_15-40-28_png.rf.16be0216ecbd92cd5b37762b2250b8c9.jpg,train,1270.0,636.0,1,12
captura_2023-10-02_15-40-31_png.rf.f035c561579c4d80cdcc64b3c622b4b4.jpg,C:\Users\mviei\AppData\Local\Temp\aed_nativa\Placas-de-Transito-BR-1\train\images\captura_2023-10-02_15-40-31_png.rf.f035c561579c4d80cdcc64b3c622b4b4.jpg,train,,,1,65
captura_2023-10-02_15-40-38_png.rf.d4830a2d998ffb27c4351b536990fd04.jpg,C:\Users\mviei\AppData\Local\Temp\aed_nativa\Placas-de-Transito-BR-1\train\images\captura_2023-10-02_15-40-38_png.rf.d4830a2d998ffb27c4351b536990fd04.jpg,train,,,0,
captura_2023-10-02_15-40-40_png.rf.0b25868f4782ce0b94cc1f746d274f75.jpg,C:\Users\mviei\AppData\Local\Temp\aed_nativa\Placas-de-Transito-BR-1\train\images\captura_2023-10-02_15-40-40_png.rf.0b25868f4782ce0b94cc1f746d274f75.jpg,train,,,1,48
captura_2023-10-02_15-40-48_png.rf.fb59c3cfa0fe6ccec941546d7be39a1e.jpg,C:\Users\mviei\AppData\Local\Temp\aed_nativa\Placas-de-Transito-BR-1\train\images\captura_2023-10-02_15-40-48_png.rf.fb59c3cfa0fe6ccec941546d7be39a1e.jpg,train,,,1,20
captura_2023-10-02_15-41-19_png.rf.59748c500b058343a9181e6e119ca106.jpg,C:\Users\mviei\AppData\Local\Temp\aed_nativa\Placas-de-Transito-BR-1\train\images\captura_2023-10-02_15-41-19_png.rf.59748c500b058343a9181e6e119ca106.jpg,train,,,1,29
captura_2023-10-02_15-41-36_png.rf.e3e66af599b78a2b057c62122cc5b8ff.jpg,C:\Users\mviei\AppData\Local\Temp\aed_nativa\Placas-de-Transito-BR-1\train\images\captura_2023-10-02_15-41-36_png.rf.e3e66af599b78a2b057c62122cc5b8ff.jpg,train,,,1,37
captura_2023-10-02_15-41-39_png.rf.4a43a64a04b3e8eab016e6132b13ad94.jpg,C:\Users\mviei\AppData\Local\Temp\aed_nativa\Placas-de-Transito-BR-1\train\images\captura_2023-10-02_15-41-39_png.rf.4a43a64a04b3e8eab016e6132b13ad94.jpg,train,1270.0,636.0,1,45
captura_2023-10-02_15-41-43_png.rf.9aea3823801f0b4fa0b666d4e22b829d.jpg,C:\Users\mviei\AppData\Local\Temp\aed_nativa\Placas-de-Transito-BR-1\train\images\captura_2023-10-02_15-41-43_png.rf.9aea3823801f0b4fa0b666d4e22b829d.jpg,train,,,1,48
captura_2023-10-02_15-41-45_png.rf.4c282e33cb9904affa22713940379788.jpg,C:\Users\mviei\AppData\Local\Temp\aed_nativa\Placas-de-Transito-BR-1\train\images\captura_2023-10-02_15-41-45_png.rf.4c282e33cb9904affa22713940379788.jpg,train,,,0,
captura_2023-10-02_15-41-46_png.rf.9d0bcbadcac86c2c898f264915728b6e.jpg,C:\Users\mviei\AppData\Local\Temp\aed_nativa\Placas-de-Transito-BR-1\train\images\captura_2023-10-02_15-41-46_png.rf.9d0bcbadcac86c2c898f264915728b6e.jpg,train,,,1,28
captura_2023-10-02_15-41-48_png.rf.422020b2de87b7065cb8152812f59834.jpg,C:\Users\mviei\AppData\Local\Temp\aed_nativa\Placas-de-Transito-BR-1\train\images\captura_2023-10-02_15-41-48_png.rf.422020b2de87b7065cb8152812f59834.jpg,train,,,1,51
captura_2023-10-02_15-41-52_png.rf.f9c203870d77fac1a673e2977f7eda77.jpg,C:\Users\mviei\AppData\Local\Temp\aed_nativa\Placas-de-Transito-BR-1\train\images\captura_2023-10-02_15-41-52_png.rf.f9c203870d77fac1a673e2977f7eda77.jpg,train,,,1,39
captura_2023-10-02_15-41-53_png.rf.df757bece34885300a618eefc328d4d2.jpg,C:\Users\mviei\AppData\Local\Temp\aed_nativa\Placas-de-Transito-BR-1\train\images\captura_2023-10-02_15-41-53_png.rf.df757bece34885300a618eefc328d4d2.jpg,train,,,1,39
captura_2023-10-02_15-41-55_png.rf.968d4b25b5ff023e020e99de8a2d740b.jpg,C:\Users\mviei\AppData\Local\Temp\aed_nativa\Placas-de-Transito-BR-1\train\images\captura_2023-10-02_15-41-55_png.rf.968d4b25b5ff023e020e99de8a2d740b.jpg,train,1270.0,636.0,1,39
captura_2023-10-02_15-41-57_png.rf.11130edb9ece4f65f148b3241cdd3137.jpg,C:\Users\mviei\AppData\Local\Temp\aed_nativa\Placas-de-Transito-BR-1\train\images\captura_2023-10-02_15-41-57_png.rf.11130edb9ece4f65f148b3241cdd3137.jpg,train,,,3,"39,42"
captura_2023-10-02_15-41-58_png.rf.64b98c29cd2cdd9c984987ffca956f22.jpg,C:\Users\mviei\AppData\Local\Temp\aed_nativa\Placas-de-Transito-BR-1\train\images\captura_2023-10-02_15-41-58_png.rf.64b98c29cd2cdd9c984987ffca956f22.jpg,train,,,1,4
captura_2023-10-02_15-42-22_png.rf.fb71162dad44df92e04ceea3afdc68be.jpg,C:\Users\mviei\AppData\Local\Temp\aed_nativa\Placas-de-Transito-BR-1\train\images\captura_2023-10-02_15-42-22_png.rf.fb71162dad44df92e04ceea3afdc68be.jpg,train,,,0,
captura_2023-10-02_15-42-26_png.rf.f3f045a178b73d39a0994a9ca4023f27.jpg,C:\Users\mviei\AppData\Local\Temp\aed_nativa\Placas-de-Transito-BR-1\train\images\captura_2023-10-02_15-42-26_png.rf.f3f045a178b73d39a0994a9ca4023f27.jpg,train,,,2,"46,65"
captura_2023-10-02_15-42-27_png.rf.43749915dc00e469c1e97dd6b69a90aa.jpg,C:\Users\mviei\AppData\Local\Temp\aed_nativa\Placas-de-Transito-BR-1\train\images\captura_2023-10-02_15-42-27_png.rf.43749915dc00e469c1e97dd6b69a90aa.jpg,train,,,1,23
captura_2023-10-02_15-42-34_png.rf.a0cfe5c5452a22cb031f675c3f247a3c.jpg,C:\Users\mviei\AppData\Local\Temp\aed_nativa\Placas-de-Transito-BR-1\train\images\captura_2023-10-02_15-42-34_png.rf.a0cfe5c5452a22cb031f675c3f247a3c.jpg,train,,,2,"43,48"
captura_2023-10-02_15-42-38_png.rf.262fa80b55e1cc5722a4eb730c7af7a2.jpg,C:\Users\mviei\AppData\Local\Temp\aed_nativa\Placas-de-Transito-BR-1\train\images\captura_2023-10-02_15-42-38_png.rf.262fa80b55e1cc5722a4eb730c7af7a2.jpg,train,1270.0,636.0,4,"40,45,46,65"
captura_2023-10-02_15-42-39_png.rf.6246dbaa77958960d7af5e6a2f1ddd21.jpg,C:\Users\mviei\AppData\Local\Temp\aed_nativa\Placas-de-Transito-BR-1\train\images\captura_2023-10-02_15-42-39_png.rf.6246dbaa77958960d7af5e6a2f1ddd21.jpg,train,,,0,
captura_2023-10-02_15-42-41_png.rf.0161f69e824aa5887b75fdb83acf47bf.jpg,C:\Users\mviei\AppData\Local\Temp\aed_nativa\Placas-de-Transito-BR-1\train\images\captura_2023-10-02_15-42-41_png.rf.0161f69e824aa5887b75fdb83acf47bf.jpg,train,,,0,
captura_2023-10-02_15-42-43_png.rf.c3635b84d16d41adc8ed0540312dc575.jpg,C:\Users\mviei\AppData\Local\Temp\aed_nativa\Placas-de-Transito-BR-1\train\images\captura_2023-10-02_15-42-43_png.rf.c3635b84d16d41adc8ed0540312dc575.jpg,train,,,0,
captura_2023-10-02_15-42-44_png.rf.6e5d85b1beab5d0f163a71030afa54be.jpg,C:\Users\mviei\AppData\Local\Temp\aed_nativa\Placas-de-Transito-BR-1\train\images\captura_2023-10-02_15-42-44_png.rf.6e5d85b1beab5d0f163a71030afa54be.jpg,train,,,0,
captura_2023-10-02_15-42-53_png.rf.b8909a78cdc7347cf062d63800ef6739.jpg,C:\Users\mviei\AppData\Local\Temp\aed_nativa\Placas-de-Transito-BR-1\train\images\captura_2023-10-02_15-42-53_png.rf.b8909a78cdc7347cf062d63800ef6739.jpg,train,,,0,
captura_2023-10-02_15-42-56_png.rf.274f548eda5c5437edbaa6ad2030dca9.jpg,C:\Users\mviei\AppData\Local\Temp\aed_nativa\Placas-de-Transito-BR-1\train\images\captura_2023-10-02_15-42-56_png.rf.274f548eda5c5437edbaa6ad2030dca9.jpg,train,,,0,
captura_2023-10-02_15-42-58_png.rf.3a1ed09bb410dd071d7b49d69716f7e7.jpg,C:\Users\mviei\AppData\Local\Temp\aed_nativa\Placas-de-Transito-BR-1\train\images\captura_2023-10-02_15-42-58_png.rf.3a1ed09bb410dd071d7b49d69716f7e7.jpg,train,1270.0,636.0,0,
captura_2023-10-02_15-43-00_png.rf.84e0bfb6a4cd760f4cfd459e754dbdaa.jpg,C:\Users\mviei\AppData\Local\Temp\aed_nativa\Placas-de-Transito-BR-1\train\images\captura_2023-10-02_15-43-00_png.rf.84e0bfb6a4cd760f4cfd459e754dbdaa.jpg,train,,,1,65
captura_2023-10-02_15-43-05_png.rf.50767fad6b4cbda7b44d327ca82689e5.jpg,C:\Users\mviei\AppData\Local\Temp\aed_nativa\Placas-de-Transito-BR-1\train\images\captura_2023-10-02_15-43-05_png.rf.50767fad6b4cbda7b44d327ca82689e5.jpg,train,,,1,60
captura_2023-10-02_15-43-21_png.rf.06802af8fe756b5224bb26bcba9d283d.jpg,C:\Users\mviei\AppData\Local\Temp\aed_nativa\Placas-de-Transito-BR-1\train\images\captura_2023-10-02_15-43-21_png.rf.06802af8fe756b5224bb26bcba9d283d.jpg,train,,,2,48
captura_2023-10-02_15-43-24_png.rf.ba01a92e59d4c519060b3fb8756559cf.jpg,C:\Users\mviei\AppData\Local\Temp\aed_nativa\Placas-de-Transito-BR-1\train\images\captura_2023-10-02_15-43-24_png.rf.ba01a92e59d4c519060b3fb8756559cf.jpg,train,,,2,48
captura_2023-10-02_15-43-52_png.rf.5723215fd15c721ff59616d60a377a44.jpg,C:\Users\mviei\AppData\Local\Temp\aed_nativa\Placas-de-Transito-BR-1\train\images\captura_2023-10-02_15-43-52_png.rf.5723215fd15c721ff59616d60a377a44.jpg,train,,,0,
captura_2023-10-02_15-43-53_png.rf.fe70a4530ec8c170ab35f80b54f5f8e3.jpg,C:\Users\mviei\AppData\Local\Temp\aed_nativa\Placas-de-Transito-BR-1\train\images\captura_2023-10-02_15-43-53_png.rf.fe70a4530ec8c170ab35f80b54f5f8e3.jpg,train,,,0,
captura_2023-10-02_15-44-06_png.rf.66722b805525077415c06c97aa6eb344.jpg,C:\Users\mviei\AppData\Local\Temp\aed_nativa\Placas-de-Transito-BR-1\train\images\captura_2023-10-02_15-44-06_png.rf.66722b805525077415c06c97aa6eb344.jpg,train,1270.0,636.0,1,65
captura_2023-10-02_15-44-07_png.rf.3fc80a5ac14aa68f8bfe7e238e16b92e.jpg,C:\Users\mviei\AppData\Local\Temp\aed_nativa\Placas-de-Transito-BR-1\train\images\captura_2023-10-02_15-44-07_png.rf.3fc80a5ac14aa68f8bfe7e238e16b92e.jpg,train,,,1,42
captura_2023-10-02_15-44-16_png.rf.f272da7d5a6f9126487f8c401aeab55d.jpg,C:\Users\mviei\AppData\Local\Temp\aed_nativa\Placas-de-Transito-BR-1\train\images\captura_2023-10-02_15-44-16_png.rf.f272da7d5a6f9126487f8c401aeab55d.jpg,train,,,1,48
captura_2023-10-02_15-44-18_png.rf.6da6926a32ef0db217aaa9eb3d3bf958.jpg,C:\Users\mviei\AppData\Local\Temp\aed_nativa\Placas-de-Transito-BR-1\train\images\captura_2023-10-02_15-44-18_png.rf.6da6926a32ef0db217aaa9eb3d3bf958.jpg,train,,,1,65
captura_2023-10-02_15-44-20_png.rf.8572c07c42bb4d3c6ebd1932ac10eefe.jpg,C:\Users\mviei\AppData\Local\Temp\aed_nativa\Placas-de-Transito-BR-1\train\images\captura_2023-10-02_15-44-20_png.rf.8572c07c42bb4d3c6ebd1932ac10eefe.jpg,train,,,1,43
captura_2023-10-02_15-44-21_png.rf.79d2e1bc395c315e1f4fffc454709802.jpg,C:\Users\mviei\AppData\Local\Temp\aed_nativa\Placas-de-Transito-BR-1\train\images\captura_2023-10-02_15-44-21_png.rf.79d2e1bc395c315e1f4fffc454709802.jpg,train,,,1,66
captura_2023-10-02_15-44-35_png.rf.6b79a7ff6bec1cf7c6d6d74ae50ccff5.jpg,C:\Users\mviei\AppData\Local\Temp\aed_nativa\Placas-de-Transito-BR-1\train\images\captura_2023-10-02_15-44-35_png.rf.6b79a7ff6bec1cf7c6d6d74ae50ccff5.jpg,train,,,1,49
captura_2023-10-02_15-44-41_png.rf.f0f925060f6f9a11f339994f4724737f.jpg,C:\Users\mviei\AppData\Local\Temp\aed_nativa\Placas-de-Transito-BR-1\train\images\captura_2023-10-02_15-44-41_png.rf.f0f925060f6f9a11f339994f4724737f.jpg,train,1270.0,636.0,1,45
captura_2023-10-02_15-44-46_png.rf.548e2ba5c0404e615cadc94e79c9a776.jpg,C:\Users\mviei\AppData\Local\Temp\aed_nativa\Placas-de-Transito-BR-1\train\images\captura_2023-10-02_15-44-46_png.rf.548e2ba5c0404e615cadc94e79c9a776.jpg,train,,,1,20
captura_2023-10-02_15-44-53_png.rf.751355f3eba84f6cbf3caec14c8385e2.jpg,C:\Users\mviei\AppData\Local\Temp\aed_nativa\Placas-de-Transito-BR-1\train\images\captura_2023-10-02_15-44-53_png.rf.751355f3eba84f6cbf3caec14c8385e2.jpg,train,,,1,39
captura_2023-10-02_15-45-04_png.rf.7b312125eae381a581bd93a78cd76371.jpg,C:\Users\mviei\AppData\Local\Temp\aed_nativa\Placas-de-Transito-BR-1\train\images\captura_2023-10-02_15-45-04_png.rf.7b312125eae381a581bd93a78cd76371.jpg,train,,,1,43
captura_2023-10-02_15-45-14_png.rf.61b3f4a4ee2731034daa1f4793ad2770.jpg,C:\Users\mviei\AppData\Local\Temp\aed_nativa\Placas-de-Transito-BR-1\train\images\captura_2023-10-02_15-45-14_png.rf.61b3f4a4ee2731034daa1f4793ad2770.jpg,train,,,1,61
captura_2023-10-02_15-45-16_png.rf.2a40893faa18043a88ecc6e7439489cc.jpg,C:\Users\mviei\AppData\Local\Temp\aed_nativa\Placas-de-Transito-BR-1\train\images\captura_2023-10-02_15-45-16_png.rf.2a40893faa18043a88ecc6e7439489cc.jpg,train,,,1,61
captura_2023-10-02_15-45-17_png.rf.07c5cdfa9abb8e27a5768f15ea9891db.jpg,C:\Users\mviei\AppData\Local\Temp\aed_nativa\Placas-de-Transito-BR-1\train\images\captura_2023-10-02_15-45-17_png.rf.07c5cdfa9abb8e27a5768f15ea9891db.jpg,train,,,1,49
captura_2023-10-02_15-45-22_png.rf.9aeec2570a7b177c64991e28555d9553.jpg,C:\Users\mviei\AppData\Local\Temp\aed_nativa\Placas-de-Transito-BR-1\train\images\captura_2023-10-02_15-45-22_png.rf.9aeec2570a7b177c64991e28555d9553.jpg,train,1270.0,636.0,1,49
captura_2023-10-02_15-45-24_png.rf.b90fac20bacc8151efa7aba63958a734.jpg,C:\Users\mviei\AppData\Local\Temp\aed_nativa\Placas-de-Transito-BR-1\train\images\captura_2023-10-02_15-45-24_png.rf.b90fac20bacc8151efa7aba63958a734.jpg,train,,,1,49
captura_2023-10-02_15-45-43_png.rf.452e4f8ef103e9e2c2cbba601275df60.jpg,C:\Users\mviei\AppData\Local\Temp\aed_nativa\Placas-de-Transito-BR-1\train\images\captura_2023-10-02_15-45-43_png.rf.452e4f8ef103e9e2c2cbba601275df60.jpg,train,,,1,42
captura_2023-10-02_15-46-00_png.rf.cf294ffcbdea94c6a1c06a9551293023.jpg,C:\Users\mviei\AppData\Local\Temp\aed_nativa\Placas-de-Transito-BR-1\train\images\captura_2023-10-02_15-46-00_png.rf.cf294ffcbdea94c6a1c06a9551293023.jpg,train,,,1,43
captura_2023-10-02_15-46-16_png.rf.f5ad5d3e0c1c04669dd08526e77a4a90.jpg,C:\Users\mviei\AppData\Local\Temp\aed_nativa\Placas-de-Transito-BR-1\train\images\captura_2023-10-02_15-46-16_png.rf.f5ad5d3e0c1c04669dd08526e77a4a90.jpg,train,,,2,48
captura_2023-10-02_15-46-22_png.rf.6b9fae74cd25dc87e02fe64404c918f0.jpg,C:\Users\mviei\AppData\Local\Temp\aed_nativa\Placas-de-Transito-BR-1\train\images\captura_2023-10-02_15-46-22_png.rf.6b9fae74cd25dc87e02fe64404c918f0.jpg,train,,,1,45
captura_2023-10-02_15-46-34_png.rf.e56bb15fc070e62e7f5855d4623ade08.jpg,C:\Users\mviei\AppData\Local\Temp\aed_nativa\Placas-de-Transito-BR-1\train\images\captura_2023-10-02_15-46-34_png.rf.e56bb15fc070e62e7f5855d4623ade08.jpg,train,,,2,48
captura_2023-10-02_15-46-39_png.rf.3cd5abca048ddc3d86de2eb5650953f6.jpg,C:\Users\mviei\AppData\Local\Temp\aed_nativa\Placas-de-Transito-BR-1\train\images\captura_2023-10-02_15-46-39_png.rf.3cd5abca048ddc3d86de2eb5650953f6.jpg,train,1270.0,636.0,1,9
captura_2023-10-02_15-46-48_png.rf.45701c51abd4263b18c45d85e3eb04ee.jpg,C:\Users\mviei\AppData\Local\Temp\aed_nativa\Placas-de-Transito-BR-1\train\images\captura_2023-10-02_15-46-48_png.rf.45701c51abd4263b18c45d85e3eb04ee.jpg,train,,,1,42
captura_2023-10-02_15-46-50_png.rf.1567ed05b4ba308f283e231cb2cab32c.jpg,C:\Users\mviei\AppData\Local\Temp\aed_nativa\Placas-de-Transito-BR-1\train\images\captura_2023-10-02_15-46-50_png.rf.1567ed05b4ba308f283e231cb2cab32c.jpg,train,,,1,37
captura_2023-10-02_15-47-10_png.rf.6a3dcdc661a6b7804e3d5e570dcd8bd8.jpg,C:\Users\mviei\AppData\Local\Temp\aed_nativa\Placas-de-Transito-BR-1\train\images\captura_2023-10-02_15-47-10_png.rf.6a3dcdc661a6b7804e3d5e570dcd8bd8.jpg,train,,,1,42
captura_2023-10-02_15-47-17_png.rf.618158f15279095dcf365d299dea8e97.jpg,C:\Users\mviei\AppData\Local\Temp\aed_nativa\Placas-de-Transito-BR-1\train\images\captura_2023-10-02_15-47-17_png.rf.618158f15279095dcf365d299dea8e97.jpg,train,,,1,62
captura_2023-10-02_15-47-31_png.rf.f38a31d4423e81449e976eb900a962f8.jpg,C:\Users\mviei\AppData\Local\Temp\aed_nativa\Placas-de-Transito-BR-1\train\images\captura_2023-10-02_15-47-31_png.rf.f38a31d4423e81449e976eb900a962f8.jpg,train,,,1,48
captura_2023-10-02_15-47-47_png.rf.af13fdb5fe733eb5fb1d1223141d0123.jpg,C:\Users\mviei\AppData\Local\Temp\aed_nativa\Placas-de-Transito-BR-1\train\images\captura_2023-10-02_15-47-47_png.rf.af13fdb5fe733eb5fb1d1223141d0123.jpg,train,,,1,42
captura_2023-10-02_15-47-48_png.rf.8e95b4cffff0b383644aefcc8b8c7f46.jpg,C:\Users\mviei\AppData\Local\Temp\aed_nativa\Placas-de-Transito-BR-1\train\images\captura_2023-10-02_15-47-48_png.rf.8e95b4cffff0b383644aefcc8b8c7f46.jpg,train,1270.0,636.0,1,48
captura_2023-10-02_15-47-53_png.rf.897dfa66d0cdfc84162d60836f585fc1.jpg,C:\Users\mviei\AppData\Local\Temp\aed_nativa\Placas-de-Transito-BR-1\train\images\captura_2023-10-02_15-47-53_png.rf.897dfa66d0cdfc84162d60836f585fc1.jpg,train,,,2,42
captura_2023-10-02_15-47-55_png.rf.a42bec913ecd74c2150a851b3b11b52e.jpg,C:\Users\mviei\AppData\Local\Temp\aed_nativa\Placas-de-Transito-BR-1\train\images\captura_2023-10-02_15-47-55_png.rf.a42bec913ecd74c2150a851b3b11b52e.jpg,train,,,1,42
captura_2023-10-02_15-48-02_png.rf.57b6e7dde7b85f6e9948ef033bd04257.jpg,C:\Users\mviei\AppData\Local\Temp\aed_nativa\Placas-de-Transito-BR-1\train\images\captura_2023-10-02_15-48-02_png.rf.57b6e7dde7b85f6e9948ef033bd04257.jpg,train,,,1,48
captura_2023-10-02_15-48-04_png.rf.ea1fd4532fd262b1ddce2d782a1f0da1.jpg,C:\Users\mviei\AppData\Local\Temp\aed_nativa\Placas-de-Transito-BR-1\train\images\captura_2023-10-02_15-48-04_png.rf.ea1fd4532fd262b1ddce2d782a1f0da1.jpg,train,,,1,48
captura_2023-10-02_15-48-09_png.rf.2abeba259085aab96ade346b4685b8b2.jpg,C:\Users\mviei\AppData\Local\Temp\aed_nativa\Placas-de-Transito-BR-1\train\images\captura_2023-10-02_15-48-09_png.rf.2abeba259085aab96ade346b4685b8b2.jpg,train,,,1,48
captura_2023-10-02_15-48-16_png.rf.f15d244c91d9557306f7ce67bbaf58fd.jpg,C:\Users\mviei\AppData\Local\Temp\aed_nativa\Placas-de-Transito-BR-1\train\images\captura_2023-10-02_15-48-16_png.rf.f15d244c91d9557306f7ce67bbaf58fd.jpg,train,,,1,48
captura_2023-10-02_15-48-18_png.rf.8b108dac334c7cac947aff78221abb98.jpg,C:\Users\mviei\AppData\Local\Temp\aed_nativa\Placas-de-Transito-BR-1\train\images\captura_2023-10-02_15-48-18_png.rf.8b108dac334c7cac947aff78221abb98.jpg,train,1270.0,636.0,1,45
captura_2023-10-02_15-48-19_png.rf.63230d765371f7b64e25a338c3d5ebcd.jpg,C:\Users\mviei\AppData\Local\Temp\aed_nativa\Placas-de-Transito-BR-1\train\images\captura_2023-10-02_15-48-19_png.rf.63230d765371f7b64e25a338c3d5ebcd.jpg,train,,,1,5
captura_2023-10-02_15-48-21_png.rf.6808101cbfa97945ad24cc033b97cbb9.jpg,C:\Users\mviei\AppData\Local\Temp\aed_nativa\Placas-de-Transito-BR-1\train\images\captura_2023-10-02_15-48-21_png.rf.6808101cbfa97945ad24cc033b97cbb9.jpg,train,,,1,5
captura_2023-10-02_15-48-23_png.rf.0605366d98f630e8c6b9cf10dff144ad.jpg,C:\Users\mviei\AppData\Local\Temp\aed_nativa\Placas-de-Transito-BR-1\train\images\captura_2023-10-02_15-48-23_png.rf.0605366d98f630e8c6b9cf10dff144ad.jpg,train,,,3,"57,58,59"
captura_2023-10-02_15-48-24_png.rf.178dbd6940c46648c6df54282701fb54.jpg,C:\Users\mviei\AppData\Local\Temp\aed_nativa\Placas-de-Transito-BR-1\train\images\captura_2023-10-02_15-48-24_png.rf.178dbd6940c46648c6df54282701fb54.jpg,train,,,1,58
captura_2023-10-02_15-48-26_png.rf.555c7d7c295c9ec6ed57d290dccae57d.jpg,C:\Users\mviei\AppData\Local\Temp\aed_nativa\Placas-de-Transito-BR-1\train\images\captura_2023-10-02_15-48-26_png.rf.555c7d7c295c9ec6ed57d290dccae57d.jpg,train,,,2,"32,65"
captura_2023-10-02_15-48-30_png.rf.4a8141a7c00729ff38fda4d4556e89e5.jpg,C:\Users\mviei\AppData\Local\Temp\aed_nativa\Placas-de-Transito-BR-1\train\images\captura_2023-10-02_15-48-30_png.rf.4a8141a7c00729ff38fda4d4556e89e5.jpg,train,,,1,42
captura_2023-10-02_15-48-33_png.rf.699322b011078aa3f72a2f05dcddbf3e.jpg,C:\Users\mviei\AppData\Local\Temp\aed_nativa\Placas-de-Transito-BR-1\train\images\captura_2023-10-02_15-48-33_png.rf.699322b011078aa3f72a2f05dcddbf3e.jpg,train,1270.0,636.0,2,"48,49"
captura_2023-10-02_15-48-35_png.rf.a998d1dfa1601bd6f9c416dc9eae837b.jpg,C:\Users\mviei\AppData\Local\Temp\aed_nativa\Placas-de-Transito-BR-1\train\images\captura_2023-10-02_15-48-35_png.rf.a998d1dfa1601bd6f9c416dc9eae837b.jpg,train,,,3,42
captura_2023-10-02_15-48-37_png.rf.242d433746934279721ef019e428ff41.jpg,C:\Users\mviei\AppData\Local\Temp\aed_nativa\Placas-de-Transito-BR-1\train\images\captura_2023-10-02_15-48-37_png.rf.242d433746934279721ef019e428ff41.jpg,train,,,3,"42,48"
captura_2023-10-02_15-48-38_png.rf.465b8702e742af44ad2c4c2b7e04df0a.jpg,C:\Users\mviei\AppData\Local\Temp\aed_nativa\Placas-de-Transito-BR-1\train\images\captura_2023-10-02_15-48-38_png.rf.465b8702e742af44ad2c4c2b7e04df0a.jpg,train,,,1,48
captura_2023-10-02_15-48-42_png.rf.4c43bf6d0150433986a9c9705fd3a89e.jpg,C:\Users\mviei\AppData\Local\Temp\aed_nativa\Placas-de-Transito-BR-1\train\images\captura_2023-10-02_15-48-42_png.rf.4c43bf6d0150433986a9c9705fd3a89e.jpg,train,,,1,42
captura_2023-10-02_15-48-44_png.rf.de54f34a740f2e1fe2c0f3432241f2e9.jpg,C:\Users\mviei\AppData\Local\Temp\aed_nativa\Placas-de-Transito-BR-1\train\images\captura_2023-10-02_15-48-44_png.rf.de54f34a740f2e1fe2c0f3432241f2e9.jpg,train,,,0,
captura_2023-10-02_15-48-45_png.rf.ba536d19cf3f24d2e0ef14ff1d5930ed.jpg,C:\Users\mviei\AppData\Local\Temp\aed_nativa\Placas-de-Transito-BR-1\train\images\captura_2023-10-02_15-48-45_png.rf.ba536d19cf3f24d2e0ef14ff1d5930ed.jpg,train,,,0,
captura_2023-10-02_15-48-52_png.rf.af1e752d23ea2314d41f6e7f1743539f.jpg,C:\Users\mviei\AppData\Local\Temp\aed_nativa\Placas-de-Transito-BR-1\train\images\captura_2023-10-02_15-48-52_png.rf.af1e752d23ea2314d41f6e7f1743539f.jpg,train,1270.0,636.0,2,5
captura_2023-10-02_15-48-54_png.rf.1a7abb005edf90f5d3928db628f187fc.jpg,C:\Users\mviei\AppData\Local\Temp\aed_nativa\Placas-de-Transito-BR-1\train\images\captura_2023-10-02_15-48-54_png.rf.1a7abb005edf90f5d3928db628f187fc.jpg,train,,,2,5
captura_2023-10-02_15-48-57_png.rf.766bbbc40c075c5008832c25b8be13a4.jpg,C:\Users\mviei\AppData\Local\Temp\aed_nativa\Placas-de-Transito-BR-1\train\images\captura_2023-10-02_15-48-57_png.rf.766bbbc40c075c5008832c25b8be13a4.jpg,train,,,3,48
captura_2023-10-02_15-49-06_png.rf.6458c258c66aa66f7caced6e02a9600c.jpg,C:\Users\mviei\AppData\Local\Temp\aed_nativa\Placas-de-Transito-BR-1\train\images\captura_2023-10-02_15-49-06_png.rf.6458c258c66aa66f7caced6e02a9600c.jpg,train,,,1,45
captura_2023-10-02_15-49-09_png.rf.6e2d861e7fe257d68a669e03f215506a.jpg,C:\Users\mviei\AppData\Local\Temp\aed_nativa\Placas-de-Transito-BR-1\train\images\captura_2023-10-02_15-49-09_png.rf.6e2d861e7fe257d68a669e03f215506a.jpg,train,,,1,5
captura_2023-10-02_15-49-49_png.rf.f6605534f3940f653743b2a4147678b5.jpg,C:\Users\mviei\AppData\Local\Temp\aed_nativa\Placas-de-Transito-BR-1\train\images\captura_2023-10-02_15-49-49_png.rf.f6605534f3940f653743b2a4147678b5.jpg,train,,,1,5
captura_2023-10-02_15-50-02_png.rf.c984a560d1a49a90185b8a6d54c3a062.jpg,C:\Users\mviei\AppData\Local\Temp\aed_nativa\Placas-de-Transito-BR-1\train\images\captura_2023-10-02_15-50-02_png.rf.c984a560d1a49a90185b8a6d54c3a062.jpg,train,,,2,39
captura_2023-10-02_15-50-06_png.rf.11603695e0d5e65d131bc4028466b584.jpg,C:\Users\mviei\AppData\Local\Temp\aed_nativa\Placas-de-Transito-BR-1\train\images\captura_2023-10-02_15-50-06_png.rf.11603695e0d5e65d131bc4028466b584.jpg,train,1270.0,636.0,1,39
captura_2023-10-02_15-50-10_png.rf.e4cce4f6f768c66da265873fb07ebcbc.jpg,C:\Users\mviei\AppData\Local\Temp\aed_nativa\Placas-de-Transito-BR-1\train\images\captura_2023-10-02_15-50-10_png.rf.e4cce4f6f768c66da265873fb07ebcbc.jpg,train,,,1,28
captura_2023-10-02_15-50-11_png.rf.33d83f89011512b433259295d96287d4.jpg,C:\Users\mviei\AppData\Local\Temp\aed_nativa\Placas-de-Transito-BR-1\train\images\captura_2023-10-02_15-50-11_png.rf.33d83f89011512b433259295d96287d4.jpg,train,,,1,54
captura_2023-10-02_15-50-32_png.rf.6f15950af59c2a789d39eb4506f6fae5.jpg,C:\Users\mviei\AppData\Local\Temp\aed_nativa\Placas-de-Transito-BR-1\train\images\captura_2023-10-02_15-50-32_png.rf.6f15950af59c2a789d39eb4506f6fae5.jpg,train,,,0,
captura_2023-10-02_15-50-48_png.rf.2275dfbda40a42b2ea8402d803ff9bd0.jpg,C:\Users\mviei\AppData\Local\Temp\aed_nativa\Placas-de-Transito-BR-1\train\images\captura_2023-10-02_15-50-48_png.rf.2275dfbda40a42b2ea8402d803ff9bd0.jpg,train,,,2,39
captura_2023-10-02_15-50-50_png.rf.6d8317a1f38eedb72f2f70966e481656.jpg,C:\Users\mviei\AppData\Local\Temp\aed_nativa\Placas-de-Transito-BR-1\train\images\captura_2023-10-02_15-50-50_png.rf.6d8317a1f38eedb72f2f70966e481656.jpg,train,,,1,39
captura_2023-10-02_15-50-56_png.rf.fff8066a8fccafd31c29daed631dcbae.jpg,C:\Users\mviei\AppData\Local\Temp\aed_nativa\Placas-de-Transito-BR-1\train\images\captura_2023-10-02_15-50-56_png.rf.fff8066a8fccafd31c29daed631dcbae.jpg,train,,,1,20
captura_2023-10-02_15-51-05_png.rf.4bc327c49bcb52b87664e5af4587f9cd.jpg,C:\Users\mviei\AppData\Local\Temp\aed_nativa\Placas-de-Transito-BR-1\train\images\captura_2023-10-02_15-51-05_png.rf.4bc327c49bcb52b87664e5af4587f9cd.jpg,train,1270.0,636.0,1,46
captura_2023-10-02_15-51-07_png.rf.cd465d7eb0e4f4c810d9bd86b36d0070.jpg,C:\Users\mviei\AppData\Local\Temp\aed_nativa\Placas-de-Transito-BR-1\train\images\captura_2023-10-02_15-51-07_png.rf.cd465d7eb0e4f4c810d9bd86b36d0070.jpg,train,,,0,
captura_2023-10-02_15-51-08_png.rf.9b81885e371f5d2a93e4fc12f87a706e.jpg,C:\Users\mviei\AppData\Local\Temp\aed_nativa\Placas-de-Transito-BR-1\train\images\captura_2023-10-02_15-51-08_png.rf.9b81885e371f5d2a93e4fc12f87a706e.jpg,train,,,0,
captura_2023-10-02_15-51-10_png.rf.f7958db6c07074d19913e4cea2fbcffb.jpg,C:\Users\mviei\AppData\Local\Temp\aed_nativa\Placas-de-Transito-BR-1\train\images\captura_2023-10-02_15-51-10_png.rf.f7958db6c07074d19913e4cea2fbcffb.jpg,train,,,0,
captura_2023-10-02_15-51-14_png.rf.201d5bdaa97f7ca4acee0788b1de9158.jpg,C:\Users\mviei\AppData\Local\Temp\aed_nativa\Placas-de-Transito-BR-1\train\images\captura_2023-10-02_15-51-14_png.rf.201d5bdaa97f7ca4acee0788b1de9158.jpg,train,,,1,39
captura_2023-10-02_15-51-39_png.rf.82a280af5c49085841869968a80e04c0.jpg,C:\Users\mviei\AppData\Local\Temp\aed_nativa\Placas-de-Transito-BR-1\train\images\captura_2023-10-02_15-51-39_png.rf.82a280af5c49085841869968a80e04c0.jpg,train,,,0,
captura_2023-10-02_15-52-11_png.rf.7dd4e120aa7707dc82b6d972a489e7b0.jpg,C:\Users\mviei\AppData\Local\Temp\aed_nativa\Placas-de-Transito-BR-1\train\images\captura_2023-10-02_15-52-11_png.rf.7dd4e120aa7707dc82b6d972a489e7b0.jpg,train,,,1,41
captura_2023-10-02_15-52-15_png.rf.f84f874ca4dd02ca4ea66e26fb699302.jpg,C:\Users\mviei\AppData\Local\Temp\aed_nativa\Placas-de-Transito-BR-1\train\images\captura_2023-10-02_15-52-15_png.rf.f84f874ca4dd02ca4ea66e26fb699302.jpg,train,1270.0,636.0,1,14
captura_2023-10-02_15-52-20_png.rf.b16da3f7ae73b3916e769fb057f0bc76.jpg,C:\Users\mviei\AppData\Local\Temp\aed_nativa\Placas-de-Transito-BR-1\train\images\captura_2023-10-02_15-52-20_png.rf.b16da3f7ae73b3916e769fb057f0bc76.jpg,train,,,0,
captura_2023-10-02_15-52-41_png.rf.91363004771a9e74417e40ec8d8c385e.jpg,C:\Users\mviei\AppData\Local\Temp\aed_nativa\Placas-de-Transito-BR-1\train\images\captura_2023-10-02_15-52-41_png.rf.91363004771a9e74417e40ec8d8c385e.jpg,train,,,0,
captura_2023-10-02_15-52-50_png.rf.d7ce6f21a32076ad69ea4d2a965dbefd.jpg,C:\Users\mviei\AppData\Local\Temp\aed_nativa\Placas-de-Transito-BR-1\train\images\captura_2023-10-02_15-52-50_png.rf.d7ce6f21a32076ad69ea4d2a965dbefd.jpg,train,,,1,39
captura_2023-10-02_15-52-57_png.rf.ee126cdc765420f091c72863433a0bca.jpg,C:\Users\mviei\AppData\Local\Temp\aed_nativa\Placas-de-Transito-BR-1\train\images\captura_2023-10-02_15-52-57_png.rf.ee126cdc765420f091c72863433a0bca.jpg,train,,,1,39
captura_2023-10-02_15-52-59_png.rf.baa0dc7ae84fed10921c7a52d1b3f1a8.jpg,C:\Users\mviei\AppData\Local\Temp\aed_nativa\Placas-de-Transito-BR-1\train\images\captura_2023-10-02_15-52-59_png.rf.baa0dc7ae84fed10921c7a52d1b3f1a8.jpg,train,,,1,39
captura_2023-10-02_15-53-01_png.rf.c88a14a0f5603b63aa2d1a8950716246.jpg,C:\Users\mviei\AppData\Local\Temp\aed_nativa\Placas-de-Transito-BR-1\train\images\captura_2023-10-02_15-53-01_png.rf.c88a14a0f5603b63aa2d1a8950716246.jpg,train,,,1,39
captura_2023-10-02_15-53-04_png.rf.2ad8da87812aab9fa372932afd73f156.jpg,C:\Users\mviei\AppData\Local\Temp\aed_nativa\Placas-de-Transito-BR-1\train\images\captura_2023-10-02_15-53-04_png.rf.2ad8da87812aab9fa372932afd73f156.jpg,train,1270.0,636.0,0,
captura_2023-10-02_15-53-09_png.rf.f768c5b7a730bbb02678362b610cad61.jpg,C:\Users\mviei\AppData\Local\Temp\aed_nativa\Placas-de-Transito-BR-1\train\images\captura_2023-10-02_15-53-09_png.rf.f768c5b7a730bbb02678362b610cad61.jpg,train,,,1,12
captura_2023-10-02_15-53-16_png.rf.3ab2c41d0746eb735f3451b7f996636d.jpg,C:\Users\mviei\AppData\Local\Temp\aed_nativa\Placas-de-Transito-BR-1\train\images\captura_2023-10-02_15-53-16_png.rf.3ab2c41d0746eb735f3451b7f996636d.jpg,train,,,1,12
captura_2023-10-02_15-53-20_png.rf.fdc734d1582c0323ef6ce7cf068063ef.jpg,C:\Users\mviei\AppData\Local\Temp\aed_nativa\Placas-de-Transito-BR-1\train\images\captura_2023-10-02_15-53-20_png.rf.fdc734d1582c0323ef6ce7cf068063ef.jpg,train,,,0,
captura_2023-10-02_15-53-22_png.rf.11fc4207951ae334c9b72c8553066bc6.jpg,C:\Users\mviei\AppData\Local\Temp\aed_nativa\Placas-de-Transito-BR-1\train\images\captura_2023-10-02_15-53-22_png.rf.11fc4207951ae334c9b72c8553066bc6.jpg,train,,,0,
captura_2023-10-02_15-53-24_png.rf.66f1fd7b09fd5062e553839fe0a66277.jpg,C:\Users\mviei\AppData\Local\Temp\aed_nativa\Placas-de-Transito-BR-1\train\images\captura_2023-10-02_15-53-24_png.rf.66f1fd7b09fd5062e553839fe0a66277.jpg,train,,,0,
captura_2023-10-02_15-53-27_png.rf.c1c25aba93577f17cf7595b88884b5b0.jpg,C:\Users\mviei\AppData\Local\Temp\aed_nativa\Placas-de-Transito-BR-1\train\images\captura_2023-10-02_15-53-27_png.rf.c1c25aba93577f17cf7595b88884b5b0.jpg,train,,,1,20
captura_2023-10-02_15-53-30_png.rf.25c5945d3397d690ac7913fe8b515ac0.jpg,C:\Users\mviei\AppData\Local\Temp\aed_nativa\Placas-de-Transito-BR-1\train\images\captura_2023-10-02_15-53-30_png.rf.25c5945d3397d690ac7913fe8b515ac0.jpg,train,1270.0,636.0,0,
captura_2023-10-02_15-53-32_png.rf.2d3c463f355ba2615fe4cd21e5b5d11e.jpg,C:\Users\mviei\AppData\Local\Temp\aed_nativa\Placas-de-Transito-BR-1\train\images\captura_2023-10-02_15-53-32_png.rf.2d3c463f355ba2615fe4cd21e5b5d11e.jpg,train,,,0,
captura_2023-10-02_15-54-21_png.rf.4332a0a58d83673837ac9d7799b25ccb.jpg,C:\Users\mviei\AppData\Local\Temp\aed_nativa\Placas-de-Transito-BR-1\train\images\captura_2023-10-02_15-54-21_png.rf.4332a0a58d83673837ac9d7799b25ccb.jpg,train,,,0,
captura_2023-10-02_15-54-23_png.rf.e3a3e074a27e535f07a9125600ac62b5.jpg,C:\Users\mviei\AppData\Local\Temp\aed_nativa\Placas-de-Transito-BR-1\train\images\captura_2023-10-02_15-54-23_png.rf.e3a3e074a27e535f07a9125600ac62b5.jpg,train,,,0,
captura_2023-10-02_15-54-28_png.rf.b87b8a2433551cd2001836b35ad86a46.jpg,C:\Users\mviei\AppData\Local\Temp\aed_nativa\Placas-de-Transito-BR-1\train\images\captura_2023-10-02_15-54-28_png.rf.b87b8a2433551cd2001836b35ad86a46.jpg,train,,,0,
captura_2023-10-02_15-54-30_png.rf.a164b5f69d40414eeb61c53917ec9930.jpg,C:\Users\mviei\AppData\Local\Temp\aed_nativa\Placas-de-Transito-BR-1\train\images\captura_2023-10-02_15-54-30_png.rf.a164b5f69d40414eeb61c53917ec9930.jpg,train,,,2,"39,45"
captura_2023-10-02_15-54-31_png.rf.833402d5aaa51fc132971e039745690b.jpg,C:\Users\mviei\AppData\Local\Temp\aed_nativa\Placas-de-Transito-BR-1\train\images\captura_2023-10-02_15-54-31_png.rf.833402d5aaa51fc132971e039745690b.jpg,train,,,1,39
captura_2023-10-02_15-54-33_png.rf.5f994281fa740935f8b1d9ee0381db03.jpg,C:\Users\mviei\AppData\Local\Temp\aed_nativa\Placas-de-Transito-BR-1\train\images\captura_2023-10-02_15-54-33_png.rf.5f994281fa740935f8b1d9ee0381db03.jpg,train,1270.0,636.0,1,39
captura_2023-10-02_15-54-37_png.rf.69aed79e940564f64fbc60d2bbed9658.jpg,C:\Users\mviei\AppData\Local\Temp\aed_nativa\Placas-de-Transito-BR-1\train\images\captura_2023-10-02_15-54-37_png.rf.69aed79e940564f64fbc60d2bbed9658.jpg,train,,,1,39
captura_2023-10-02_15-54-39_png.rf.41935581f76a55f5833c285b643ff32d.jpg,C:\Users\mviei\AppData\Local\Temp\aed_nativa\Placas-de-Transito-BR-1\train\images\captura_2023-10-02_15-54-39_png.rf.41935581f76a55f5833c285b643ff32d.jpg,train,,,0,
captura_2023-10-02_15-55-10_png.rf.fb5d17cc5ad9e6cecfdd957f2d6fbcac.jpg,C:\Users\mviei\AppData\Local\Temp\aed_nativa\Placas-de-Transito-BR-1\train\images\captura_2023-10-02_15-55-10_png.rf.fb5d17cc5ad9e6cecfdd957f2d6fbcac.jpg,train,,,1,39
captura_2023-10-02_15-55-12_png.rf.a95b3f43a311228ce0ef4a7f43699bed.jpg,C:\Users\mviei\AppData\Local\Temp\aed_nativa\Placas-de-Transito-BR-1\train\images\captura_2023-10-02_15-55-12_png.rf.a95b3f43a311228ce0ef4a7f43699bed.jpg,train,,,0,
captura_2023-10-02_15-55-20_png.rf.e189f750da98eb41e22bfc48d481215f.jpg,C:\Users\mviei\AppData\Local\Temp\aed_nativa\Placas-de-Transito-BR-1\train\images\captura_2023-10-02_15-55-20_png.rf.e189f750da98eb41e22bfc48d481215f.jpg,train,,,0,
captura_2023-10-02_15-55-23_png.rf.5e904c3a2c144e15f1e347d50dfce047.jpg,C:\Users\mviei\AppData\Local\Temp\aed_nativa\Placas-de-Transito-BR-1\train\images\captura_2023-10-02_15-55-23_png.rf.5e904c3a2c144e15f1e347d50dfce047.jpg,train,,,2,"39,46"
captura_2023-10-02_15-55-32_png.rf.431e32cb6354e545283c8dec8d9d204d.jpg,C:\Users\mviei\AppData\Local\Temp\aed_nativa\Placas-de-Transito-BR-1\train\images\captura_2023-10-02_15-55-32_png.rf.431e32cb6354e545283c8dec8d9d204d.jpg,train,1270.0,636.0,0,
captura_2023-10-02_15-55-36_png.rf.10f45a21b7012c10d777dfbb3667a478.jpg,C:\Users\mviei\AppData\Local\Temp\aed_nativa\Placas-de-Transito-BR-1\train\images\captura_2023-10-02_15-55-36_png.rf.10f45a21b7012c10d777dfbb3667a478.jpg,train,,,1,39
captura_2023-10-02_15-55-38_png.rf.dc6f511d02ccc360120be950bae57d0f.jpg,C:\Users\mviei\AppData\Local\Temp\aed_nativa\Placas-de-Transito-BR-1\train\images\captura_2023-10-02_15-55-38_png.rf.dc6f511d02ccc360120be950bae57d0f.jpg,train,,,2,39
captura_2023-10-02_15-55-39_png.rf.7df69400461edba63ee73a8df3c57d47.jpg,C:\Users\mviei\AppData\Local\Temp\aed_nativa\Placas-de-Transito-BR-1\train\images\captura_2023-10-02_15-55-39_png.rf.7df69400461edba63ee73a8df3c57d47.jpg,train,,,1,48
captura_2023-10-02_15-55-41_png.rf.187c3c166f7ccb4e2a0f2e6cbe2423a0.jpg,C:\Users\mviei\AppData\Local\Temp\aed_nativa\Placas-de-Transito-BR-1\train\images\captura_2023-10-02_15-55-41_png.rf.187c3c166f7ccb4e2a0f2e6cbe2423a0.jpg,train,,,0,
captura_2023-10-02_15-55-42_png.rf.2a590dfcb7330641c50445a5ae38196e.jpg,C:\Users\mviei\AppData\Local\Temp\aed_nativa\Placas-de-Transito-BR-1\train\images\captura_2023-10-02_15-55-42_png.rf.2a590dfcb7330641c50445a5ae38196e.jpg,train,,,0,
captura_2023-10-02_15-55-44_png.rf.63777e714613aea2ac2ff7a5d75720a9.jpg,C:\Users\mviei\AppData\Local\Temp\aed_nativa\Placas-de-Transito-BR-1\train\images\captura_2023-10-02_15-55-44_png.rf.63777e714613aea2ac2ff7a5d75720a9.jpg,train,,,0,
captura_2023-10-02_15-55-46_png.rf.e441a48d9fd1666dbb0c93600fe59d05.jpg,C:\Users\mviei\AppData\Local\Temp\aed_nativa\Placas-de-Transito-BR-1\train\images\captura_2023-10-02_15-55-46_png.rf.e441a48d9fd1666dbb0c93600fe59d05.jpg,train,1270.0,636.0,0,
captura_2023-10-02_15-55-47_png.rf.17a78e6f1db5247246c604b0d7637762.jpg,C:\Users\mviei\AppData\Local\Temp\aed_nativa\Placas-de-Transito-BR-1\train\images\captura_2023-10-02_15-55-47_png.rf.17a78e6f1db5247246c604b0d7637762.jpg,train,,,0,
captura_2023-10-02_15-55-59_png.rf.7107b64c68ff291b57f0cf8ce06c8ce1.jpg,C:\Users\mviei\AppData\Local\Temp\aed_nativa\Placas-de-Transito-BR-1\train\images\captura_2023-10-02_15-55-59_png.rf.7107b64c68ff291b57f0cf8ce06c8ce1.jpg,train,,,0,
captura_2023-10-02_15-56-04_png.rf.bcbca2860a433108af6615d5370dd522.jpg,C:\Users\mviei\AppData\Local\Temp\aed_nativa\Placas-de-Transito-BR-1\train\images\captura_2023-10-02_15-56-04_png.rf.bcbca2860a433108af6615d5370dd522.jpg,train,,,0,
captura_2023-10-02_15-56-11_png.rf.5218a9153677ac062d4b37d96b59da11.jpg,C:\Users\mviei\AppData\Local\Temp\aed_nativa\Placas-de-Transito-BR-1\train\images\captura_2023-10-02_15-56-11_png.rf.5218a9153677ac062d4b37d96b59da11.jpg,train,,,0,
captura_2023-10-02_15-56-26_png.rf.70c006712ac98bca77b636a62dfac0f8.jpg,C:\Users\mviei\AppData\Local\Temp\aed_nativa\Placas-de-Transito-BR-1\train\images\captura_2023-10-02_15-56-26_png.rf.70c006712ac98bca77b636a62dfac0f8.jpg,train,,,1,48
captura_2023-10-02_15-56-28_png.rf.82593b41ff66536f47148a3d0fdb0fa5.jpg,C:\Users\mviei\AppData\Local\Temp\aed_nativa\Placas-de-Transito-BR-1\train\images\captura_2023-10-02_15-56-28_png.rf.82593b41ff66536f47148a3d0fdb0fa5.jpg,train,,,1,39
captura_2023-10-02_15-56-48_png.rf.5753f5949cde1f47361939e1811b571f.jpg,C:\Users\mviei\AppData\Local\Temp\aed_nativa\Placas-de-Transito-BR-1\train\images\captura_2023-10-02_15-56-48_png.rf.5753f5949cde1f47361939e1811b571f.jpg,train,1270.0,636.0,1,39
captura_2023-10-02_15-56-50_png.rf.6d776bac8cdd5d28e74ff45642b295f0.jpg,C:\Users\mviei\AppData\Local\Temp\aed_nativa\Placas-de-Transito-BR-1\train\images\captura_2023-10-02_15-56-50_png.rf.6d776bac8cdd5d28e74ff45642b295f0.jpg,train,,,1,39
captura_2023-10-02_15-56-53_png.rf.10e57096c0a6ffc96e0786833fbd9fee.jpg,C:\Users\mviei\AppData\Local\Temp\aed_nativa\Placas-de-Transito-BR-1\train\images\captura_2023-10-02_15-56-53_png.rf.10e57096c0a6ffc96e0786833fbd9fee.jpg,train,,,1,39
captura_2023-10-02_15-56-55_png.rf.4d66dc7e4bbcf81131fed96444418623.jpg,C:\Users\mviei\AppData\Local\Temp\aed_nativa\Placas-de-Transito-BR-1\train\images\captura_2023-10-02_15-56-55_png.rf.4d66dc7e4bbcf81131fed96444418623.jpg,train,,,1,39
captura_2023-10-02_15-57-18_png.rf.49f5d2fee76faa29a39f0688d7edf752.jpg,C:\Users\mviei\AppData\Local\Temp\aed_nativa\Placas-de-Transito-BR-1\train\images\captura_2023-10-02_15-57-18_png.rf.49f5d2fee76faa29a39f0688d7edf752.jpg,train,,,1,39
captura_2023-10-02_15-57-20_png.rf.885adedf4784b20773cd5659007b9490.jpg,C:\Users\mviei\AppData\Local\Temp\aed_nativa\Placas-de-Transito-BR-1\train\images\captura_2023-10-02_15-57-20_png.rf.885adedf4784b20773cd5659007b9490.jpg,train,,,0,
captura_2023-10-02_15-57-22_png.rf.e2bb05084282e2dacc09aaba858deabf.jpg,C:\Users\mviei\AppData\Local\Temp\aed_nativa\Placas-de-Transito-BR-1\train\images\captura_2023-10-02_15-57-22_png.rf.e2bb05084282e2dacc09aaba858deabf.jpg,train,,,1,39
captura_2023-10-02_15-57-23_png.rf.dae49680f3eaa7c7d0867075e1e61135.jpg,C:\Users\mviei\AppData\Local\Temp\aed_nativa\Placas-de-Transito-BR-1\train\images\captura_2023-10-02_15-57-23_png.rf.dae49680f3eaa7c7d0867075e1e61135.jpg,train,1270.0,636.0,1,39
captura_2023-10-02_15-57-25_png.rf.fd1d76a688eee8882d90fc367ecc9b55.jpg,C:\Users\mviei\AppData\Local\Temp\aed_nativa\Placas-de-Transito-BR-1\train\images\captura_2023-10-02_15-57-25_png.rf.fd1d76a688eee8882d90fc367ecc9b55.jpg,train,,,0,
captura_2023-10-02_15-57-28_png.rf.d43761be8d7466076403f5ab253b59ff.jpg,C:\Users\mviei\AppData\Local\Temp\aed_nativa\Placas-de-Transito-BR-1\train\images\captura_2023-10-02_15-57-28_png.rf.d43761be8d7466076403f5ab253b59ff.jpg,train,,,0,
captura_2023-10-02_15-57-32_png.rf.90ec5e4416e571bb6ff4efec76653f04.jpg,C:\Users\mviei\AppData\Local\Temp\aed_nativa\Placas-de-Transito-BR-1\train\images\captura_2023-10-02_15-57-32_png.rf.90ec5e4416e571bb6ff4efec76653f04.jpg,train,,,0,
captura_2023-10-02_15-57-37_png.rf.38f8f1655bfc0b2cd2ba268aab86df0e.jpg,C:\Users\mviei\AppData\Local\Temp\aed_nativa\Placas-de-Transito-BR-1\train\images\captura_2023-10-02_15-57-37_png.rf.38f8f1655bfc0b2cd2ba268aab86df0e.jpg,train,,,0,
captura_2023-10-02_15-57-39_png.rf.023a75aec007f7a98b07ba3c2ef29f74.jpg,C:\Users\mviei\AppData\Local\Temp\aed_nativa\Placas-de-Transito-BR-1\train\images\captura_2023-10-02_15-57-39_png.rf.023a75aec007f7a98b07ba3c2ef29f74.jpg,train,,,1,39
captura_2023-10-02_15-57-40_png.rf.6908be9017bd3c9a15255ca19e1fe24a.jpg,C:\Users\mviei\AppData\Local\Temp\aed_nativa\Placas-de-Transito-BR-1\train\images\captura_2023-10-02_15-57-40_png.rf.6908be9017bd3c9a15255ca19e1fe24a.jpg,train,,,1,39
captura_2023-10-02_15-57-42_png.rf.a45de284cff64097092985b30e062c47.jpg,C:\Users\mviei\AppData\Local\Temp\aed_nativa\Placas-de-Transito-BR-1\train\images\captura_2023-10-02_15-57-42_png.rf.a45de284cff64097092985b30e062c47.jpg,train,1270.0,636.0,1,39
captura_2023-10-02_15-57-44_png.rf.825f76e71dd322f80706ea5cda472c1e.jpg,C:\Users\mviei\AppData\Local\Temp\aed_nativa\Placas-de-Transito-BR-1\train\images\captura_2023-10-02_15-57-44_png.rf.825f76e71dd322f80706ea5cda472c1e.jpg,train,,,1,39
captura_2023-10-02_15-58-14_png.rf.efe2d03562093229e4d60c5d766edcfb.jpg,C:\Users\mviei\AppData\Local\Temp\aed_nativa\Placas-de-Transito-BR-1\train\images\captura_2023-10-02_15-58-14_png.rf.efe2d03562093229e4d60c5d766edcfb.jpg,train,,,0,
captura_2023-10-02_15-58-44_png.rf.b3f0b9cef5527ae8d2fd3c85f0edb0da.jpg,C:\Users\mviei\AppData\Local\Temp\aed_nativa\Placas-de-Transito-BR-1\train\images\captura_2023-10-02_15-58-44_png.rf.b3f0b9cef5527ae8d2fd3c85f0edb0da.jpg,train,,,0,
captura_2023-10-02_15-58-46_png.rf.b4a11c9b8585d9ed010e35bf2514a824.jpg,C:\Users\mviei\AppData\Local\Temp\aed_nativa\Placas-de-Transito-BR-1\train\images\captura_2023-10-02_15-58-46_png.rf.b4a11c9b8585d9ed010e35bf2514a824.jpg,train,,,0,
captura_2023-10-02_15-58-47_png.rf.cf768b413780a9285190543fafccc00b.jpg,C:\Users\mviei\AppData\Local\Temp\aed_nativa\Placas-de-Transito-BR-1\train\images\captura_2023-10-02_15-58-47_png.rf.cf768b413780a9285190543fafccc00b.jpg,train,,,1,39
captura_2023-10-02_15-58-51_png.rf.e48e5637bea94ca218b463b3777802d1.jpg,C:\Users\mviei\AppData\Local\Temp\aed_nativa\Placas-de-Transito-BR-1\train\images\captura_2023-10-02_15-58-51_png.rf.e48e5637bea94ca218b463b3777802d1.jpg,train,,,1,39
captura_2023-10-02_15-59-09_png.rf.65ab4dd9bd02951a9ed57383a354d086.jpg,C:\Users\mviei\AppData\Local\Temp\aed_nativa\Placas-de-Transito-BR-1\train\images\captura_2023-10-02_15-59-09_png.rf.65ab4dd9bd02951a9ed57383a354d086.jpg,train,1270.0,636.0,1,39
captura_2023-10-02_15-59-11_png.rf.353707d154522343d101434b747e5fc5.jpg,C:\Users\mviei\AppData\Local\Temp\aed_nativa\Placas-de-Transito-BR-1\train\images\captura_2023-10-02_15-59-11_png.rf.353707d154522343d101434b747e5fc5.jpg,train,,,1,39
captura_2023-10-02_15-59-16_png.rf.d10ae0e60585330c3dad1f5ab6a4c148.jpg,C:\Users\mviei\AppData\Local\Temp\aed_nativa\Placas-de-Transito-BR-1\train\images\captura_2023-10-02_15-59-16_png.rf.d10ae0e60585330c3dad1f5ab6a4c148.jpg,train,,,0,
captura_2023-10-02_15-59-17_png.rf.bc39e06a28faeadba355254a117d004f.jpg,C:\Users\mviei\AppData\Local\Temp\aed_nativa\Placas-de-Transito-BR-1\train\images\captura_2023-10-02_15-59-17_png.rf.bc39e06a28faeadba355254a117d004f.jpg,train,,,1,20
captura_2023-10-02_15-59-34_png.rf.675dd0db06aed89df91c22c8063eeeab.jpg,C:\Users\mviei\AppData\Local\Temp\aed_nativa\Placas-de-Transito-BR-1\train\images\captura_2023-10-02_15-59-34_png.rf.675dd0db06aed89df91c22c8063eeeab.jpg,train,,,1,39
captura_2023-10-02_15-59-39_png.rf.64786516d21e0e7382ee67d5a2d6d745.jpg,C:\Users\mviei\AppData\Local\Temp\aed_nativa\Placas-de-Transito-BR-1\train\images\captura_2023-10-02_15-59-39_png.rf.64786516d21e0e7382ee67d5a2d6d745.jpg,train,,,1,39
captura_2023-10-02_15-59-47_png.rf.39b0e98b23dc40501c4072e099da41f8.jpg,C:\Users\mviei\AppData\Local\Temp\aed_nativa\Placas-de-Transito-BR-1\train\images\captura_2023-10-02_15-59-47_png.rf.39b0e98b23dc40501c4072e099da41f8.jpg,train,,,0,
captura_2023-10-02_15-59-51_png.rf.32a2f2c276baeb6a9d11e861b4961e0c.jpg,C:\Users\mviei\AppData\Local\Temp\aed_nativa\Placas-de-Transito-BR-1\train\images\captura_2023-10-02_15-59-51_png.rf.32a2f2c276baeb6a9d11e861b4961e0c.jpg,train,1270.0,636.0,0,
captura_2023-10-02_15-59-59_png.rf.956bab2c9e97e4c6d61e641970def278.jpg,C:\Users\mviei\AppData\Local\Temp\aed_nativa\Placas-de-Transito-BR-1\train\images\captura_2023-10-02_15-59-59_png.rf.956bab2c9e97e4c6d61e641970def278.jpg,train,,,1,39
captura_2023-10-02_16-00-01_png.rf.172092bd672f3aeb0d3a82a744fedf34.jpg,C:\Users\mviei\AppData\Local\Temp\aed_nativa\Placas-de-Transito-BR-1\train\images\captura_2023-10-02_16-00-01_png.rf.172092bd672f3aeb0d3a82a744fedf34.jpg,train,,,1,39
captura_2023-10-02_16-00-04_png.rf.c6715b34f21ab93a6b7001b40ebf53c8.jpg,C:\Users\mviei\AppData\Local\Temp\aed_nativa\Placas-de-Transito-BR-1\train\images\captura_2023-10-02_16-00-04_png.rf.c6715b34f21ab93a6b7001b40ebf53c8.jpg,train,,,0,
captura_2023-10-02_16-00-12_png.rf.2d783ef0240fbaab412dd065e8bd7f84.jpg,C:\Users\mviei\AppData\Local\Temp\aed_nativa\Placas-de-Transito-BR-1\train\images\captura_2023-10-02_16-00-12_png.rf.2d783ef0240fbaab412dd065e8bd7f84.jpg,train,,,1,48
captura_2023-10-02_16-00-20_png.rf.e21b32643dbc25cc679960cd9618efd3.jpg,C:\Users\mviei\AppData\Local\Temp\aed_nativa\Placas-de-Transito-BR-1\train\images\captura_2023-10-02_16-00-20_png.rf.e21b32643dbc25cc679960cd9618efd3.jpg,train,,,0,
captura_2023-10-02_16-00-22_png.rf.4bf5946a70fe8d7e05ac478fa3434945.jpg,C:\Users\mviei\AppData\Local\Temp\aed_nativa\Placas-de-Transito-BR-1\train\images\captura_2023-10-02_16-00-22_png.rf.4bf5946a70fe8d7e05ac478fa3434945.jpg,train,,,0,
captura_2023-10-02_16-00-25_png.rf.b7331ba39c234dfc608940f4e76f7cfb.jpg,C:\Users\mviei\AppData\Local\Temp\aed_nativa\Placas-de-Transito-BR-1\train\images\captura_2023-10-02_16-00-25_png.rf.b7331ba39c234dfc608940f4e76f7cfb.jpg,train,1270.0,636.0,2,39
captura_2023-10-02_16-00-27_png.rf.e7b07a85e56533011c267988d04c7e96.jpg,C:\Users\mviei\AppData\Local\Temp\aed_nativa\Placas-de-Transito-BR-1\train\images\captura_2023-10-02_16-00-27_png.rf.e7b07a85e56533011c267988d04c7e96.jpg,train,,,1,39
captura_2023-10-02_16-00-29_png.rf.bc16aa40f73052b3eba508f75486179a.jpg,C:\Users\mviei\AppData\Local\Temp\aed_nativa\Placas-de-Transito-BR-1\train\images\captura_2023-10-02_16-00-29_png.rf.bc16aa40f73052b3eba508f75486179a.jpg,train,,,1,39
captura_2023-10-02_16-00-30_png.rf.2f3667b87f56535015c0fa040fdea103.jpg,C:\Users\mviei\AppData\Local\Temp\aed_nativa\Placas-de-Transito-BR-1\train\images\captura_2023-10-02_16-00-30_png.rf.2f3667b87f56535015c0fa040fdea103.jpg,train,,,0,
captura_2023-10-02_16-00-32_png.rf.547ecf6a6ea08e5bc0c6c4329a336b52.jpg,C:\Users\mviei\AppData\Local\Temp\aed_nativa\Placas-de-Transito-BR-1\train\images\captura_2023-10-02_16-00-32_png.rf.547ecf6a6ea08e5bc0c6c4329a336b52.jpg,train,,,1,39
captura_2023-10-02_16-00-34_png.rf.4388c61406d80e3955cf443e5ce1df7a.jpg,C:\Users\mviei\AppData\Local\Temp\aed_nativa\Placas-de-Transito-BR-1\train\images\captura_2023-10-02_16-00-34_png.rf.4388c61406d80e3955cf443e5ce1df7a.jpg,train,,,1,39
captura_2023-10-02_16-00-35_png.rf.90ff34761d9aa4bfe6ab1de105960a16.jpg,C:\Users\mviei\AppData\Local\Temp\aed_nativa\Placas-de-Transito-BR-1\train\images\captura_2023-10-02_16-00-35_png.rf.90ff34761d9aa4bfe6ab1de105960a16.jpg,train,,,1,39
captura_2023-10-02_16-00-37_png.rf.0bf06b47f7b3435e1b2f107560b4c156.jpg,C:\Users\mviei\AppData\Local\Temp\aed_nativa\Placas-de-Transito-BR-1\train\images\captura_2023-10-02_16-00-37_png.rf.0bf06b47f7b3435e1b2f107560b4c156.jpg,train,1270.0,636.0,1,39
captura_2023-10-02_16-00-40_png.rf.1d07e1f3f3ba63b66dabff814d1bee03.jpg,C:\Users\mviei\AppData\Local\Temp\aed_nativa\Placas-de-Transito-BR-1\train\images\captura_2023-10-02_16-00-40_png.rf.1d07e1f3f3ba63b66dabff814d1bee03.jpg,train,,,1,39
captura_2023-10-02_16-00-42_png.rf.466512d02f7de3af70e86ea861cbfa38.jpg,C:\Users\mviei\AppData\Local\Temp\aed_nativa\Placas-de-Transito-BR-1\train\images\captura_2023-10-02_16-00-42_png.rf.466512d02f7de3af70e86ea861cbfa38.jpg,train,,,1,39
captura_2023-10-02_16-00-50_png.rf.9504ad504a20f155a2cb10cbabf932c7.jpg,C:\Users\mviei\AppData\Local\Temp\aed_nativa\Placas-de-Transito-BR-1\train\images\captura_2023-10-02_16-00-50_png.rf.9504ad504a20f155a2cb10cbabf932c7.jpg,train,,,1,39
captura_2023-10-02_16-00-53_png.rf.97b2270ef057dfc71c7d78781ec9ad59.jpg,C:\Users\mviei\AppData\Local\Temp\aed_nativa\Placas-de-Transito-BR-1\train\images\captura_2023-10-02_16-00-53_png.rf.97b2270ef057dfc71c7d78781ec9ad59.jpg,train,,,0,
captura_2023-10-02_16-01-05_png.rf.241c98188ecb4ab02bcd141c6a46d56a.jpg,C:\Users\mviei\AppData\Local\Temp\aed_nativa\Placas-de-Transito-BR-1\train\images\captura_2023-10-02_16-01-05_png.rf.241c98188ecb4ab02bcd141c6a46d56a.jpg,train,,,0,
captura_2023-10-02_16-01-18_png.rf.3a50b1e5cc959246ea740813db2aa605.jpg,C:\Users\mviei\AppData\Local\Temp\aed_nativa\Placas-de-Transito-BR-1\train\images\captura_2023-10-02_16-01-18_png.rf.3a50b1e5cc959246ea740813db2aa605.jpg,train,,,1,65
captura_2023-10-02_16-01-53_png.rf.26b19ca9fbcd864af57b3132425118ef.jpg,C:\Users\mviei\AppData\Local\Temp\aed_nativa\Placas-de-Transito-BR-1\train\images\captura_2023-10-02_16-01-53_png.rf.26b19ca9fbcd864af57b3132425118ef.jpg,train,1270.0,636.0,1,39
captura_2023-10-02_16-01-55_png.rf.46bba6cb2f8b65eb0f814fe125836612.jpg,C:\Users\mviei\AppData\Local\Temp\aed_nativa\Placas-de-Transito-BR-1\train\images\captura_2023-10-02_16-01-55_png.rf.46bba6cb2f8b65eb0f814fe125836612.jpg,train,,,1,39
captura_2023-10-02_16-02-13_png.rf.a44a69254f5be481c4e5dd4c13e433e7.jpg,C:\Users\mviei\AppData\Local\Temp\aed_nativa\Placas-de-Transito-BR-1\train\images\captura_2023-10-02_16-02-13_png.rf.a44a69254f5be481c4e5dd4c13e433e7.jpg,train,,,0,
captura_2023-10-02_16-02-25_png.rf.f29c8f4325154158052b3f7b63faa348.jpg,C:\Users\mviei\AppData\Local\Temp\aed_nativa\Placas-de-Transito-BR-1\train\images\captura_2023-10-02_16-02-25_png.rf.f29c8f4325154158052b3f7b63faa348.jpg,train,,,1,39
captura_2023-10-02_16-02-30_png.rf.75fc9d87f58c5af20e19e364b4334f10.jpg,C:\Users\mviei\AppData\Local\Temp\aed_nativa\Placas-de-Transito-BR-1\train\images\captura_2023-10-02_16-02-30_png.rf.75fc9d87f58c5af20e19e364b4334f10.jpg,train,,,1,39
captura_2023-10-02_16-02-43_png.rf.e596cc311e5733b9113b2ac14c55091f.jpg,C:\Users\mviei\AppData\Local\Temp\aed_nativa\Placas-de-Transito-BR-1\train\images\captura_2023-10-02_16-02-43_png.rf.e596cc311e5733b9113b2ac14c55091f.jpg,train,,,1,39
captura_2023-10-02_16-02-45_png.rf.8c572c8051ea255d3ea72bba3d51c547.jpg,C:\Users\mviei\AppData\Local\Temp\aed_nativa\Placas-de-Transito-BR-1\train\images\captura_2023-10-02_16-02-45_png.rf.8c572c8051ea255d3ea72bba3d51c547.jpg,train,,,2,"20,39"
captura_2023-10-02_16-02-55_png.rf.a572031a71b27be08cc3ab6c34d9cc48.jpg,C:\Users\mviei\AppData\Local\Temp\aed_nativa\Placas-de-Transito-BR-1\train\images\captura_2023-10-02_16-02-55_png.rf.a572031a71b27be08cc3ab6c34d9cc48.jpg,train,1270.0,636.0,0,
captura_2023-10-02_16-02-57_png.rf.2612fd64f897283313aeeb515527cb73.jpg,C:\Users\mviei\AppData\Local\Temp\aed_nativa\Placas-de-Transito-BR-1\train\images\captura_2023-10-02_16-02-57_png.rf.2612fd64f897283313aeeb515527cb73.jpg,train,,,0,
captura_2023-10-02_16-02-59_png.rf.bb646f79c1c6755c5b7fc21fa505ddc6.jpg,C:\Users\mviei\AppData\Local\Temp\aed_nativa\Placas-de-Transito-BR-1\train\images\captura_2023-10-02_16-02-59_png.rf.bb646f79c1c6755c5b7fc21fa505ddc6.jpg,train,,,0,
captura_2023-10-02_16-03-02_png.rf.187c7645a7281c405d66b2063d56cb5e.jpg,C:\Users\mviei\AppData\Local\Temp\aed_nativa\Placas-de-Transito-BR-1\train\images\captura_2023-10-02_16-03-02_png.rf.187c7645a7281c405d66b2063d56cb5e.jpg,train,,,1,12
captura_2023-10-02_16-03-07_png.rf.0accc537464a8b41d63ad8a2709d7440.jpg,C:\Users\mviei\AppData\Local\Temp\aed_nativa\Placas-de-Transito-BR-1\train\images\captura_2023-10-02_16-03-07_png.rf.0accc537464a8b41d63ad8a2709d7440.jpg,train,,,1,39
captura_2023-10-02_16-03-12_png.rf.6993e751f90c090b9258ac4c8b0e40ab.jpg,C:\Users\mviei\AppData\Local\Temp\aed_nativa\Placas-de-Transito-BR-1\train\images\captura_2023-10-02_16-03-12_png.rf.6993e751f90c090b9258ac4c8b0e40ab.jpg,train,,,1,39
captura_2023-10-02_16-03-22_png.rf.70b55370ac5d23aff62462cb85ab539d.jpg,C:\Users\mviei\AppData\Local\Temp\aed_nativa\Placas-de-Transito-BR-1\train\images\captura_2023-10-02_16-03-22_png.rf.70b55370ac5d23aff62462cb85ab539d.jpg,train,,,1,39
captura_2023-10-02_16-03-24_png.rf.c7b35dd4b1dfe1b8d7616e8ae957e44f.jpg,C:\Users\mviei\AppData\Local\Temp\aed_nativa\Placas-de-Transito-BR-1\train\images\captura_2023-10-02_16-03-24_png.rf.c7b35dd4b1dfe1b8d7616e8ae957e44f.jpg,train,1270.0,636.0,1,39
captura_2023-10-02_16-03-33_png.rf.63a55533b5c9b2ce42a767ea980468d7.jpg,C:\Users\mviei\AppData\Local\Temp\aed_nativa\Placas-de-Transito-BR-1\train\images\captura_2023-10-02_16-03-33_png.rf.63a55533b5c9b2ce42a767ea980468d7.jpg,train,,,1,39
captura_2023-10-02_16-03-42_png.rf.eb663ead57129902a18177e8793466a5.jpg,C:\Users\mviei\AppData\Local\Temp\aed_nativa\Placas-de-Transito-BR-1\train\images\captura_2023-10-02_16-03-42_png.rf.eb663ead57129902a18177e8793466a5.jpg,train,,,1,39
captura_2023-10-02_16-03-44_png.rf.0a7add52dedeeb711e2d598681f65aff.jpg,C:\Users\mviei\AppData\Local\Temp\aed_nativa\Placas-de-Transito-BR-1\train\images\captura_2023-10-02_16-03-44_png.rf.0a7add52dedeeb711e2d598681f65aff.jpg,train,,,2,39
captura_2023-10-02_16-04-34_png.rf.01c147d89b5433e51f03ec86904e62f9.jpg,C:\Users\mviei\AppData\Local\Temp\aed_nativa\Placas-de-Transito-BR-1\train\images\captura_2023-10-02_16-04-34_png.rf.01c147d89b5433e51f03ec86904e62f9.jpg,train,,,1,39
captura_2023-10-02_16-04-35_png.rf.22ec377b7d10cd5691dd7fe281a86cb7.jpg,C:\Users\mviei\AppData\Local\Temp\aed_nativa\Placas-de-Transito-BR-1\train\images\captura_2023-10-02_16-04-35_png.rf.22ec377b7d10cd5691dd7fe281a86cb7.jpg,train,,,0,
captura_2023-10-02_16-04-44_png.rf.759e963ea1aca38e90345a104c673ddd.jpg,C:\Users\mviei\AppData\Local\Temp\aed_nativa\Placas-de-Transito-BR-1\train\images\captura_2023-10-02_16-04-44_png.rf.759e963ea1aca38e90345a104c673ddd.jpg,train,,,0,
captura_2023-10-02_16-04-45_png.rf.eaf9acb4952182956e0aa68caa658c9e.jpg,C:\Users\mviei\AppData\Local\Temp\aed_nativa\Placas-de-Transito-BR-1\train\images\captura_2023-10-02_16-04-45_png.rf.eaf9acb4952182956e0aa68caa658c9e.jpg,train,1270.0,636.0,1,39
captura_2023-10-02_16-04-47_png.rf.ea63229ec0ea3e7143f841ea52dca34d.jpg,C:\Users\mviei\AppData\Local\Temp\aed_nativa\Placas-de-Transito-BR-1\train\images\captura_2023-10-02_16-04-47_png.rf.ea63229ec0ea3e7143f841ea52dca34d.jpg,train,,,1,39
captura_2023-10-02_16-04-49_png.rf.784ef2d99b824374d5f95e6668d7e026.jpg,C:\Users\mviei\AppData\Local\Temp\aed_nativa\Placas-de-Transito-BR-1\train\images\captura_2023-10-02_16-04-49_png.rf.784ef2d99b824374d5f95e6668d7e026.jpg,train,,,1,39
captura_2023-10-02_16-05-19_png.rf.300acfb7edcb776e8034a31100e139bc.jpg,C:\Users\mviei\AppData\Local\Temp\aed_nativa\Placas-de-Transito-BR-1\train\images\captura_2023-10-02_16-05-19_png.rf.300acfb7edcb776e8034a31100e139bc.jpg,train,,,1,39
captura_2023-10-02_16-05-22_png.rf.9af2ef030c132b53af0d1b913b43d723.jpg,C:\Users\mviei\AppData\Local\Temp\aed_nativa\Placas-de-Transito-BR-1\train\images\captura_2023-10-02_16-05-22_png.rf.9af2ef030c132b53af0d1b913b43d723.jpg,train,,,1,39
captura_2023-10-02_16-05-23_png.rf.b14f45d222ea4a4adb2ceb0130d6d194.jpg,C:\Users\mviei\AppData\Local\Temp\aed_nativa\Placas-de-Transito-BR-1\train\images\captura_2023-10-02_16-05-23_png.rf.b14f45d222ea4a4adb2ceb0130d6d194.jpg,train,,,1,39
captura_2023-10-02_16-05-27_png.rf.0dae9a0fd023a98a44263e92121290bc.jpg,C:\Users\mviei\AppData\Local\Temp\aed_nativa\Placas-de-Transito-BR-1\train\images\captura_2023-10-02_16-05-27_png.rf.0dae9a0fd023a98a44263e92121290bc.jpg,train,,,1,39
captura_2023-10-02_16-05-39_png.rf.bd22feb898d667dfb5d8c18a3a1ce639.jpg,C:\Users\mviei\AppData\Local\Temp\aed_nativa\Placas-de-Transito-BR-1\train\images\captura_2023-10-02_16-05-39_png.rf.bd22feb898d667dfb5d8c18a3a1ce639.jpg,train,1270.0,636.0,1,63
captura_2023-10-02_16-05-55_png.rf.63b10f580cc3a3f39882508cef699bed.jpg,C:\Users\mviei\AppData\Local\Temp\aed_nativa\Placas-de-Transito-BR-1\train\images\captura_2023-10-02_16-05-55_png.rf.63b10f580cc3a3f39882508cef699bed.jpg,train,,,0,
captura_2023-10-02_16-05-57_png.rf.ae5cf5faf066d6784ffc21df99e5cc71.jpg,C:\Users\mviei\AppData\Local\Temp\aed_nativa\Placas-de-Transito-BR-1\train\images\captura_2023-10-02_16-05-57_png.rf.ae5cf5faf066d6784ffc21df99e5cc71.jpg,train,,,0,
captura_2023-10-02_16-06-13_png.rf.2b80e3652feef8892fcd8499deac53c1.jpg,C:\Users\mviei\AppData\Local\Temp\aed_nativa\Placas-de-Transito-BR-1\train\images\captura_2023-10-02_16-06-13_png.rf.2b80e3652feef8892fcd8499deac53c1.jpg,train,,,0,
captura_2023-10-02_16-06-17_png.rf.b66863a02ac5691f998cc65ab407f27f.jpg,C:\Users\mviei\AppData\Local\Temp\aed_nativa\Placas-de-Transito-BR-1\train\images\captura_2023-10-02_16-06-17_png.rf.b66863a02ac5691f998cc65ab407f27f.jpg,train,,,1,65
captura_2023-10-02_16-06-20_png.rf.623c14d617e58c28b4ba8819a72a7303.jpg,C:\Users\mviei\AppData\Local\Temp\aed_nativa\Placas-de-Transito-BR-1\train\images\captura_2023-10-02_16-06-20_png.rf.623c14d617e58c28b4ba8819a72a7303.jpg,train,,,1,48
captura_2023-10-02_16-06-29_png.rf.a115fbbe33f1ad9e16a470f3f6441803.jpg,C:\Users\mviei\AppData\Local\Temp\aed_nativa\Placas-de-Transito-BR-1\train\images\captura_2023-10-02_16-06-29_png.rf.a115fbbe33f1ad9e16a470f3f6441803.jpg,train,,,1,64
captura_2023-10-05_15-16-23_png.rf.fcdd0c8e28372fcff234fde6e9dea890.jpg,C:\Users\mviei\AppData\Local\Temp\aed_nativa\Placas-de-Transito-BR-1\train\images\captura_2023-10-05_15-16-23_png.rf.fcdd0c8e28372fcff234fde6e9dea890.jpg,train,1270.0,636.0,1,45
captura_2023-10-05_15-16-41_png.rf.45ffa76dcdfb6cba43ed4d2935638a39.jpg,C:\Users\mviei\AppData\Local\Temp\aed_nativa\Placas-de-Transito-BR-1\train\images\captura_2023-10-05_15-16-41_png.rf.45ffa76dcdfb6cba43ed4d2935638a39.jpg,train,,,1,48
captura_2023-10-05_15-16-44_png.rf.896abfe592c49bad65eb2e14e429466c.jpg,C:\Users\mviei\AppData\Local\Temp\aed_nativa\Placas-de-Transito-BR-1\train\images\captura_2023-10-05_15-16-44_png.rf.896abfe592c49bad65eb2e14e429466c.jpg,train,,,1,40
captura_2023-10-05_15-17-10_png.rf.b2901e517869e254be367fe2f3f1cbfe.jpg,C:\Users\mviei\AppData\Local\Temp\aed_nativa\Placas-de-Transito-BR-1\train\images\captura_2023-10-05_15-17-10_png.rf.b2901e517869e254be367fe2f3f1cbfe.jpg,train,,,1,19
captura_2023-10-05_15-17-13_png.rf.133fbee8f8d610ee37fe3d5d5eafc4e2.jpg,C:\Users\mviei\AppData\Local\Temp\aed_nativa\Placas-de-Transito-BR-1\train\images\captura_2023-10-05_15-17-13_png.rf.133fbee8f8d610ee37fe3d5d5eafc4e2.jpg,train,,,0,
captura_2023-10-05_15-17-42_png.rf.888d03f2342ea55daccc43dffacb3b8c.jpg,C:\Users\mviei\AppData\Local\Temp\aed_nativa\Placas-de-Transito-BR-1\train\images\captura_2023-10-05_15-17-42_png.rf.888d03f2342ea55daccc43dffacb3b8c.jpg,train,,,0,
captura_2023-10-05_15-17-44_png.rf.99c7ccfa976f9399c1a2238b19e2d9ef.jpg,C:\Users\mviei\AppData\Local\Temp\aed_nativa\Placas-de-Transito-BR-1\train\images\captura_2023-10-05_15-17-44_png.rf.99c7ccfa976f9399c1a2238b19e2d9ef.jpg,train,,,1,42
captura_2023-10-05_15-18-13_png.rf.df19ea3a0aec2cda0cbe9aab33275c2d.jpg,C:\Users\mviei\AppData\Local\Temp\aed_nativa\Placas-de-Transito-BR-1\train\images\captura_2023-10-05_15-18-13_png.rf.df19ea3a0aec2cda0cbe9aab33275c2d.jpg,train,1270.0,636.0,1,49
captura_2023-10-05_15-18-57_png.rf.f09433f34a85ed2384b1edc55122a842.jpg,C:\Users\mviei\AppData\Local\Temp\aed_nativa\Placas-de-Transito-BR-1\train\images\captura_2023-10-05_15-18-57_png.rf.f09433f34a85ed2384b1edc55122a842.jpg,train,,,1,42
captura_2023-10-05_15-18-58_png.rf.c0ef23e5ca7a06c648c94caae572c98c.jpg,C:\Users\mviei\AppData\Local\Temp\aed_nativa\Placas-de-Transito-BR-1\train\images\captura_2023-10-05_15-18-58_png.rf.c0ef23e5ca7a06c648c94caae572c98c.jpg,train,,,0,
captura_2023-10-05_15-19-00_png.rf.8e0b58d4c28de2293322dd92362e37c8.jpg,C:\Users\mviei\AppData\Local\Temp\aed_nativa\Placas-de-Transito-BR-1\train\images\captura_2023-10-05_15-19-00_png.rf.8e0b58d4c28de2293322dd92362e37c8.jpg,train,,,0,
captura_2023-10-05_15-19-03_png.rf.677000c4a0a0d9a69252ffab1c533a8f.jpg,C:\Users\mviei\AppData\Local\Temp\aed_nativa\Placas-de-Transito-BR-1\train\images\captura_2023-10-05_15-19-03_png.rf.677000c4a0a0d9a69252ffab1c533a8f.jpg,train,,,1,12
captura_2023-10-05_15-19-52_png.rf.a79e2194e878a9969a9f44b36b928bc8.jpg,C:\Users\mviei\AppData\Local\Temp\aed_nativa\Placas-de-Transito-BR-1\train\images\captura_2023-10-05_15-19-52_png.rf.a79e2194e878a9969a9f44b36b928bc8.jpg,train,,,1,14
captura_2023-10-05_15-20-04_png.rf.de7ceefea9d961d5cba4a30f09b11f7f.jpg,C:\Users\mviei\AppData\Local\Temp\aed_nativa\Placas-de-Transito-BR-1\train\images\captura_2023-10-05_15-20-04_png.rf.de7ceefea9d961d5cba4a30f09b11f7f.jpg,train,,,0,
captura_2023-10-05_15-20-09_png.rf.96ef956773292335be32347999fed6a5.jpg,C:\Users\mviei\AppData\Local\Temp\aed_nativa\Placas-de-Transito-BR-1\train\images\captura_2023-10-05_15-20-09_png.rf.96ef956773292335be32347999fed6a5.jpg,train,1270.0,636.0,1,53
captura_2023-10-05_15-20-17_png.rf.a5959da4b6e75168f8800be3e526eed5.jpg,C:\Users\mviei\AppData\Local\Temp\aed_nativa\Placas-de-Transito-BR-1\train\images\captura_2023-10-05_15-20-17_png.rf.a5959da4b6e75168f8800be3e526eed5.jpg,train,,,0,
captura_2023-10-05_15-20-22_png.rf.ba78f991c7be3f18f43dfaa6fc643232.jpg,C:\Users\mviei\AppData\Local\Temp\aed_nativa\Placas-de-Transito-BR-1\train\images\captura_2023-10-05_15-20-22_png.rf.ba78f991c7be3f18f43dfaa6fc643232.jpg,train,,,1,48
captura_2023-10-05_15-20-30_png.rf.a87bb7957e1d5b855b4a8958b5935308.jpg,C:\Users\mviei\AppData\Local\Temp\aed_nativa\Placas-de-Transito-BR-1\train\images\captura_2023-10-05_15-20-30_png.rf.a87bb7957e1d5b855b4a8958b5935308.jpg,train,,,1,37
captura_2023-10-05_15-20-35_png.rf.44f6a29b64ad7bdd5e5821935dc4b17c.jpg,C:\Users\mviei\AppData\Local\Temp\aed_nativa\Placas-de-Transito-BR-1\train\images\captura_2023-10-05_15-20-35_png.rf.44f6a29b64ad7bdd5e5821935dc4b17c.jpg,train,,,1,46
captura_2023-10-05_15-21-11_png.rf.959ff934023c909ed3ffcb11d6878f2d.jpg,C:\Users\mviei\AppData\Local\Temp\aed_nativa\Placas-de-Transito-BR-1\train\images\captura_2023-10-05_15-21-11_png.rf.959ff934023c909ed3ffcb11d6878f2d.jpg,train,,,1,20
captura_2023-10-05_15-21-34_png.rf.d7028aefb36f7e1ff4b74f7e9262b807.jpg,C:\Users\mviei\AppData\Local\Temp\aed_nativa\Placas-de-Transito-BR-1\train\images\captura_2023-10-05_15-21-34_png.rf.d7028aefb36f7e1ff4b74f7e9262b807.jpg,train,,,1,65
captura_2023-10-05_15-21-46_png.rf.9cc4651264ab3928cd55973194568eca.jpg,C:\Users\mviei\AppData\Local\Temp\aed_nativa\Placas-de-Transito-BR-1\train\images\captura_2023-10-05_15-21-46_png.rf.9cc4651264ab3928cd55973194568eca.jpg,train,1270.0,636.0,1,41
captura_2023-10-05_15-21-51_png.rf.ae2511a067cd7f008798a6f8874cf55c.jpg,C:\Users\mviei\AppData\Local\Temp\aed_nativa\Placas-de-Transito-BR-1\train\images\captura_2023-10-05_15-21-51_png.rf.ae2511a067cd7f008798a6f8874cf55c.jpg,train,,,0,
captura_2023-10-05_15-22-11_png.rf.3ab48ab24ba562ee03190183c60b5862.jpg,C:\Users\mviei\AppData\Local\Temp\aed_nativa\Placas-de-Transito-BR-1\train\images\captura_2023-10-05_15-22-11_png.rf.3ab48ab24ba562ee03190183c60b5862.jpg,train,,,0,
captura_2023-10-05_15-22-14_png.rf.1fb308598c818f9c2019a13b9c48fa87.jpg,C:\Users\mviei\AppData\Local\Temp\aed_nativa\Placas-de-Transito-BR-1\train\images\captura_2023-10-05_15-22-14_png.rf.1fb308598c818f9c2019a13b9c48fa87.jpg,train,,,1,24
captura_2023-10-05_15-22-17_png.rf.016fb6bc3bde43d71e5ba2aabe2230b6.jpg,C:\Users\mviei\AppData\Local\Temp\aed_nativa\Placas-de-Transito-BR-1\train\images\captura_2023-10-05_15-22-17_png.rf.016fb6bc3bde43d71e5ba2aabe2230b6.jpg,train,,,1,65
captura_2023-10-05_15-22-39_png.rf.01766e63cb12fa79dd9e7cce5269ac22.jpg,C:\Users\mviei\AppData\Local\Temp\aed_nativa\Placas-de-Transito-BR-1\train\images\captura_2023-10-05_15-22-39_png.rf.01766e63cb12fa79dd9e7cce5269ac22.jpg,train,,,1,20
captura_2023-10-05_15-22-42_png.rf.37f344b0f5ae964cbbff37e1cd009386.jpg,C:\Users\mviei\AppData\Local\Temp\aed_nativa\Placas-de-Transito-BR-1\train\images\captura_2023-10-05_15-22-42_png.rf.37f344b0f5ae964cbbff37e1cd009386.jpg,train,,,1,48
captura_2023-10-05_15-22-49_png.rf.ca5492f743e8bd18022df729b801c283.jpg,C:\Users\mviei\AppData\Local\Temp\aed_nativa\Placas-de-Transito-BR-1\train\images\captura_2023-10-05_15-22-49_png.rf.ca5492f743e8bd18022df729b801c283.jpg,train,1270.0,636.0,1,19
captura_2023-10-05_15-23-15_png.rf.afee92179d389c17d65ba3e9921756e9.jpg,C:\Users\mviei\AppData\Local\Temp\aed_nativa\Placas-de-Transito-BR-1\train\images\captura_2023-10-05_15-23-15_png.rf.afee92179d389c17d65ba3e9921756e9.jpg,train,,,1,48
captura_2023-10-05_15-23-37_png.rf.b43daa962780955276783e3c2bb6c05f.jpg,C:\Users\mviei\AppData\Local\Temp\aed_nativa\Placas-de-Transito-BR-1\train\images\captura_2023-10-05_15-23-37_png.rf.b43daa962780955276783e3c2bb6c05f.jpg,train,,,1,19
captura_2023-10-05_15-23-52_png.rf.16cab3c2ea7b21fac3b027435e4537fb.jpg,C:\Users\mviei\AppData\Local\Temp\aed_nativa\Placas-de-Transito-BR-1\train\images\captura_2023-10-05_15-23-52_png.rf.16cab3c2ea7b21fac3b027435e4537fb.jpg,train,,,1,19
captura_2023-10-05_15-24-00_png.rf.52569d703b6f84cf0ed00b68a157f2ed.jpg,C:\Users\mviei\AppData\Local\Temp\aed_nativa\Placas-de-Transito-BR-1\train\images\captura_2023-10-05_15-24-00_png.rf.52569d703b6f84cf0ed00b68a157f2ed.jpg,train,,,0,
captura_2023-10-05_15-24-03_png.rf.13b99120153d1e031015fc21d9cf8845.jpg,C:\Users\mviei\AppData\Local\Temp\aed_nativa\Placas-de-Transito-BR-1\train\images\captura_2023-10-05_15-24-03_png.rf.13b99120153d1e031015fc21d9cf8845.jpg,train,,,1,20
captura_2023-10-05_15-24-28_png.rf.3ed35b0e5c6acff5ff0bfa29abf483ff.jpg,C:\Users\mviei\AppData\Local\Temp\aed_nativa\Placas-de-Transito-BR-1\train\images\captura_2023-10-05_15-24-28_png.rf.3ed35b0e5c6acff5ff0bfa29abf483ff.jpg,train,,,1,41
captura_2023-10-05_15-24-34_png.rf.7319850192ddc8786143cc80603784b1.jpg,C:\Users\mviei\AppData\Local\Temp\aed_nativa\Placas-de-Transito-BR-1\train\images\captura_2023-10-05_15-24-34_png.rf.7319850192ddc8786143cc80603784b1.jpg,train,1270.0,636.0,1,42
captura_2023-10-05_15-24-38_png.rf.42103978d124d302c88a93bff0b1f4ec.jpg,C:\Users\mviei\AppData\Local\Temp\aed_nativa\Placas-de-Transito-BR-1\train\images\captura_2023-10-05_15-24-38_png.rf.42103978d124d302c88a93bff0b1f4ec.jpg,train,,,1,20
captura_2023-10-05_15-25-41_png.rf.a17693a8e8cb741b340e6f74f5154790.jpg,C:\Users\mviei\AppData\Local\Temp\aed_nativa\Placas-de-Transito-BR-1\train\images\captura_2023-10-05_15-25-41_png.rf.a17693a8e8cb741b340e6f74f5154790.jpg,train,,,1,63
captura_2023-10-05_15-25-48_png.rf.bb8008b9f7faeab945ee163865ff2285.jpg,C:\Users\mviei\AppData\Local\Temp\aed_nativa\Placas-de-Transito-BR-1\train\images\captura_2023-10-05_15-25-48_png.rf.bb8008b9f7faeab945ee163865ff2285.jpg,train,,,1,20
captura_2023-10-05_15-26-28_png.rf.c399e1e1878d31f28331df5a86c03c93.jpg,C:\Users\mviei\AppData\Local\Temp\aed_nativa\Placas-de-Transito-BR-1\train\images\captura_2023-10-05_15-26-28_png.rf.c399e1e1878d31f28331df5a86c03c93.jpg,train,,,1,36
captura_2023-10-05_15-26-47_png.rf.92a047d3a0b08237c0d9b90c9ce55343.jpg,C:\Users\mviei\AppData\Local\Temp\aed_nativa\Placas-de-Transito-BR-1\train\images\captura_2023-10-05_15-26-47_png.rf.92a047d3a0b08237c0d9b90c9ce55343.jpg,train,,,1,0
captura_2023-10-05_15-29-20_png.rf.c406f601d2ee4756f8dec57c1df67ad8.jpg,C:\Users\mviei\AppData\Local\Temp\aed_nativa\Placas-de-Transito-BR-1\train\images\captura_2023-10-05_15-29-20_png.rf.c406f601d2ee4756f8dec57c1df67ad8.jpg,train,,,1,63
captura_2023-10-05_15-29-23_png.rf.340300f4e239a67adca9472cdba627fb.jpg,C:\Users\mviei\AppData\Local\Temp\aed_nativa\Placas-de-Transito-BR-1\train\images\captura_2023-10-05_15-29-23_png.rf.340300f4e239a67adca9472cdba627fb.jpg,train,1270.0,636.0,1,36
captura_2023-10-05_15-29-31_png.rf.83260793ca6d6de7637cabd3c4c32243.jpg,C:\Users\mviei\AppData\Local\Temp\aed_nativa\Placas-de-Transito-BR-1\train\images\captura_2023-10-05_15-29-31_png.rf.83260793ca6d6de7637cabd3c4c32243.jpg,train,,,1,20
captura_2023-10-05_15-30-17_png.rf.aa2f41960c9613a3d0f11bf5c26cd1b0.jpg,C:\Users\mviei\AppData\Local\Temp\aed_nativa\Placas-de-Transito-BR-1\train\images\captura_2023-10-05_15-30-17_png.rf.aa2f41960c9613a3d0f11bf5c26cd1b0.jpg,train,,,0,
captura_2023-10-05_15-30-37_png.rf.3b72f2e8e2de41e0097a4b6b7e1132b5.jpg,C:\Users\mviei\AppData\Local\Temp\aed_nativa\Placas-de-Transito-BR-1\train\images\captura_2023-10-05_15-30-37_png.rf.3b72f2e8e2de41e0097a4b6b7e1132b5.jpg,train,,,1,36
captura_2023-10-05_15-30-41_png.rf.1a7c20831ac3989facb0de2ad98d73b0.jpg,C:\Users\mviei\AppData\Local\Temp\aed_nativa\Placas-de-Transito-BR-1\train\images\captura_2023-10-05_15-30-41_png.rf.1a7c20831ac3989facb0de2ad98d73b0.jpg,train,,,0,
captura_2023-10-05_15-30-50_png.rf.e428afbbb1355393a2f56fcf0aea1a13.jpg,C:\Users\mviei\AppData\Local\Temp\aed_nativa\Placas-de-Transito-BR-1\train\images\captura_2023-10-05_15-30-50_png.rf.e428afbbb1355393a2f56fcf0aea1a13.jpg,train,,,0,
captura_2023-10-05_15-31-14_png.rf.be8ddb87443b295b626ea817b89381de.jpg,C:\Users\mviei\AppData\Local\Temp\aed_nativa\Placas-de-Transito-BR-1\train\images\captura_2023-10-05_15-31-14_png.rf.be8ddb87443b295b626ea817b89381de.jpg,train,,,0,
captura_2023-10-05_15-31-24_png.rf.a4dd71b4fe90ddaaaacfa58e718c7f2a.jpg,C:\Users\mviei\AppData\Local\Temp\aed_nativa\Placas-de-Transito-BR-1\train\images\captura_2023-10-05_15-31-24_png.rf.a4dd71b4fe90ddaaaacfa58e718c7f2a.jpg,train,1270.0,636.0,1,22
captura_2023-10-05_15-31-39_png.rf.41a8685990b438fb6430358bb0456cc8.jpg,C:\Users\mviei\AppData\Local\Temp\aed_nativa\Placas-de-Transito-BR-1\train\images\captura_2023-10-05_15-31-39_png.rf.41a8685990b438fb6430358bb0456cc8.jpg,train,,,1,65
captura_2023-10-05_15-32-04_png.rf.282d983c8f6bc7525568b978d6d86267.jpg,C:\Users\mviei\AppData\Local\Temp\aed_nativa\Placas-de-Transito-BR-1\train\images\captura_2023-10-05_15-32-04_png.rf.282d983c8f6bc7525568b978d6d86267.jpg,train,,,1,20
captura_2023-10-05_15-32-23_png.rf.cd2cc137c05fea32c04fbf4be8be157a.jpg,C:\Users\mviei\AppData\Local\Temp\aed_nativa\Placas-de-Transito-BR-1\train\images\captura_2023-10-05_15-32-23_png.rf.cd2cc137c05fea32c04fbf4be8be157a.jpg,train,,,1,63
captura_2023-10-05_15-32-25_png.rf.ba0b53ce981edec23d2e2a53407600ad.jpg,C:\Users\mviei\AppData\Local\Temp\aed_nativa\Placas-de-Transito-BR-1\train\images\captura_2023-10-05_15-32-25_png.rf.ba0b53ce981edec23d2e2a53407600ad.jpg,train,,,1,20
captura_2023-10-05_15-32-45_png.rf.37d773e037688095c8f8fd45f27cc545.jpg,C:\Users\mviei\AppData\Local\Temp\aed_nativa\Placas-de-Transito-BR-1\train\images\captura_2023-10-05_15-32-45_png.rf.37d773e037688095c8f8fd45f27cc545.jpg,train,,,1,48
captura_2023-10-05_15-32-53_png.rf.b558a2935f0e33ecb97a7fcab7871bfa.jpg,C:\Users\mviei\AppData\Local\Temp\aed_nativa\Placas-de-Transito-BR-1\train\images\captura_2023-10-05_15-32-53_png.rf.b558a2935f0e33ecb97a7fcab7871bfa.jpg,train,,,1,22
captura_2023-10-05_15-33-03_png.rf.4ec43a2b6c4e7a041d38feaa690a633d.jpg,C:\Users\mviei\AppData\Local\Temp\aed_nativa\Placas-de-Transito-BR-1\train\images\captura_2023-10-05_15-33-03_png.rf.4ec43a2b6c4e7a041d38feaa690a633d.jpg,train,1270.0,636.0,1,20
captura_2023-10-05_15-33-04_png.rf.c571e35754655af812aea855ddb3f2e6.jpg,C:\Users\mviei\AppData\Local\Temp\aed_nativa\Placas-de-Transito-BR-1\train\images\captura_2023-10-05_15-33-04_png.rf.c571e35754655af812aea855ddb3f2e6.jpg,train,,,1,42
captura_2023-10-05_15-33-09_png.rf.d14fc7b084f57cdc9b76463c4f31e8e0.jpg,C:\Users\mviei\AppData\Local\Temp\aed_nativa\Placas-de-Transito-BR-1\train\images\captura_2023-10-05_15-33-09_png.rf.d14fc7b084f57cdc9b76463c4f31e8e0.jpg,train,,,1,65
captura_2023-10-05_15-33-35_png.rf.7e533e33c79e34d88e954ca33cd192f3.jpg,C:\Users\mviei\AppData\Local\Temp\aed_nativa\Placas-de-Transito-BR-1\train\images\captura_2023-10-05_15-33-35_png.rf.7e533e33c79e34d88e954ca33cd192f3.jpg,train,,,0,
captura_2023-10-05_15-33-55_png.rf.5484d6c7a3e676b212858c49ab10bccf.jpg,C:\Users\mviei\AppData\Local\Temp\aed_nativa\Placas-de-Transito-BR-1\train\images\captura_2023-10-05_15-33-55_png.rf.5484d6c7a3e676b212858c49ab10bccf.jpg,train,,,1,48
captura_2023-10-05_15-34-33_png.rf.e099d84dee4acab16fa10c12c6f7e9be.jpg,C:\Users\mviei\AppData\Local\Temp\aed_nativa\Placas-de-Transito-BR-1\train\images\captura_2023-10-05_15-34-33_png.rf.e099d84dee4acab16fa10c12c6f7e9be.jpg,train,,,1,40
captura_2023-10-05_15-34-51_png.rf.139004b3780fb85a617932ca111b2a90.jpg,C:\Users\mviei\AppData\Local\Temp\aed_nativa\Placas-de-Transito-BR-1\train\images\captura_2023-10-05_15-34-51_png.rf.139004b3780fb85a617932ca111b2a90.jpg,train,,,1,41
captura_2023-10-05_15-35-37_png.rf.b716f8f607a1cdc307907c7fa87b648e.jpg,C:\Users\mviei\AppData\Local\Temp\aed_nativa\Placas-de-Transito-BR-1\train\images\captura_2023-10-05_15-35-37_png.rf.b716f8f607a1cdc307907c7fa87b648e.jpg,train,1270.0,636.0,1,65
captura_2023-10-05_15-35-56_png.rf.6563d3a35c830dc74a6d298413222a26.jpg,C:\Users\mviei\AppData\Local\Temp\aed_nativa\Placas-de-Transito-BR-1\train\images\captura_2023-10-05_15-35-56_png.rf.6563d3a35c830dc74a6d298413222a26.jpg,train,,,0,
captura_2023-10-05_15-35-58_png.rf.358004963524db6751a39ab13dce1ca7.jpg,C:\Users\mviei\AppData\Local\Temp\aed_nativa\Placas-de-Transito-BR-1\train\images\captura_2023-10-05_15-35-58_png.rf.358004963524db6751a39ab13dce1ca7.jpg,train,,,0,
captura_2023-10-05_15-36-01_png.rf.ab785b15444f5fa9a2baa706cb18ee65.jpg,C:\Users\mviei\AppData\Local\Temp\aed_nativa\Placas-de-Transito-BR-1\train\images\captura_2023-10-05_15-36-01_png.rf.ab785b15444f5fa9a2baa706cb18ee65.jpg,train,,,0,
captura_2023-10-05_15-36-03_png.rf.fc33742ca0802486385f93066e64bed6.jpg,C:\Users\mviei\AppData\Local\Temp\aed_nativa\Placas-de-Transito-BR-1\train\images\captura_2023-10-05_15-36-03_png.rf.fc33742ca0802486385f93066e64bed6.jpg,train,,,1,63
captura_2023-10-05_15-36-04_png.rf.ba4ebf99c5f1b9dcb0b982bda07257d7.jpg,C:\Users\mviei\AppData\Local\Temp\aed_nativa\Placas-de-Transito-BR-1\train\images\captura_2023-10-05_15-36-04_png.rf.ba4ebf99c5f1b9dcb0b982bda07257d7.jpg,train,,,0,
captura_2023-10-05_15-36-06_png.rf.9153159970e606c5d4f1f9b796bf98e0.jpg,C:\Users\mviei\AppData\Local\Temp\aed_nativa\Placas-de-Transito-BR-1\train\images\captura_2023-10-05_15-36-06_png.rf.9153159970e606c5d4f1f9b796bf98e0.jpg,train,,,1,9
captura_2023-10-05_15-36-09_png.rf.8b8d4d88fe619d24023bfd1d04b11061.jpg,C:\Users\mviei\AppData\Local\Temp\aed_nativa\Placas-de-Transito-BR-1\train\images\captura_2023-10-05_15-36-09_png.rf.8b8d4d88fe619d24023bfd1d04b11061.jpg,train,1270.0,636.0,0,
captura_2023-10-05_15-36-11_png.rf.92c5d053b5a576efd36539ec9874ba1a.jpg,C:\Users\mviei\AppData\Local\Temp\aed_nativa\Placas-de-Transito-BR-1\train\images\captura_2023-10-05_15-36-11_png.rf.92c5d053b5a576efd36539ec9874ba1a.jpg,train,,,0,
captura_2023-10-05_15-36-13_png.rf.df4b47a2ef21db199254fbf1a83e6fa6.jpg,C:\Users\mviei\AppData\Local\Temp\aed_nativa\Placas-de-Transito-BR-1\train\images\captura_2023-10-05_15-36-13_png.rf.df4b47a2ef21db199254fbf1a83e6fa6.jpg,train,,,0,
captura_2023-10-05_15-36-16_png.rf.6ff28acda2a534b06c1ffcb3c5e4a236.jpg,C:\Users\mviei\AppData\Local\Temp\aed_nativa\Placas-de-Transito-BR-1\train\images\captura_2023-10-05_15-36-16_png.rf.6ff28acda2a534b06c1ffcb3c5e4a236.jpg,train,,,0,
captura_2023-10-05_15-36-21_png.rf.9e9dfed7d09c506c4f195b4873cf81d3.jpg,C:\Users\mviei\AppData\Local\Temp\aed_nativa\Placas-de-Transito-BR-1\train\images\captura_2023-10-05_15-36-21_png.rf.9e9dfed7d09c506c4f195b4873cf81d3.jpg,train,,,0,
captura_2023-10-05_15-36-23_png.rf.3f21d036e19c7c9dd01b1c557324f866.jpg,C:\Users\mviei\AppData\Local\Temp\aed_nativa\Placas-de-Transito-BR-1\train\images\captura_2023-10-05_15-36-23_png.rf.3f21d036e19c7c9dd01b1c557324f866.jpg,train,,,0,
captura_2023-10-05_15-36-24_png.rf.057682bf11fde1a615ef6836c940d259.jpg,C:\Users\mviei\AppData\Local\Temp\aed_nativa\Placas-de-Transito-BR-1\train\images\captura_2023-10-05_15-36-24_png.rf.057682bf11fde1a615ef6836c940d259.jpg,train,,,0,
captura_2023-10-05_15-36-28_png.rf.ddeace1178ea50eabdd3ac376fde6ab2.jpg,C:\Users\mviei\AppData\Local\Temp\aed_nativa\Placas-de-Transito-BR-1\train\images\captura_2023-10-05_15-36-28_png.rf.ddeace1178ea50eabdd3ac376fde6ab2.jpg,train,1270.0,636.0,0,
captura_2023-10-05_15-36-30_png.rf.4d99165c302842cd5640a7050c8bd2bd.jpg,C:\Users\mviei\AppData\Local\Temp\aed_nativa\Placas-de-Transito-BR-1\train\images\captura_2023-10-05_15-36-30_png.rf.4d99165c302842cd5640a7050c8bd2bd.jpg,train,,,0,
captura_2023-10-05_15-36-31_png.rf.204e43b2d56a41a9ddecb56ada654c03.jpg,C:\Users\mviei\AppData\Local\Temp\aed_nativa\Placas-de-Transito-BR-1\train\images\captura_2023-10-05_15-36-31_png.rf.204e43b2d56a41a9ddecb56ada654c03.jpg,train,,,0,
captura_2023-10-05_15-36-33_png.rf.8548b70bbab16d8ae6cac4dee8798586.jpg,C:\Users\mviei\AppData\Local\Temp\aed_nativa\Placas-de-Transito-BR-1\train\images\captura_2023-10-05_15-36-33_png.rf.8548b70bbab16d8ae6cac4dee8798586.jpg,train,,,1,15
captura_2023-10-05_15-36-38_png.rf.225904af5cda9a39b5868582dfb62e93.jpg,C:\Users\mviei\AppData\Local\Temp\aed_nativa\Placas-de-Transito-BR-1\train\images\captura_2023-10-05_15-36-38_png.rf.225904af5cda9a39b5868582dfb62e93.jpg,train,,,0,
captura_2023-10-05_15-36-41_png.rf.4d37be0824512f3f4c10e0600fa77c3f.jpg,C:\Users\mviei\AppData\Local\Temp\aed_nativa\Placas-de-Transito-BR-1\train\images\captura_2023-10-05_15-36-41_png.rf.4d37be0824512f3f4c10e0600fa77c3f.jpg,train,,,1,19
captura_2023-10-05_15-36-43_png.rf.479ac2a8658a627128c68d09df228aae.jpg,C:\Users\mviei\AppData\Local\Temp\aed_nativa\Placas-de-Transito-BR-1\train\images\captura_2023-10-05_15-36-43_png.rf.479ac2a8658a627128c68d09df228aae.jpg,train,,,0,
captura_2023-10-05_15-36-52_png.rf.bb07f277c2b89f626e3437326644de36.jpg,C:\Users\mviei\AppData\Local\Temp\aed_nativa\Placas-de-Transito-BR-1\train\images\captura_2023-10-05_15-36-52_png.rf.bb07f277c2b89f626e3437326644de36.jpg,train,1270.0,636.0,0,
captura_2023-10-05_15-36-53_png.rf.773314f86721bc60eaaf494aab4370dd.jpg,C:\Users\mviei\AppData\Local\Temp\aed_nativa\Placas-de-Transito-BR-1\train\images\captura_2023-10-05_15-36-53_png.rf.773314f86721bc60eaaf494aab4370dd.jpg,train,,,0,
captura_2023-10-05_15-36-55_png.rf.26ca0356aff8fa32e7e480361887256d.jpg,C:\Users\mviei\AppData\Local\Temp\aed_nativa\Placas-de-Transito-BR-1\train\images\captura_2023-10-05_15-36-55_png.rf.26ca0356aff8fa32e7e480361887256d.jpg,train,,,0,
captura_2023-10-05_15-36-57_png.rf.2586a3c0a1a2e2b1a48a39f544e9bf98.jpg,C:\Users\mviei\AppData\Local\Temp\aed_nativa\Placas-de-Transito-BR-1\train\images\captura_2023-10-05_15-36-57_png.rf.2586a3c0a1a2e2b1a48a39f544e9bf98.jpg,train,,,0,
captura_2023-10-05_15-36-59_png.rf.b24cf52c08d921650b50b25af9b8c071.jpg,C:\Users\mviei\AppData\Local\Temp\aed_nativa\Placas-de-Transito-BR-1\train\images\captura_2023-10-05_15-36-59_png.rf.b24cf52c08d921650b50b25af9b8c071.jpg,train,,,0,
captura_2023-10-05_15-37-06_png.rf.04765d405f37dbfc9690d4cff12a22c5.jpg,C:\Users\mviei\AppData\Local\Temp\aed_nativa\Placas-de-Transito-BR-1\train\images\captura_2023-10-05_15-37-06_png.rf.04765d405f37dbfc9690d4cff12a22c5.jpg,train,,,0,
captura_2023-10-05_15-37-07_png.rf.ccb292784e3b2109d969e143326ce082.jpg,C:\Users\mviei\AppData\Local\Temp\aed_nativa\Placas-de-Transito-BR-1\train\images\captura_2023-10-05_15-37-07_png.rf.ccb292784e3b2109d969e143326ce082.jpg,train,,,0,
captura_2023-10-05_15-37-09_png.rf.8e5e3a3b855d80d4df0bc17a5d44cee5.jpg,C:\Users\mviei\AppData\Local\Temp\aed_nativa\Placas-de-Transito-BR-1\train\images\captura_2023-10-05_15-37-09_png.rf.8e5e3a3b855d80d4df0bc17a5d44cee5.jpg,train,1270.0,636.0,1,20
captura_2023-10-05_15-37-11_png.rf.c1ac14303762833db56ec30459042543.jpg,C:\Users\mviei\AppData\Local\Temp\aed_nativa\Placas-de-Transito-BR-1\train\images\captura_2023-10-05_15-37-11_png.rf.c1ac14303762833db56ec30459042543.jpg,train,,,0,
captura_2023-10-05_15-37-12_png.rf.ccef63baeeb818694a7e51fadea04425.jpg,C:\Users\mviei\AppData\Local\Temp\aed_nativa\Placas-de-Transito-BR-1\train\images\captura_2023-10-05_15-37-12_png.rf.ccef63baeeb818694a7e51fadea04425.jpg,train,,,0,
captura_2023-10-05_15-37-14_png.rf.481eabe1522a8403809618da4b6fefb4.jpg,C:\Users\mviei\AppData\Local\Temp\aed_nativa\Placas-de-Transito-BR-1\train\images\captura_2023-10-05_15-37-14_png.rf.481eabe1522a8403809618da4b6fefb4.jpg,train,,,0,
captura_2023-10-05_15-37-16_png.rf.9b2a1d7a70ee52c789b3c9c2e9447d6e.jpg,C:\Users\mviei\AppData\Local\Temp\aed_nativa\Placas-de-Transito-BR-1\train\images\captura_2023-10-05_15-37-16_png.rf.9b2a1d7a70ee52c789b3c9c2e9447d6e.jpg,train,,,0,
captura_2023-10-05_15-37-19_png.rf.31840a51f7c3a7bad62d09932628983c.jpg,C:\Users\mviei\AppData\Local\Temp\aed_nativa\Placas-de-Transito-BR-1\train\images\captura_2023-10-05_15-37-19_png.rf.31840a51f7c3a7bad62d09932628983c.jpg,train,,,0,
captura_2023-10-05_15-37-22_png.rf.33294df5df5d0041ab95cb0fa19d0dcb.jpg,C:\Users\mviei\AppData\Local\Temp\aed_nativa\Placas-de-Transito-BR-1\train\images\captura_2023-10-05_15-37-22_png.rf.33294df5df5d0041ab95cb0fa19d0dcb.jpg,train,,,0,
captura_2023-10-05_15-37-27_png.rf.d3afd3b712f7b09dc6bab2e7cb776019.jpg,C:\Users\mviei\AppData\Local\Temp\aed_nativa\Placas-de-Transito-BR-1\train\images\captura_2023-10-05_15-37-27_png.rf.d3afd3b712f7b09dc6bab2e7cb776019.jpg,train,1270.0,636.0,0,
captura_2023-10-05_15-37-31_png.rf.db9115524c7f9a70ec17b5f9a8ee9c80.jpg,C:\Users\mviei\AppData\Local\Temp\aed_nativa\Placas-de-Transito-BR-1\train\images\captura_2023-10-05_15-37-31_png.rf.db9115524c7f9a70ec17b5f9a8ee9c80.jpg,train,,,0,
captura_2023-10-05_15-37-34_png.rf.47edbbd73c530fa31ed4e11bc3f089f1.jpg,C:\Users\mviei\AppData\Local\Temp\aed_nativa\Placas-de-Transito-BR-1\train\images\captura_2023-10-05_15-37-34_png.rf.47edbbd73c530fa31ed4e11bc3f089f1.jpg,train,,,0,
captura_2023-10-05_15-37-36_png.rf.76510c2683c540c37f241e10821f684c.jpg,C:\Users\mviei\AppData\Local\Temp\aed_nativa\Placas-de-Transito-BR-1\train\images\captura_2023-10-05_15-37-36_png.rf.76510c2683c540c37f241e10821f684c.jpg,train,,,1,40
captura_2023-10-05_15-37-39_png.rf.ab19945268746e826e3a2b84c40cc5bf.jpg,C:\Users\mviei\AppData\Local\Temp\aed_nativa\Placas-de-Transito-BR-1\train\images\captura_2023-10-05_15-37-39_png.rf.ab19945268746e826e3a2b84c40cc5bf.jpg,train,,,0,
captura_2023-10-05_15-37-42_png.rf.5c9157edf02b32072eb2ec27359fe3e4.jpg,C:\Users\mviei\AppData\Local\Temp\aed_nativa\Placas-de-Transito-BR-1\train\images\captura_2023-10-05_15-37-42_png.rf.5c9157edf02b32072eb2ec27359fe3e4.jpg,train,,,0,
captura_2023-10-05_15-37-44_png.rf.05106f76d1a4f382e2a24a25e45c74fd.jpg,C:\Users\mviei\AppData\Local\Temp\aed_nativa\Placas-de-Transito-BR-1\train\images\captura_2023-10-05_15-37-44_png.rf.05106f76d1a4f382e2a24a25e45c74fd.jpg,train,,,0,
captura_2023-10-05_15-37-46_png.rf.23bcce7447690263be2992efcbf02720.jpg,C:\Users\mviei\AppData\Local\Temp\aed_nativa\Placas-de-Transito-BR-1\train\images\captura_2023-10-05_15-37-46_png.rf.23bcce7447690263be2992efcbf02720.jpg,train,1270.0,636.0,0,
captura_2023-10-05_15-37-49_png.rf.17acc693a9eb560b846c3cb596dfd5a9.jpg,C:\Users\mviei\AppData\Local\Temp\aed_nativa\Placas-de-Transito-BR-1\train\images\captura_2023-10-05_15-37-49_png.rf.17acc693a9eb560b846c3cb596dfd5a9.jpg,train,,,0,
captura_2023-10-05_15-37-51_png.rf.cc35db97b8a6eba7af20fcea57b1cbe0.jpg,C:\Users\mviei\AppData\Local\Temp\aed_nativa\Placas-de-Transito-BR-1\train\images\captura_2023-10-05_15-37-51_png.rf.cc35db97b8a6eba7af20fcea57b1cbe0.jpg,train,,,0,
captura_2023-10-05_15-37-52_png.rf.7689d909416d8f0a1fe7ada35abcd2dc.jpg,C:\Users\mviei\AppData\Local\Temp\aed_nativa\Placas-de-Transito-BR-1\train\images\captura_2023-10-05_15-37-52_png.rf.7689d909416d8f0a1fe7ada35abcd2dc.jpg,train,,,0,
captura_2023-10-05_15-37-54_png.rf.8d9309361744f2d621b2837a7d4758de.jpg,C:\Users\mviei\AppData\Local\Temp\aed_nativa\Placas-de-Transito-BR-1\train\images\captura_2023-10-05_15-37-54_png.rf.8d9309361744f2d621b2837a7d4758de.jpg,train,,,0,
captura_2023-10-05_15-37-57_png.rf.7cd0e5f88413979bb28d7c8ddf03d8ed.jpg,C:\Users\mviei\AppData\Local\Temp\aed_nativa\Placas-de-Transito-BR-1\train\images\captura_2023-10-05_15-37-57_png.rf.7cd0e5f88413979bb28d7c8ddf03d8ed.jpg,train,,,0,
captura_2023-10-05_15-37-59_png.rf.227bcfdd15b6c2188aa499a1c34089a7.jpg,C:\Users\mviei\AppData\Local\Temp\aed_nativa\Placas-de-Transito-BR-1\train\images\captura_2023-10-05_15-37-59_png.rf.227bcfdd15b6c2188aa499a1c34089a7.jpg,train,,,0,
captura_2023-10-05_15-38-02_png.rf.cedce26bef0758791c006fa92507e1ed.jpg,C:\Users\mviei\AppData\Local\Temp\aed_nativa\Placas-de-Transito-BR-1\train\images\captura_2023-10-05_15-38-02_png.rf.cedce26bef0758791c006fa92507e1ed.jpg,train,1270.0,636.0,0,
captura_2023-10-05_15-38-04_png.rf.48f21b36bdb2d3b26e1b63a3459a2f93.jpg,C:\Users\mviei\AppData\Local\Temp\aed_nativa\Placas-de-Transito-BR-1\train\images\captura_2023-10-05_15-38-04_png.rf.48f21b36bdb2d3b26e1b63a3459a2f93.jpg,train,,,1,20
captura_2023-10-05_15-38-06_png.rf.fe902f486617550744fd3440cfb8c443.jpg,C:\Users\mviei\AppData\Local\Temp\aed_nativa\Placas-de-Transito-BR-1\train\images\captura_2023-10-05_15-38-06_png.rf.fe902f486617550744fd3440cfb8c443.jpg,train,,,0,
captura_2023-10-05_15-38-09_png.rf.5c3f3671e6cbc7273dd99e58eb9d16ab.jpg,C:\Users\mviei\AppData\Local\Temp\aed_nativa\Placas-de-Transito-BR-1\train\images\captura_2023-10-05_15-38-09_png.rf.5c3f3671e6cbc7273dd99e58eb9d16ab.jpg,train,,,0,
captura_2023-10-05_15-38-12_png.rf.c76e4ddd1291917c3626ec42476f874d.jpg,C:\Users\mviei\AppData\Local\Temp\aed_nativa\Placas-de-Transito-BR-1\train\images\captura_2023-10-05_15-38-12_png.rf.c76e4ddd1291917c3626ec42476f874d.jpg,train,,,0,
captura_2023-10-05_15-38-14_png.rf.d895f4ad915dc8492b96b3222d98ee89.jpg,C:\Users\mviei\AppData\Local\Temp\aed_nativa\Placas-de-Transito-BR-1\train\images\captura_2023-10-05_15-38-14_png.rf.d895f4ad915dc8492b96b3222d98ee89.jpg,train,,,0,
captura_2023-10-05_15-38-15_png.rf.79d8d30157127140972120cc2f58f02d.jpg,C:\Users\mviei\AppData\Local\Temp\aed_nativa\Placas-de-Transito-BR-1\train\images\captura_2023-10-05_15-38-15_png.rf.79d8d30157127140972120cc2f58f02d.jpg,train,,,0,
captura_2023-10-05_15-38-17_png.rf.dd491aa487392740744a2ac25c3a6cca.jpg,C:\Users\mviei\AppData\Local\Temp\aed_nativa\Placas-de-Transito-BR-1\train\images\captura_2023-10-05_15-38-17_png.rf.dd491aa487392740744a2ac25c3a6cca.jpg,train,1270.0,636.0,0,
captura_2023-10-05_15-38-18_png.rf.862606e6b505e50b6699563985b55973.jpg,C:\Users\mviei\AppData\Local\Temp\aed_nativa\Placas-de-Transito-BR-1\train\images\captura_2023-10-05_15-38-18_png.rf.862606e6b505e50b6699563985b55973.jpg,train,,,0,
captura_2023-10-05_15-38-22_png.rf.935e5a2d36b00c5fa0e647a6ae307037.jpg,C:\Users\mviei\AppData\Local\Temp\aed_nativa\Placas-de-Transito-BR-1\train\images\captura_2023-10-05_15-38-22_png.rf.935e5a2d36b00c5fa0e647a6ae307037.jpg,train,,,0,
captura_2023-10-05_15-38-25_png.rf.e55425c0305ec2cad1bb3ff869df2bc6.jpg,C:\Users\mviei\AppData\Local\Temp\aed_nativa\Placas-de-Transito-BR-1\train\images\captura_2023-10-05_15-38-25_png.rf.e55425c0305ec2cad1bb3ff869df2bc6.jpg,train,,,0,
captura_2023-10-05_15-38-30_png.rf.bad250da734d74f4acfd78e6c4d34f73.jpg,C:\Users\mviei\AppData\Local\Temp\aed_nativa\Placas-de-Transito-BR-1\train\images\captura_2023-10-05_15-38-30_png.rf.bad250da734d74f4acfd78e6c4d34f73.jpg,train,,,0,
captura_2023-10-05_15-38-32_png.rf.d82c471560b465063d9322b698e71cd6.jpg,C:\Users\mviei\AppData\Local\Temp\aed_nativa\Placas-de-Transito-BR-1\train\images\captura_2023-10-05_15-38-32_png.rf.d82c471560b465063d9322b698e71cd6.jpg,train,,,0,
captura_2023-10-05_15-38-33_png.rf.e669f7c0712dcb943eda380c77451f79.jpg,C:\Users\mviei\AppData\Local\Temp\aed_nativa\Placas-de-Transito-BR-1\train\images\captura_2023-10-05_15-38-33_png.rf.e669f7c0712dcb943eda380c77451f79.jpg,train,,,1,15
captura_2023-10-05_15-38-35_png.rf.191a7b98904bf394c7a9f4b28ce057e6.jpg,C:\Users\mviei\AppData\Local\Temp\aed_nativa\Placas-de-Transito-BR-1\train\images\captura_2023-10-05_15-38-35_png.rf.191a7b98904bf394c7a9f4b28ce057e6.jpg,train,1270.0,636.0,0,
captura_2023-10-05_15-38-36_png.rf.a0f0d76d0701b27d07437342fb742622.jpg,C:\Users\mviei\AppData\Local\Temp\aed_nativa\Placas-de-Transito-BR-1\train\images\captura_2023-10-05_15-38-36_png.rf.a0f0d76d0701b27d07437342fb742622.jpg,train,,,0,
captura_2023-10-05_15-38-38_png.rf.5ea9d65e799978f873371432e111f7c4.jpg,C:\Users\mviei\AppData\Local\Temp\aed_nativa\Placas-de-Transito-BR-1\train\images\captura_2023-10-05_15-38-38_png.rf.5ea9d65e799978f873371432e111f7c4.jpg,train,,,1,45
captura_2023-10-05_15-38-53_png.rf.734184bab2e3cea13bf6898459c51c74.jpg,C:\Users\mviei\AppData\Local\Temp\aed_nativa\Placas-de-Transito-BR-1\train\images\captura_2023-10-05_15-38-53_png.rf.734184bab2e3cea13bf6898459c51c74.jpg,train,,,1,63
captura_2023-10-05_15-40-44_png.rf.e096fe130f5f3b172cbe663b8c465111.jpg,C:\Users\mviei\AppData\Local\Temp\aed_nativa\Placas-de-Transito-BR-1\train\images\captura_2023-10-05_15-40-44_png.rf.e096fe130f5f3b172cbe663b8c465111.jpg,train,,,1,63
captura_2023-10-05_15-41-28_png.rf.ea52734fcf25f284ceffb6e2006249d1.jpg,C:\Users\mviei\AppData\Local\Temp\aed_nativa\Placas-de-Transito-BR-1\train\images\captura_2023-10-05_15-41-28_png.rf.ea52734fcf25f284ceffb6e2006249d1.jpg,train,,,0,
captura_2023-10-05_15-41-31_png.rf.51fc3d66a9b5550f909a96fd62492734.jpg,C:\Users\mviei\AppData\Local\Temp\aed_nativa\Placas-de-Transito-BR-1\train\images\captura_2023-10-05_15-41-31_png.rf.51fc3d66a9b5550f909a96fd62492734.jpg,train,,,0,
captura_2023-10-05_15-41-33_png.rf.0a225094c17199260934fde7ce40fa83.jpg,C:\Users\mviei\AppData\Local\Temp\aed_nativa\Placas-de-Transito-BR-1\train\images\captura_2023-10-05_15-41-33_png.rf.0a225094c17199260934fde7ce40fa83.jpg,train,1270.0,636.0,0,
captura_2023-10-05_15-41-36_png.rf.46aa2317ca499bee04a0f29c03398dbf.jpg,C:\Users\mviei\AppData\Local\Temp\aed_nativa\Placas-de-Transito-BR-1\train\images\captura_2023-10-05_15-41-36_png.rf.46aa2317ca499bee04a0f29c03398dbf.jpg,train,,,1,19
captura_2023-10-05_15-41-38_png.rf.23196a894f4db59374b13146b174bce9.jpg,C:\Users\mviei\AppData\Local\Temp\aed_nativa\Placas-de-Transito-BR-1\train\images\captura_2023-10-05_15-41-38_png.rf.23196a894f4db59374b13146b174bce9.jpg,train,,,0,
captura_2023-10-05_15-41-40_png.rf.8dc6b3b4b276d20676ee49e20d237ea9.jpg,C:\Users\mviei\AppData\Local\Temp\aed_nativa\Placas-de-Transito-BR-1\train\images\captura_2023-10-05_15-41-40_png.rf.8dc6b3b4b276d20676ee49e20d237ea9.jpg,train,,,0,
captura_2023-10-05_15-41-42_png.rf.de8d0fcdf0e7c99a0a31593dcd910cf8.jpg,C:\Users\mviei\AppData\Local\Temp\aed_nativa\Placas-de-Transito-BR-1\train\images\captura_2023-10-05_15-41-42_png.rf.de8d0fcdf0e7c99a0a31593dcd910cf8.jpg,train,,,0,
captura_2023-10-05_15-41-43_png.rf.bc71343279ca21f3622b15abebfbf23f.jpg,C:\Users\mviei\AppData\Local\Temp\aed_nativa\Placas-de-Transito-BR-1\train\images\captura_2023-10-05_15-41-43_png.rf.bc71343279ca21f3622b15abebfbf23f.jpg,train,,,0,
captura_2023-10-05_15-41-45_png.rf.83c9c12de5facfc56b63e7b85fdc80d3.jpg,C:\Users\mviei\AppData\Local\Temp\aed_nativa\Placas-de-Transito-BR-1\train\images\captura_2023-10-05_15-41-45_png.rf.83c9c12de5facfc56b63e7b85fdc80d3.jpg,train,,,0,
captura_2023-10-05_15-41-47_png.rf.2fbf65bf3dd3d4ae6f276a92eebc1e0c.jpg,C:\Users\mviei\AppData\Local\Temp\aed_nativa\Placas-de-Transito-BR-1\train\images\captura_2023-10-05_15-41-47_png.rf.2fbf65bf3dd3d4ae6f276a92eebc1e0c.jpg,train,1270.0,636.0,0,
captura_2023-10-05_15-41-48_png.rf.fb875b29d593692a01ad3055d88f7ec5.jpg,C:\Users\mviei\AppData\Local\Temp\aed_nativa\Placas-de-Transito-BR-1\train\images\captura_2023-10-05_15-41-48_png.rf.fb875b29d593692a01ad3055d88f7ec5.jpg,train,,,0,
captura_2023-10-05_15-41-50_png.rf.b461d86ec5cbb6df638e2a69ec69b8ba.jpg,C:\Users\mviei\AppData\Local\Temp\aed_nativa\Placas-de-Transito-BR-1\train\images\captura_2023-10-05_15-41-50_png.rf.b461d86ec5cbb6df638e2a69ec69b8ba.jpg,train,,,0,
captura_2023-10-05_15-41-52_png.rf.bd4a28771e9739446522feb9f05d8a15.jpg,C:\Users\mviei\AppData\Local\Temp\aed_nativa\Placas-de-Transito-BR-1\train\images\captura_2023-10-05_15-41-52_png.rf.bd4a28771e9739446522feb9f05d8a15.jpg,train,,,0,
captura_2023-10-05_15-41-53_png.rf.964f46dd258ee87b0c0f6aba44e8079b.jpg,C:\Users\mviei\AppData\Local\Temp\aed_nativa\Placas-de-Transito-BR-1\train\images\captura_2023-10-05_15-41-53_png.rf.964f46dd258ee87b0c0f6aba44e8079b.jpg,train,,,0,
captura_2023-10-05_15-41-59_png.rf.4ee611fb44543c855e99856bb2012d30.jpg,C:\Users\mviei\AppData\Local\Temp\aed_nativa\Placas-de-Transito-BR-1\train\images\captura_2023-10-05_15-41-59_png.rf.4ee611fb44543c855e99856bb2012d30.jpg,train,,,0,
captura_2023-10-05_15-42-02_png.rf.202a18b0dcd71ef7516dd7cb52813ef6.jpg,C:\Users\mviei\AppData\Local\Temp\aed_nativa\Placas-de-Transito-BR-1\train\images\captura_2023-10-05_15-42-02_png.rf.202a18b0dcd71ef7516dd7cb52813ef6.jpg,train,,,0,
captura_2023-10-05_15-42-04_png.rf.16ea9b22302d2a6ef9ab42d57ee42076.jpg,C:\Users\mviei\AppData\Local\Temp\aed_nativa\Placas-de-Transito-BR-1\train\images\captura_2023-10-05_15-42-04_png.rf.16ea9b22302d2a6ef9ab42d57ee42076.jpg,train,1270.0,636.0,0,
captura_2023-10-05_15-42-05_png.rf.f7231791907e1c5038656458dedb49f6.jpg,C:\Users\mviei\AppData\Local\Temp\aed_nativa\Placas-de-Transito-BR-1\train\images\captura_2023-10-05_15-42-05_png.rf.f7231791907e1c5038656458dedb49f6.jpg,train,,,0,
captura_2023-10-05_15-42-07_png.rf.7e0ff7e4f6d2009f0d62f977cb0e552e.jpg,C:\Users\mviei\AppData\Local\Temp\aed_nativa\Placas-de-Transito-BR-1\train\images\captura_2023-10-05_15-42-07_png.rf.7e0ff7e4f6d2009f0d62f977cb0e552e.jpg,train,,,0,
captura_2023-10-05_15-42-09_png.rf.e4b96748c0fe7e8590c29620d0241045.jpg,C:\Users\mviei\AppData\Local\Temp\aed_nativa\Placas-de-Transito-BR-1\train\images\captura_2023-10-05_15-42-09_png.rf.e4b96748c0fe7e8590c29620d0241045.jpg,train,,,0,
captura_2023-10-05_15-42-14_png.rf.2df1e100a1ef7608574589735e1718dc.jpg,C:\Users\mviei\AppData\Local\Temp\aed_nativa\Placas-de-Transito-BR-1\train\images\captura_2023-10-05_15-42-14_png.rf.2df1e100a1ef7608574589735e1718dc.jpg,train,,,0,
captura_2023-10-05_15-42-15_png.rf.8239ccf90dcebb25fc7e0848237c0e33.jpg,C:\Users\mviei\AppData\Local\Temp\aed_nativa\Placas-de-Transito-BR-1\train\images\captura_2023-10-05_15-42-15_png.rf.8239ccf90dcebb25fc7e0848237c0e33.jpg,train,,,0,
captura_2023-10-05_15-42-17_png.rf.10ba16220dba31a9524358a13f8926de.jpg,C:\Users\mviei\AppData\Local\Temp\aed_nativa\Placas-de-Transito-BR-1\train\images\captura_2023-10-05_15-42-17_png.rf.10ba16220dba31a9524358a13f8926de.jpg,train,,,0,
captura_2023-10-05_15-42-19_png.rf.9534c35613d7142ca8cd68003546c6a9.jpg,C:\Users\mviei\AppData\Local\Temp\aed_nativa\Placas-de-Transito-BR-1\train\images\captura_2023-10-05_15-42-19_png.rf.9534c35613d7142ca8cd68003546c6a9.jpg,train,1270.0,636.0,0,
captura_2023-10-05_15-42-41_png.rf.e0ca93c4547a284801b25276122518ec.jpg,C:\Users\mviei\AppData\Local\Temp\aed_nativa\Placas-de-Transito-BR-1\train\images\captura_2023-10-05_15-42-41_png.rf.e0ca93c4547a284801b25276122518ec.jpg,train,,,1,48
captura_2023-10-05_15-42-55_png.rf.d33c9482d3f9a853f10ea7a9fea94660.jpg,C:\Users\mviei\AppData\Local\Temp\aed_nativa\Placas-de-Transito-BR-1\train\images\captura_2023-10-05_15-42-55_png.rf.d33c9482d3f9a853f10ea7a9fea94660.jpg,train,,,1,63
captura_2023-10-05_15-46-01_png.rf.179c14d452a043789e77616c0d48afbf.jpg,C:\Users\mviei\AppData\Local\Temp\aed_nativa\Placas-de-Transito-BR-1\train\images\captura_2023-10-05_15-46-01_png.rf.179c14d452a043789e77616c0d48afbf.jpg,train,,,3,"42,46"
captura_2023-10-05_15-46-02_png.rf.1ad57e7cc2205b685417d42a2b517208.jpg,C:\Users\mviei\AppData\Local\Temp\aed_nativa\Placas-de-Transito-BR-1\train\images\captura_2023-10-05_15-46-02_png.rf.1ad57e7cc2205b685417d42a2b517208.jpg,train,,,2,46
captura_2023-10-05_15-46-04_png.rf.9ce1b39a3a2a1ac1d7cc1ea72a9fb0fc.jpg,C:\Users\mviei\AppData\Local\Temp\aed_nativa\Placas-de-Transito-BR-1\train\images\captura_2023-10-05_15-46-04_png.rf.9ce1b39a3a2a1ac1d7cc1ea72a9fb0fc.jpg,train,,,2,46
captura_2023-10-05_15-46-23_png.rf.55ba2b73cd9703d656a87036a8f0ab4a.jpg,C:\Users\mviei\AppData\Local\Temp\aed_nativa\Placas-de-Transito-BR-1\train\images\captura_2023-10-05_15-46-23_png.rf.55ba2b73cd9703d656a87036a8f0ab4a.jpg,train,,,1,43
captura_2023-10-05_15-47-28_png.rf.a83958a568f8dccfd6d1eb306c2bd78a.jpg,C:\Users\mviei\AppData\Local\Temp\aed_nativa\Placas-de-Transito-BR-1\train\images\captura_2023-10-05_15-47-28_png.rf.a83958a568f8dccfd6d1eb306c2bd78a.jpg,train,1270.0,636.0,1,63
captura_2023-10-05_15-47-45_png.rf.9d8ef5f52df2e4e6259f618b069ab5f3.jpg,C:\Users\mviei\AppData\Local\Temp\aed_nativa\Placas-de-Transito-BR-1\train\images\captura_2023-10-05_15-47-45_png.rf.9d8ef5f52df2e4e6259f618b069ab5f3.jpg,train,,,1,63
captura_2023-10-05_15-49-58_png.rf.fe1884858af7cc504626a3f4021d990e.jpg,C:\Users\mviei\AppData\Local\Temp\aed_nativa\Placas-de-Transito-BR-1\train\images\captura_2023-10-05_15-49-58_png.rf.fe1884858af7cc504626a3f4021d990e.jpg,train,,,1,63
captura_2023-10-05_15-50-14_png.rf.92999616b8c1174c189179f8ff52f800.jpg,C:\Users\mviei\AppData\Local\Temp\aed_nativa\Placas-de-Transito-BR-1\train\images\captura_2023-10-05_15-50-14_png.rf.92999616b8c1174c189179f8ff52f800.jpg,train,,,1,46
captura_2023-10-05_15-50-16_png.rf.923a2d8bf9999d08732cd8a53a69096e.jpg,C:\Users\mviei\AppData\Local\Temp\aed_nativa\Placas-de-Transito-BR-1\train\images\captura_2023-10-05_15-50-16_png.rf.923a2d8bf9999d08732cd8a53a69096e.jpg,train,,,1,20
captura_2023-10-05_15-50-19_png.rf.a2afb7dd94e996f7c261d3da6afa12e8.jpg,C:\Users\mviei\AppData\Local\Temp\aed_nativa\Placas-de-Transito-BR-1\train\images\captura_2023-10-05_15-50-19_png.rf.a2afb7dd94e996f7c261d3da6afa12e8.jpg,train,,,1,4
captura_2023-10-05_15-51-03_png.rf.3ab9d15305975bd334e377e7aa87f85d.jpg,C:\Users\mviei\AppData\Local\Temp\aed_nativa\Placas-de-Transito-BR-1\train\images\captura_2023-10-05_15-51-03_png.rf.3ab9d15305975bd334e377e7aa87f85d.jpg,train,,,1,63
captura_2023-10-05_15-52-21_png.rf.c2621d29b201f1cefb78f334d6bf2d91.jpg,C:\Users\mviei\AppData\Local\Temp\aed_nativa\Placas-de-Transito-BR-1\train\images\captura_2023-10-05_15-52-21_png.rf.c2621d29b201f1cefb78f334d6bf2d91.jpg,train,1270.0,636.0,0,
captura_2023-10-05_15-54-28_png.rf.e6cf2f076582c75b8445cfe3aa97b0ca.jpg,C:\Users\mviei\AppData\Local\Temp\aed_nativa\Placas-de-Transito-BR-1\train\images\captura_2023-10-05_15-54-28_png.rf.e6cf2f076582c75b8445cfe3aa97b0ca.jpg,train,,,0,
captura_2023-10-05_15-55-28_png.rf.20c693512195be6e2f65b8f4e43b715d.jpg,C:\Users\mviei\AppData\Local\Temp\aed_nativa\Placas-de-Transito-BR-1\train\images\captura_2023-10-05_15-55-28_png.rf.20c693512195be6e2f65b8f4e43b715d.jpg,train,,,1,63
captura_2023-10-05_15-55-39_png.rf.61dac6805477099a1574de29c83d3c80.jpg,C:\Users\mviei\AppData\Local\Temp\aed_nativa\Placas-de-Transito-BR-1\train\images\captura_2023-10-05_15-55-39_png.rf.61dac6805477099a1574de29c83d3c80.jpg,train,,,0,
captura_2023-10-05_15-55-40_png.rf.962303798163e19151b86be78b5ae4fb.jpg,C:\Users\mviei\AppData\Local\Temp\aed_nativa\Placas-de-Transito-BR-1\train\images\captura_2023-10-05_15-55-40_png.rf.962303798163e19151b86be78b5ae4fb.jpg,train,,,0,
captura_2023-10-05_15-55-42_png.rf.5b2f594d04d9ef1e1eb609150d70a740.jpg,C:\Users\mviei\AppData\Local\Temp\aed_nativa\Placas-de-Transito-BR-1\train\images\captura_2023-10-05_15-55-42_png.rf.5b2f594d04d9ef1e1eb609150d70a740.jpg,train,,,0,
captura_2023-10-05_15-55-54_png.rf.244c568e9c97a961aedd0e0611ce0805.jpg,C:\Users\mviei\AppData\Local\Temp\aed_nativa\Placas-de-Transito-BR-1\train\images\captura_2023-10-05_15-55-54_png.rf.244c568e9c97a961aedd0e0611ce0805.jpg,train,,,1,20
captura_2023-10-05_15-55-59_png.rf.be66a9a243b2bd3248f1a8de334690a3.jpg,C:\Users\mviei\AppData\Local\Temp\aed_nativa\Placas-de-Transito-BR-1\train\images\captura_2023-10-05_15-55-59_png.rf.be66a9a243b2bd3248f1a8de334690a3.jpg,train,1270.0,636.0,1,48
captura_2023-10-05_15-56-47_png.rf.ff78ac3c49fc27d5fcb3553bcecc4ab1.jpg,C:\Users\mviei\AppData\Local\Temp\aed_nativa\Placas-de-Transito-BR-1\train\images\captura_2023-10-05_15-56-47_png.rf.ff78ac3c49fc27d5fcb3553bcecc4ab1.jpg,train,,,1,19
captura_2023-10-05_15-59-15_png.rf.7e7812e028760a240220d5ebde6cc5f0.jpg,C:\Users\mviei\AppData\Local\Temp\aed_nativa\Placas-de-Transito-BR-1\train\images\captura_2023-10-05_15-59-15_png.rf.7e7812e028760a240220d5ebde6cc5f0.jpg,train,,,1,63
captura_2023-10-05_15-59-27_png.rf.b3eca600b6b3cbb5f133a679c18655ec.jpg,C:\Users\mviei\AppData\Local\Temp\aed_nativa\Placas-de-Transito-BR-1\train\images\captura_2023-10-05_15-59-27_png.rf.b3eca600b6b3cbb5f133a679c18655ec.jpg,train,,,1,65
captura_2023-10-05_15-59-51_png.rf.ceb033ece93c958ee02a121a613d8e4c.jpg,C:\Users\mviei\AppData\Local\Temp\aed_nativa\Placas-de-Transito-BR-1\train\images\captura_2023-10-05_15-59-51_png.rf.ceb033ece93c958ee02a121a613d8e4c.jpg,train,,,1,19
captura_2023-10-05_16-00-01_png.rf.a4393d75458f465a6739d796485827e0.jpg,C:\Users\mviei\AppData\Local\Temp\aed_nativa\Placas-de-Transito-BR-1\train\images\captura_2023-10-05_16-00-01_png.rf.a4393d75458f465a6739d796485827e0.jpg,train,,,0,
captura_2023-10-05_16-00-29_png.rf.dd90076f76aae3dc316231379670608c.jpg,C:\Users\mviei\AppData\Local\Temp\aed_nativa\Placas-de-Transito-BR-1\train\images\captura_2023-10-05_16-00-29_png.rf.dd90076f76aae3dc316231379670608c.jpg,train,,,0,
captura_2023-10-05_16-00-36_png.rf.8d2f6aaa06b577c400f1759dcd28d6d1.jpg,C:\Users\mviei\AppData\Local\Temp\aed_nativa\Placas-de-Transito-BR-1\train\images\captura_2023-10-05_16-00-36_png.rf.8d2f6aaa06b577c400f1759dcd28d6d1.jpg,train,1270.0,636.0,2,"49,65"
captura_2023-10-05_16-00-43_png.rf.948e15a708a43fdf0263e15aafb0bbff.jpg,C:\Users\mviei\AppData\Local\Temp\aed_nativa\Placas-de-Transito-BR-1\train\images\captura_2023-10-05_16-00-43_png.rf.948e15a708a43fdf0263e15aafb0bbff.jpg,train,,,0,
captura_2023-10-05_16-00-50_png.rf.eff618948d559ed6b243ed19511fb62d.jpg,C:\Users\mviei\AppData\Local\Temp\aed_nativa\Placas-de-Transito-BR-1\train\images\captura_2023-10-05_16-00-50_png.rf.eff618948d559ed6b243ed19511fb62d.jpg,train,,,1,19
captura_2023-10-05_16-01-24_png.rf.871de9b81da66ba22a761622e9ff6581.jpg,C:\Users\mviei\AppData\Local\Temp\aed_nativa\Placas-de-Transito-BR-1\train\images\captura_2023-10-05_16-01-24_png.rf.871de9b81da66ba22a761622e9ff6581.jpg,train,,,1,40
captura_2023-10-05_16-01-41_png.rf.f80b4ab94c9d0d7c4ccb57c0f5f76398.jpg,C:\Users\mviei\AppData\Local\Temp\aed_nativa\Placas-de-Transito-BR-1\train\images\captura_2023-10-05_16-01-41_png.rf.f80b4ab94c9d0d7c4ccb57c0f5f76398.jpg,train,,,0,
captura_2023-10-05_16-01-48_png.rf.279dae57b2c14bf3bf19224edbfbee9e.jpg,C:\Users\mviei\AppData\Local\Temp\aed_nativa\Placas-de-Transito-BR-1\train\images\captura_2023-10-05_16-01-48_png.rf.279dae57b2c14bf3bf19224edbfbee9e.jpg,train,,,1,41
captura_2023-10-05_16-03-19_png.rf.730a0a1fd86d18275c95edf9565704cc.jpg,C:\Users\mviei\AppData\Local\Temp\aed_nativa\Placas-de-Transito-BR-1\train\images\captura_2023-10-05_16-03-19_png.rf.730a0a1fd86d18275c95edf9565704cc.jpg,train,,,1,37
captura_2023-10-05_16-03-23_png.rf.f9378f6bcbe8538b6253fd55eb2bd8a3.jpg,C:\Users\mviei\AppData\Local\Temp\aed_nativa\Placas-de-Transito-BR-1\train\images\captura_2023-10-05_16-03-23_png.rf.f9378f6bcbe8538b6253fd55eb2bd8a3.jpg,train,1270.0,636.0,0,
captura_2023-10-05_16-03-35_png.rf.87dd13bf4a1a6529783e64954f31ca17.jpg,C:\Users\mviei\AppData\Local\Temp\aed_nativa\Placas-de-Transito-BR-1\train\images\captura_2023-10-05_16-03-35_png.rf.87dd13bf4a1a6529783e64954f31ca17.jpg,train,,,0,
captura_2023-10-05_16-04-27_png.rf.aaf8036bd98348d4cd9243030e0754e4.jpg,C:\Users\mviei\AppData\Local\Temp\aed_nativa\Placas-de-Transito-BR-1\train\images\captura_2023-10-05_16-04-27_png.rf.aaf8036bd98348d4cd9243030e0754e4.jpg,train,,,0,
captura_2023-10-05_16-04-56_png.rf.263040c2a34bafdacd6319c8c7ecad94.jpg,C:\Users\mviei\AppData\Local\Temp\aed_nativa\Placas-de-Transito-BR-1\train\images\captura_2023-10-05_16-04-56_png.rf.263040c2a34bafdacd6319c8c7ecad94.jpg,train,,,1,20
captura_2023-10-05_16-05-22_png.rf.8cd94c6196e432842ffcc0e3d492d1e8.jpg,C:\Users\mviei\AppData\Local\Temp\aed_nativa\Placas-de-Transito-BR-1\train\images\captura_2023-10-05_16-05-22_png.rf.8cd94c6196e432842ffcc0e3d492d1e8.jpg,train,,,1,63
captura_2023-10-05_16-05-26_png.rf.a1b5a267416e855a72f681f58164938e.jpg,C:\Users\mviei\AppData\Local\Temp\aed_nativa\Placas-de-Transito-BR-1\train\images\captura_2023-10-05_16-05-26_png.rf.a1b5a267416e855a72f681f58164938e.jpg,train,,,1,20
captura_2023-10-05_16-05-40_png.rf.879022b05f857707135cf658866db286.jpg,C:\Users\mviei\AppData\Local\Temp\aed_nativa\Placas-de-Transito-BR-1\train\images\captura_2023-10-05_16-05-40_png.rf.879022b05f857707135cf658866db286.jpg,train,,,1,63
captura_2023-10-05_16-05-45_png.rf.7f4d87d7a2bad23cfa9dc92b947417dc.jpg,C:\Users\mviei\AppData\Local\Temp\aed_nativa\Placas-de-Transito-BR-1\train\images\captura_2023-10-05_16-05-45_png.rf.7f4d87d7a2bad23cfa9dc92b947417dc.jpg,train,1270.0,636.0,1,20
captura_2023-10-05_16-05-55_png.rf.dc53f592befb4e8547b30f4e8c0c5d0e.jpg,C:\Users\mviei\AppData\Local\Temp\aed_nativa\Placas-de-Transito-BR-1\train\images\captura_2023-10-05_16-05-55_png.rf.dc53f592befb4e8547b30f4e8c0c5d0e.jpg,train,,,1,63
captura_2023-10-05_16-06-15_png.rf.8369a27e48b730039e790f84b5f10102.jpg,C:\Users\mviei\AppData\Local\Temp\aed_nativa\Placas-de-Transito-BR-1\train\images\captura_2023-10-05_16-06-15_png.rf.8369a27e48b730039e790f84b5f10102.jpg,train,,,1,63
captura_2023-10-05_16-06-31_png.rf.4a347a57f6cdcf14ea1fd510ba3bd8e2.jpg,C:\Users\mviei\AppData\Local\Temp\aed_nativa\Placas-de-Transito-BR-1\train\images\captura_2023-10-05_16-06-31_png.rf.4a347a57f6cdcf14ea1fd510ba3bd8e2.jpg,train,,,1,3
captura_2023-10-05_16-06-33_png.rf.d5740354e78fc7ce7c3cb1600dd23fb4.jpg,C:\Users\mviei\AppData\Local\Temp\aed_nativa\Placas-de-Transito-BR-1\train\images\captura_2023-10-05_16-06-33_png.rf.d5740354e78fc7ce7c3cb1600dd23fb4.jpg,train,,,0,
captura_2023-10-05_16-06-47_png.rf.c920a4535bb69f2523864b0c0d0fde35.jpg,C:\Users\mviei\AppData\Local\Temp\aed_nativa\Placas-de-Transito-BR-1\train\images\captura_2023-10-05_16-06-47_png.rf.c920a4535bb69f2523864b0c0d0fde35.jpg,train,,,1,63
captura_2023-10-05_16-06-50_png.rf.d0ae6c606a4ce58cffb62f93431e0224.jpg,C:\Users\mviei\AppData\Local\Temp\aed_nativa\Placas-de-Transito-BR-1\train\images\captura_2023-10-05_16-06-50_png.rf.d0ae6c606a4ce58cffb62f93431e0224.jpg,train,,,0,
captura_2023-10-05_16-06-54_png.rf.e7866a727f5281820c55027bf1e11f66.jpg,C:\Users\mviei\AppData\Local\Temp\aed_nativa\Placas-de-Transito-BR-1\train\images\captura_2023-10-05_16-06-54_png.rf.e7866a727f5281820c55027bf1e11f66.jpg,train,1270.0,636.0,1,48
captura_2023-10-05_16-07-13_png.rf.8dd0fccc3309492d268106b66ef7dca5.jpg,C:\Users\mviei\AppData\Local\Temp\aed_nativa\Placas-de-Transito-BR-1\train\images\captura_2023-10-05_16-07-13_png.rf.8dd0fccc3309492d268106b66ef7dca5.jpg,train,,,0,
captura_2023-10-05_16-07-51_png.rf.8d0fc4e0004beb357ac87c5f82f00acf.jpg,C:\Users\mviei\AppData\Local\Temp\aed_nativa\Placas-de-Transito-BR-1\train\images\captura_2023-10-05_16-07-51_png.rf.8d0fc4e0004beb357ac87c5f82f00acf.jpg,train,,,0,
captura_2023-10-05_16-08-35_png.rf.348b039913544abac12c22742225ef79.jpg,C:\Users\mviei\AppData\Local\Temp\aed_nativa\Placas-de-Transito-BR-1\train\images\captura_2023-10-05_16-08-35_png.rf.348b039913544abac12c22742225ef79.jpg,train,,,0,
captura_2023-10-05_16-09-05_png.rf.a58e316581305809e5c15e5fed14d3dc.jpg,C:\Users\mviei\AppData\Local\Temp\aed_nativa\Placas-de-Transito-BR-1\train\images\captura_2023-10-05_16-09-05_png.rf.a58e316581305809e5c15e5fed14d3dc.jpg,train,,,1,20
captura_2023-10-05_16-09-20_png.rf.024b8581e0e556cd64b746a2ead7673c.jpg,C:\Users\mviei\AppData\Local\Temp\aed_nativa\Placas-de-Transito-BR-1\train\images\captura_2023-10-05_16-09-20_png.rf.024b8581e0e556cd64b746a2ead7673c.jpg,train,,,1,48
captura_2023-10-05_16-09-46_png.rf.344bd4995aeb97747d29bff4a251e744.jpg,C:\Users\mviei\AppData\Local\Temp\aed_nativa\Placas-de-Transito-BR-1\train\images\captura_2023-10-05_16-09-46_png.rf.344bd4995aeb97747d29bff4a251e744.jpg,train,,,1,20
captura_2023-10-05_16-10-17_png.rf.768d839c9aaf69dcb579f0b13b9a7dfa.jpg,C:\Users\mviei\AppData\Local\Temp\aed_nativa\Placas-de-Transito-BR-1\train\images\captura_2023-10-05_16-10-17_png.rf.768d839c9aaf69dcb579f0b13b9a7dfa.jpg,train,1270.0,636.0,0,
captura_2023-10-05_16-10-24_png.rf.0452b43d4637fdf1735573da70d61ad2.jpg,C:\Users\mviei\AppData\Local\Temp\aed_nativa\Placas-de-Transito-BR-1\train\images\captura_2023-10-05_16-10-24_png.rf.0452b43d4637fdf1735573da70d61ad2.jpg,train,,,1,48
captura_2023-10-05_16-10-37_png.rf.36aa63aebaf03898566ccce70c7ff726.jpg,C:\Users\mviei\AppData\Local\Temp\aed_nativa\Placas-de-Transito-BR-1\train\images\captura_2023-10-05_16-10-37_png.rf.36aa63aebaf03898566ccce70c7ff726.jpg,train,,,1,42
captura_2023-10-05_16-10-46_png.rf.6c8cfe0156ade8625f9d3d93ebe198b6.jpg,C:\Users\mviei\AppData\Local\Temp\aed_nativa\Placas-de-Transito-BR-1\train\images\captura_2023-10-05_16-10-46_png.rf.6c8cfe0156ade8625f9d3d93ebe198b6.jpg,train,,,1,20
captura_2023-10-05_16-11-22_png.rf.a52b87c5598c8d40a70fa46cd518afbf.jpg,C:\Users\mviei\AppData\Local\Temp\aed_nativa\Placas-de-Transito-BR-1\train\images\captura_2023-10-05_16-11-22_png.rf.a52b87c5598c8d40a70fa46cd518afbf.jpg,train,,,0,
captura_2023-10-05_16-11-26_png.rf.5694ff0dd023c61e45d41d53e5cb6984.jpg,C:\Users\mviei\AppData\Local\Temp\aed_nativa\Placas-de-Transito-BR-1\train\images\captura_2023-10-05_16-11-26_png.rf.5694ff0dd023c61e45d41d53e5cb6984.jpg,train,,,1,65
captura_2023-10-05_16-11-31_png.rf.5f2cce408ac5785978ac570afc56f28e.jpg,C:\Users\mviei\AppData\Local\Temp\aed_nativa\Placas-de-Transito-BR-1\train\images\captura_2023-10-05_16-11-31_png.rf.5f2cce408ac5785978ac570afc56f28e.jpg,train,,,0,
captura_2023-10-05_16-11-54_png.rf.aa28ce741300ada378791690522bbc4b.jpg,C:\Users\mviei\AppData\Local\Temp\aed_nativa\Placas-de-Transito-BR-1\train\images\captura_2023-10-05_16-11-54_png.rf.aa28ce741300ada378791690522bbc4b.jpg,train,1270.0,636.0,1,0
captura_2023-10-05_16-12-45_png.rf.9ac52b36e9ed7adbb716381153578d67.jpg,C:\Users\mviei\AppData\Local\Temp\aed_nativa\Placas-de-Transito-BR-1\train\images\captura_2023-10-05_16-12-45_png.rf.9ac52b36e9ed7adbb716381153578d67.jpg,train,,,1,33
captura_2023-10-05_16-13-11_png.rf.1666420fb4fc9ebf7ba397df0612b4ba.jpg,C:\Users\mviei\AppData\Local\Temp\aed_nativa\Placas-de-Transito-BR-1\train\images\captura_2023-10-05_16-13-11_png.rf.1666420fb4fc9ebf7ba397df0612b4ba.jpg,train,,,1,20
captura_2023-10-05_16-13-33_png.rf.80eff173ce76d717b41e3b45d3e56583.jpg,C:\Users\mviei\AppData\Local\Temp\aed_nativa\Placas-de-Transito-BR-1\train\images\captura_2023-10-05_16-13-33_png.rf.80eff173ce76d717b41e3b45d3e56583.jpg,train,,,1,19
captura_2023-10-05_16-13-50_png.rf.16385bd1a6813b3534f5c3109639d4dd.jpg,C:\Users\mviei\AppData\Local\Temp\aed_nativa\Placas-de-Transito-BR-1\train\images\captura_2023-10-05_16-13-50_png.rf.16385bd1a6813b3534f5c3109639d4dd.jpg,train,,,1,42
captura_2023-10-05_16-13-57_png.rf.93a57fea80226f6dad568de1dce23da4.jpg,C:\Users\mviei\AppData\Local\Temp\aed_nativa\Placas-de-Transito-BR-1\train\images\captura_2023-10-05_16-13-57_png.rf.93a57fea80226f6dad568de1dce23da4.jpg,train,,,1,20
captura_2023-10-05_17-37-47_png.rf.8d7733580fb5d71d0b0907a30b480e38.jpg,C:\Users\mviei\AppData\Local\Temp\aed_nativa\Placas-de-Transito-BR-1\train\images\captura_2023-10-05_17-37-47_png.rf.8d7733580fb5d71d0b0907a30b480e38.jpg,train,,,1,53
captura_2023-10-05_17-38-24_png.rf.f2695acdd9cd5a50dd7143416674a896.jpg,C:\Users\mviei\AppData\Local\Temp\aed_nativa\Placas-de-Transito-BR-1\train\images\captura_2023-10-05_17-38-24_png.rf.f2695acdd9cd5a50dd7143416674a896.jpg,train,1257.0,631.0,1,47
captura_2023-10-05_17-38-26_png.rf.9fa707af5ab28a83f787090afaf6752e.jpg,C:\Users\mviei\AppData\Local\Temp\aed_nativa\Placas-de-Transito-BR-1\train\images\captura_2023-10-05_17-38-26_png.rf.9fa707af5ab28a83f787090afaf6752e.jpg,train,,,0,
captura_2023-10-05_17-38-36_png.rf.f9fcca4f783631971a31783bf807a6d5.jpg,C:\Users\mviei\AppData\Local\Temp\aed_nativa\Placas-de-Transito-BR-1\train\images\captura_2023-10-05_17-38-36_png.rf.f9fcca4f783631971a31783bf807a6d5.jpg,train,,,2,"42,48"
captura_2023-10-05_17-38-39_png.rf.0675f79070db7e2a0d27c21f393a7e89.jpg,C:\Users\mviei\AppData\Local\Temp\aed_nativa\Placas-de-Transito-BR-1\train\images\captura_2023-10-05_17-38-39_png.rf.0675f79070db7e2a0d27c21f393a7e89.jpg,train,,,1,48
captura_2023-10-05_17-38-59_png.rf.b0cb4e30dc040d201ad3752c19a5c60f.jpg,C:\Users\mviei\AppData\Local\Temp\aed_nativa\Placas-de-Transito-BR-1\train\images\captura_2023-10-05_17-38-59_png.rf.b0cb4e30dc040d201ad3752c19a5c60f.jpg,train,,,1,53
captura_2023-10-05_17-39-07_png.rf.edbf4c7905a0f36570b5dcaf65187814.jpg,C:\Users\mviei\AppData\Local\Temp\aed_nativa\Placas-de-Transito-BR-1\train\images\captura_2023-10-05_17-39-07_png.rf.edbf4c7905a0f36570b5dcaf65187814.jpg,train,,,1,48
captura_2023-10-05_17-39-12_png.rf.7b1aaee2292def76ec4e1698bdd18f36.jpg,C:\Users\mviei\AppData\Local\Temp\aed_nativa\Placas-de-Transito-BR-1\train\images\captura_2023-10-05_17-39-12_png.rf.7b1aaee2292def76ec4e1698bdd18f36.jpg,train,,,1,48
captura_2023-10-05_17-39-14_png.rf.c9ac68b47156403d4c47a9edd5a51933.jpg,C:\Users\mviei\AppData\Local\Temp\aed_nativa\Placas-de-Transito-BR-1\train\images\captura_2023-10-05_17-39-14_png.rf.c9ac68b47156403d4c47a9edd5a51933.jpg,train,1257.0,631.0,1,48
captura_2023-10-05_17-39-44_png.rf.374c77e38e644757e6d4abd8ab6e184d.jpg,C:\Users\mviei\AppData\Local\Temp\aed_nativa\Placas-de-Transito-BR-1\train\images\captura_2023-10-05_17-39-44_png.rf.374c77e38e644757e6d4abd8ab6e184d.jpg,train,,,0,
captura_2023-10-05_17-39-53_png.rf.403a2b33f1c0713704050d2191658692.jpg,C:\Users\mviei\AppData\Local\Temp\aed_nativa\Placas-de-Transito-BR-1\train\images\captura_2023-10-05_17-39-53_png.rf.403a2b33f1c0713704050d2191658692.jpg,train,,,1,19
captura_2023-10-05_17-40-10_png.rf.7ca36120a8c74b3907ce6275c8881199.jpg,C:\Users\mviei\AppData\Local\Temp\aed_nativa\Placas-de-Transito-BR-1\train\images\captura_2023-10-05_17-40-10_png.rf.7ca36120a8c74b3907ce6275c8881199.jpg,train,,,1,12
captura_2023-10-05_17-40-39_png.rf.a049bde4404a0e6a6ace0f9bada454fe.jpg,C:\Users\mviei\AppData\Local\Temp\aed_nativa\Placas-de-Transito-BR-1\train\images\captura_2023-10-05_17-40-39_png.rf.a049bde4404a0e6a6ace0f9bada454fe.jpg,train,,,1,41
captura_2023-10-05_17-40-59_png.rf.8fddc353159f532ca595a36505459328.jpg,C:\Users\mviei\AppData\Local\Temp\aed_nativa\Placas-de-Transito-BR-1\train\images\captura_2023-10-05_17-40-59_png.rf.8fddc353159f532ca595a36505459328.jpg,train,,,1,48
captura_2023-10-05_17-41-06_png.rf.9aa5674e6c8b3fdeed660a9d15d62c59.jpg,C:\Users\mviei\AppData\Local\Temp\aed_nativa\Placas-de-Transito-BR-1\train\images\captura_2023-10-05_17-41-06_png.rf.9aa5674e6c8b3fdeed660a9d15d62c59.jpg,train,,,1,20
captura_2023-10-05_17-41-14_png.rf.96483649a669c5007ddd1d3a594216d6.jpg,C:\Users\mviei\AppData\Local\Temp\aed_nativa\Placas-de-Transito-BR-1\train\images\captura_2023-10-05_17-41-14_png.rf.96483649a669c5007ddd1d3a594216d6.jpg,train,1257.0,631.0,1,65
captura_2023-10-05_17-41-57_png.rf.f01c04e75e5c81fab3430d2968ea1bc8.jpg,C:\Users\mviei\AppData\Local\Temp\aed_nativa\Placas-de-Transito-BR-1\train\images\captura_2023-10-05_17-41-57_png.rf.f01c04e75e5c81fab3430d2968ea1bc8.jpg,train,,,1,12
captura_2023-10-05_17-41-58_png.rf.7c608762a6df097707ffe65dac18eac8.jpg,C:\Users\mviei\AppData\Local\Temp\aed_nativa\Placas-de-Transito-BR-1\train\images\captura_2023-10-05_17-41-58_png.rf.7c608762a6df097707ffe65dac18eac8.jpg,train,,,1,65
captura_2023-10-05_17-42-03_png.rf.0ff75366dd273e217756fb37a06a1a5d.jpg,C:\Users\mviei\AppData\Local\Temp\aed_nativa\Placas-de-Transito-BR-1\train\images\captura_2023-10-05_17-42-03_png.rf.0ff75366dd273e217756fb37a06a1a5d.jpg,train,,,0,
captura_2023-10-05_17-42-13_png.rf.ef4a84178fcf5e086e60533c80063dff.jpg,C:\Users\mviei\AppData\Local\Temp\aed_nativa\Placas-de-Transito-BR-1\train\images\captura_2023-10-05_17-42-13_png.rf.ef4a84178fcf5e086e60533c80063dff.jpg,train,,,0,
captura_2023-10-05_17-42-20_png.rf.b39fc1c94f68fdbb1e0f2541df6606c1.jpg,C:\Users\mviei\AppData\Local\Temp\aed_nativa\Placas-de-Transito-BR-1\train\images\captura_2023-10-05_17-42-20_png.rf.b39fc1c94f68fdbb1e0f2541df6606c1.jpg,train,,,0,
captura_2023-10-05_17-42-21_png.rf.6b77406f12158ef6bf5fd92e61d86d95.jpg,C:\Users\mviei\AppData\Local\Temp\aed_nativa\Placas-de-Transito-BR-1\train\images\captura_2023-10-05_17-42-21_png.rf.6b77406f12158ef6bf5fd92e61d86d95.jpg,train,,,1,59
captura_2023-10-05_17-42-38_png.rf.9d1e13466aacbd91d7a6cebf7c334c6b.jpg,C:\Users\mviei\AppData\Local\Temp\aed_nativa\Placas-de-Transito-BR-1\train\images\captura_2023-10-05_17-42-38_png.rf.9d1e13466aacbd91d7a6cebf7c334c6b.jpg,train,1257.0,631.0,1,65
captura_2023-10-05_17-42-48_png.rf.44632fb5e151e96601c86392b9714818.jpg,C:\Users\mviei\AppData\Local\Temp\aed_nativa\Placas-de-Transito-BR-1\train\images\captura_2023-10-05_17-42-48_png.rf.44632fb5e151e96601c86392b9714818.jpg,train,,,1,48
captura_2023-10-05_17-43-41_png.rf.595f033fe416093ba704c69ca0f2f71f.jpg,C:\Users\mviei\AppData\Local\Temp\aed_nativa\Placas-de-Transito-BR-1\train\images\captura_2023-10-05_17-43-41_png.rf.595f033fe416093ba704c69ca0f2f71f.jpg,train,,,0,
captura_2023-10-05_17-43-45_png.rf.666b003c9105279394808009cf17a7a4.jpg,C:\Users\mviei\AppData\Local\Temp\aed_nativa\Placas-de-Transito-BR-1\train\images\captura_2023-10-05_17-43-45_png.rf.666b003c9105279394808009cf17a7a4.jpg,train,,,1,48
captura_2023-10-05_17-43-47_png.rf.73ef6095bef67360d9c2ef52a7e9298b.jpg,C:\Users\mviei\AppData\Local\Temp\aed_nativa\Placas-de-Transito-BR-1\train\images\captura_2023-10-05_17-43-47_png.rf.73ef6095bef67360d9c2ef52a7e9298b.jpg,train,,,1,48
captura_2023-10-05_17-43-49_png.rf.0b9dd08becb9d7f1f3819633f4899c7e.jpg,C:\Users\mviei\AppData\Local\Temp\aed_nativa\Placas-de-Transito-BR-1\train\images\captura_2023-10-05_17-43-49_png.rf.0b9dd08becb9d7f1f3819633f4899c7e.jpg,train,,,0,
captura_2023-10-05_17-43-52_png.rf.c3a399417f0ea06d04b3fd425c1397cf.jpg,C:\Users\mviei\AppData\Local\Temp\aed_nativa\Placas-de-Transito-BR-1\train\images\captura_2023-10-05_17-43-52_png.rf.c3a399417f0ea06d04b3fd425c1397cf.jpg,train,,,1,48
captura_2023-10-05_17-43-57_png.rf.1befd742b854acbf97a3f064e3178ff3.jpg,C:\Users\mviei\AppData\Local\Temp\aed_nativa\Placas-de-Transito-BR-1\train\images\captura_2023-10-05_17-43-57_png.rf.1befd742b854acbf97a3f064e3178ff3.jpg,train,1257.0,631.0,1,23
captura_2023-10-05_17-44-48_png.rf.f323509917364e235ec40d2c3dd4ddf5.jpg,C:\Users\mviei\AppData\Local\Temp\aed_nativa\Placas-de-Transito-BR-1\train\images\captura_2023-10-05_17-44-48_png.rf.f323509917364e235ec40d2c3dd4ddf5.jpg,train,,,2,48
captura_2023-10-05_17-46-16_png.rf.89a29babe018f02ee639fd74234bafb8.jpg,C:\Users\mviei\AppData\Local\Temp\aed_nativa\Placas-de-Transito-BR-1\train\images\captura_2023-10-05_17-46-16_png.rf.89a29babe018f02ee639fd74234bafb8.jpg,train,,,0,
captura_2023-10-05_17-46-24_png.rf.c11e03a104f3bd82e6e7bff6879a7bcc.jpg,C:\Users\mviei\AppData\Local\Temp\aed_nativa\Placas-de-Transito-BR-1\train\images\captura_2023-10-05_17-46-24_png.rf.c11e03a104f3bd82e6e7bff6879a7bcc.jpg,train,,,0,
captura_2023-10-05_17-46-30_png.rf.31cc0f254020c5d6416fe7c704b30c3b.jpg,C:\Users\mviei\AppData\Local\Temp\aed_nativa\Placas-de-Transito-BR-1\train\images\captura_2023-10-05_17-46-30_png.rf.31cc0f254020c5d6416fe7c704b30c3b.jpg,train,,,1,59
captura_2023-10-05_17-47-35_png.rf.171773d9bd3115fbf2e78e35db34a843.jpg,C:\Users\mviei\AppData\Local\Temp\aed_nativa\Placas-de-Transito-BR-1\train\images\captura_2023-10-05_17-47-35_png.rf.171773d9bd3115fbf2e78e35db34a843.jpg,train,,,1,49
captura_2023-10-05_17-47-40_png.rf.ca25b7228798446d1a612c946b2a37e6.jpg,C:\Users\mviei\AppData\Local\Temp\aed_nativa\Placas-de-Transito-BR-1\train\images\captura_2023-10-05_17-47-40_png.rf.ca25b7228798446d1a612c946b2a37e6.jpg,train,,,0,
captura_2023-10-05_17-47-44_png.rf.7736dc054d4b1b2b3eb62484f3b325de.jpg,C:\Users\mviei\AppData\Local\Temp\aed_nativa\Placas-de-Transito-BR-1\train\images\captura_2023-10-05_17-47-44_png.rf.7736dc054d4b1b2b3eb62484f3b325de.jpg,train,1257.0,631.0,1,42
captura_2023-10-05_17-47-45_png.rf.c47265b885b4d3acb4c96999dd105127.jpg,C:\Users\mviei\AppData\Local\Temp\aed_nativa\Placas-de-Transito-BR-1\train\images\captura_2023-10-05_17-47-45_png.rf.c47265b885b4d3acb4c96999dd105127.jpg,train,,,1,40
captura_2023-10-05_17-47-47_png.rf.22ffd04015f939aa95bc04142b17e077.jpg,C:\Users\mviei\AppData\Local\Temp\aed_nativa\Placas-de-Transito-BR-1\train\images\captura_2023-10-05_17-47-47_png.rf.22ffd04015f939aa95bc04142b17e077.jpg,train,,,0,
captura_2023-10-05_17-47-55_png.rf.4c193ce681fcf5484f2d37195620c993.jpg,C:\Users\mviei\AppData\Local\Temp\aed_nativa\Placas-de-Transito-BR-1\train\images\captura_2023-10-05_17-47-55_png.rf.4c193ce681fcf5484f2d37195620c993.jpg,train,,,1,49
captura_2023-10-05_17-48-24_png.rf.dc9f3abb93443b4fe16816f2d8d09bb6.jpg,C:\Users\mviei\AppData\Local\Temp\aed_nativa\Placas-de-Transito-BR-1\train\images\captura_2023-10-05_17-48-24_png.rf.dc9f3abb93443b4fe16816f2d8d09bb6.jpg,train,,,1,42
captura_2023-10-05_17-48-47_png.rf.1bfec40ff6d29c9f52a87128537934fe.jpg,C:\Users\mviei\AppData\Local\Temp\aed_nativa\Placas-de-Transito-BR-1\train\images\captura_2023-10-05_17-48-47_png.rf.1bfec40ff6d29c9f52a87128537934fe.jpg,train,,,1,46
captura_2023-10-05_17-48-54_png.rf.9e86230589246c6b79b55978cc7592fd.jpg,C:\Users\mviei\AppData\Local\Temp\aed_nativa\Placas-de-Transito-BR-1\train\images\captura_2023-10-05_17-48-54_png.rf.9e86230589246c6b79b55978cc7592fd.jpg,train,,,1,20
captura_2023-10-05_17-49-02_png.rf.6fa01085b6e681a985a5a05bfc49d238.jpg,C:\Users\mviei\AppData\Local\Temp\aed_nativa\Placas-de-Transito-BR-1\train\images\captura_2023-10-05_17-49-02_png.rf.6fa01085b6e681a985a5a05bfc49d238.jpg,train,1257.0,631.0,1,63
captura_2023-10-05_17-49-11_png.rf.9aa9e38fa6fc5baafe14adea7146da22.jpg,C:\Users\mviei\AppData\Local\Temp\aed_nativa\Placas-de-Transito-BR-1\train\images\captura_2023-10-05_17-49-11_png.rf.9aa9e38fa6fc5baafe14adea7146da22.jpg,train,,,0,
captura_2023-10-05_17-49-43_png.rf.2f6cb70ffe7cba6bddd62073360e36e3.jpg,C:\Users\mviei\AppData\Local\Temp\aed_nativa\Placas-de-Transito-BR-1\train\images\captura_2023-10-05_17-49-43_png.rf.2f6cb70ffe7cba6bddd62073360e36e3.jpg,train,,,0,
captura_2023-10-05_17-50-31_png.rf.53366e373dd31e07f9e4b9e22edf3e2a.jpg,C:\Users\mviei\AppData\Local\Temp\aed_nativa\Placas-de-Transito-BR-1\train\images\captura_2023-10-05_17-50-31_png.rf.53366e373dd31e07f9e4b9e22edf3e2a.jpg,train,,,1,65
captura_2023-10-05_17-50-33_png.rf.8ae1aa2d418c6f9292988b715468e8c3.jpg,C:\Users\mviei\AppData\Local\Temp\aed_nativa\Placas-de-Transito-BR-1\train\images\captura_2023-10-05_17-50-33_png.rf.8ae1aa2d418c6f9292988b715468e8c3.jpg,train,,,1,64
captura_2023-10-05_17-50-51_png.rf.67b7fa9b2333545392eb2a3367802fa3.jpg,C:\Users\mviei\AppData\Local\Temp\aed_nativa\Placas-de-Transito-BR-1\train\images\captura_2023-10-05_17-50-51_png.rf.67b7fa9b2333545392eb2a3367802fa3.jpg,train,,,1,65
captura_2023-10-05_17-50-59_png.rf.9fc416afd63e590d415292caf94a296f.jpg,C:\Users\mviei\AppData\Local\Temp\aed_nativa\Placas-de-Transito-BR-1\train\images\captura_2023-10-05_17-50-59_png.rf.9fc416afd63e590d415292caf94a296f.jpg,train,,,0,
captura_2023-10-05_17-51-01_png.rf.0809f09540e273b5a1320737c7582d9e.jpg,C:\Users\mviei\AppData\Local\Temp\aed_nativa\Placas-de-Transito-BR-1\train\images\captura_2023-10-05_17-51-01_png.rf.0809f09540e273b5a1320737c7582d9e.jpg,train,1257.0,631.0,0,
captura_2023-10-05_17-51-08_png.rf.f461fa13121d35de703634060a7c9a2c.jpg,C:\Users\mviei\AppData\Local\Temp\aed_nativa\Placas-de-Transito-BR-1\train\images\captura_2023-10-05_17-51-08_png.rf.f461fa13121d35de703634060a7c9a2c.jpg,train,,,1,51
captura_2023-10-05_17-51-13_png.rf.0807f7e7b56f4bb6605c6a308fcb8c1e.jpg,C:\Users\mviei\AppData\Local\Temp\aed_nativa\Placas-de-Transito-BR-1\train\images\captura_2023-10-05_17-51-13_png.rf.0807f7e7b56f4bb6605c6a308fcb8c1e.jpg,train,,,2,23
captura_2023-10-05_17-51-20_png.rf.d5c4de944eb71cda59012bea0758d280.jpg,C:\Users\mviei\AppData\Local\Temp\aed_nativa\Placas-de-Transito-BR-1\train\images\captura_2023-10-05_17-51-20_png.rf.d5c4de944eb71cda59012bea0758d280.jpg,train,,,2,"46,57"
captura_2023-10-05_17-51-23_png.rf.90250501abd8ad74c5276c37a848824d.jpg,C:\Users\mviei\AppData\Local\Temp\aed_nativa\Placas-de-Transito-BR-1\train\images\captura_2023-10-05_17-51-23_png.rf.90250501abd8ad74c5276c37a848824d.jpg,train,,,0,
captura_2023-10-05_17-51-51_png.rf.6c92b63c98c2cd5d0bb7e5c49b5d6024.jpg,C:\Users\mviei\AppData\Local\Temp\aed_nativa\Placas-de-Transito-BR-1\train\images\captura_2023-10-05_17-51-51_png.rf.6c92b63c98c2cd5d0bb7e5c49b5d6024.jpg,train,,,1,41
captura_2023-10-05_17-51-54_png.rf.aa1bdb0e724d286bf617cf6034ac83cd.jpg,C:\Users\mviei\AppData\Local\Temp\aed_nativa\Placas-de-Transito-BR-1\train\images\captura_2023-10-05_17-51-54_png.rf.aa1bdb0e724d286bf617cf6034ac83cd.jpg,train,,,1,63
captura_2023-10-05_17-52-11_png.rf.f1e7e1f90c69d2b66870d6da69ff7161.jpg,C:\Users\mviei\AppData\Local\Temp\aed_nativa\Placas-de-Transito-BR-1\train\images\captura_2023-10-05_17-52-11_png.rf.f1e7e1f90c69d2b66870d6da69ff7161.jpg,train,1257.0,631.0,1,15
captura_2023-10-05_17-52-13_png.rf.9592c7141b61a32809c2d700b88d5c02.jpg,C:\Users\mviei\AppData\Local\Temp\aed_nativa\Placas-de-Transito-BR-1\train\images\captura_2023-10-05_17-52-13_png.rf.9592c7141b61a32809c2d700b88d5c02.jpg,train,,,0,
captura_2023-10-05_17-52-31_png.rf.f8753e91e863c396da50c15eaa5ff188.jpg,C:\Users\mviei\AppData\Local\Temp\aed_nativa\Placas-de-Transito-BR-1\train\images\captura_2023-10-05_17-52-31_png.rf.f8753e91e863c396da50c15eaa5ff188.jpg,train,,,0,
captura_2023-10-05_17-52-59_png.rf.ce62c5128160601176efb08fc86630a5.jpg,C:\Users\mviei\AppData\Local\Temp\aed_nativa\Placas-de-Transito-BR-1\train\images\captura_2023-10-05_17-52-59_png.rf.ce62c5128160601176efb08fc86630a5.jpg,train,,,1,65
captura_2023-10-05_17-53-09_png.rf.d223887f27d4198fe3d34f379d083e3b.jpg,C:\Users\mviei\AppData\Local\Temp\aed_nativa\Placas-de-Transito-BR-1\train\images\captura_2023-10-05_17-53-09_png.rf.d223887f27d4198fe3d34f379d083e3b.jpg,train,,,1,48
captura_2023-10-05_17-53-32_png.rf.525a0b7959375eec8e1270e160095903.jpg,C:\Users\mviei\AppData\Local\Temp\aed_nativa\Placas-de-Transito-BR-1\train\images\captura_2023-10-05_17-53-32_png.rf.525a0b7959375eec8e1270e160095903.jpg,train,,,1,65
captura_2023-10-05_17-53-37_png.rf.f0d35d867fbc2caeaacacaee30829ceb.jpg,C:\Users\mviei\AppData\Local\Temp\aed_nativa\Placas-de-Transito-BR-1\train\images\captura_2023-10-05_17-53-37_png.rf.f0d35d867fbc2caeaacacaee30829ceb.jpg,train,,,1,17
captura_2023-10-05_17-53-46_png.rf.bd49d1cb19330a18c7335b794ef2c170.jpg,C:\Users\mviei\AppData\Local\Temp\aed_nativa\Placas-de-Transito-BR-1\train\images\captura_2023-10-05_17-53-46_png.rf.bd49d1cb19330a18c7335b794ef2c170.jpg,train,1257.0,631.0,1,65
captura_2023-10-05_17-54-02_png.rf.3e6807c6b85c5bb9f005ac34e5a2edba.jpg,C:\Users\mviei\AppData\Local\Temp\aed_nativa\Placas-de-Transito-BR-1\train\images\captura_2023-10-05_17-54-02_png.rf.3e6807c6b85c5bb9f005ac34e5a2edba.jpg,train,,,1,65
captura_2023-10-05_17-54-21_png.rf.c0e0334658728d82c305247170993b9e.jpg,C:\Users\mviei\AppData\Local\Temp\aed_nativa\Placas-de-Transito-BR-1\train\images\captura_2023-10-05_17-54-21_png.rf.c0e0334658728d82c305247170993b9e.jpg,train,,,1,48
captura_2023-10-05_17-54-24_png.rf.762fb0328982c40568844fed360173d5.jpg,C:\Users\mviei\AppData\Local\Temp\aed_nativa\Placas-de-Transito-BR-1\train\images\captura_2023-10-05_17-54-24_png.rf.762fb0328982c40568844fed360173d5.jpg,train,,,0,
captura_2023-10-05_17-54-39_png.rf.75f531eaef20a2b914b2556822761983.jpg,C:\Users\mviei\AppData\Local\Temp\aed_nativa\Placas-de-Transito-BR-1\train\images\captura_2023-10-05_17-54-39_png.rf.75f531eaef20a2b914b2556822761983.jpg,train,,,1,63
captura_2023-10-05_17-54-57_png.rf.f831f25f7d0ec52be52570730b031617.jpg,C:\Users\mviei\AppData\Local\Temp\aed_nativa\Placas-de-Transito-BR-1\train\images\captura_2023-10-05_17-54-57_png.rf.f831f25f7d0ec52be52570730b031617.jpg,train,,,0,
captura_2023-10-05_17-54-59_png.rf.4399711966dc749787b6f48b2e37e2c9.jpg,C:\Users\mviei\AppData\Local\Temp\aed_nativa\Placas-de-Transito-BR-1\train\images\captura_2023-10-05_17-54-59_png.rf.4399711966dc749787b6f48b2e37e2c9.jpg,train,,,1,15
captura_2023-10-05_17-55-23_png.rf.567b26c4f27cc0608fa8fc8952c3a004.jpg,C:\Users\mviei\AppData\Local\Temp\aed_nativa\Placas-de-Transito-BR-1\train\images\captura_2023-10-05_17-55-23_png.rf.567b26c4f27cc0608fa8fc8952c3a004.jpg,train,1257.0,631.0,1,65
captura_2023-10-05_17-55-33_png.rf.4ed3b36bb9abe3823e3675fe0adbfacf.jpg,C:\Users\mviei\AppData\Local\Temp\aed_nativa\Placas-de-Transito-BR-1\train\images\captura_2023-10-05_17-55-33_png.rf.4ed3b36bb9abe3823e3675fe0adbfacf.jpg,train,,,1,20
captura_2023-10-05_17-55-57_png.rf.cae2c6617a2bb4f570789948251a7188.jpg,C:\Users\mviei\AppData\Local\Temp\aed_nativa\Placas-de-Transito-BR-1\train\images\captura_2023-10-05_17-55-57_png.rf.cae2c6617a2bb4f570789948251a7188.jpg,train,,,1,20
captura_2023-10-05_17-56-02_png.rf.da3bf2aba003dee71be139539d3a707a.jpg,C:\Users\mviei\AppData\Local\Temp\aed_nativa\Placas-de-Transito-BR-1\train\images\captura_2023-10-05_17-56-02_png.rf.da3bf2aba003dee71be139539d3a707a.jpg,train,,,0,
captura_2023-10-05_17-56-57_png.rf.5b846cae8bc64325e8aed9856d31168f.jpg,C:\Users\mviei\AppData\Local\Temp\aed_nativa\Placas-de-Transito-BR-1\train\images\captura_2023-10-05_17-56-57_png.rf.5b846cae8bc64325e8aed9856d31168f.jpg,train,,,0,
captura_2023-10-05_17-57-22_png.rf.33000623cc41d826e6a09f3f61f934d7.jpg,C:\Users\mviei\AppData\Local\Temp\aed_nativa\Placas-de-Transito-BR-1\train\images\captura_2023-10-05_17-57-22_png.rf.33000623cc41d826e6a09f3f61f934d7.jpg,train,,,0,
captura_2023-10-05_17-58-03_png.rf.bbf897b911a079d6a21017f1ce7c004b.jpg,C:\Users\mviei\AppData\Local\Temp\aed_nativa\Placas-de-Transito-BR-1\train\images\captura_2023-10-05_17-58-03_png.rf.bbf897b911a079d6a21017f1ce7c004b.jpg,train,,,2,"15,48"
captura_2023-10-05_17-58-10_png.rf.4550f7d54772b038282daa471ab7f621.jpg,C:\Users\mviei\AppData\Local\Temp\aed_nativa\Placas-de-Transito-BR-1\train\images\captura_2023-10-05_17-58-10_png.rf.4550f7d54772b038282daa471ab7f621.jpg,train,1257.0,631.0,1,43
captura_2023-10-05_17-58-12_png.rf.1c938a56396e2c220da2590b9c073773.jpg,C:\Users\mviei\AppData\Local\Temp\aed_nativa\Placas-de-Transito-BR-1\train\images\captura_2023-10-05_17-58-12_png.rf.1c938a56396e2c220da2590b9c073773.jpg,train,,,0,
captura_2023-10-05_17-58-23_png.rf.e1d92ac9e3930db191b210b1c74cc9ad.jpg,C:\Users\mviei\AppData\Local\Temp\aed_nativa\Placas-de-Transito-BR-1\train\images\captura_2023-10-05_17-58-23_png.rf.e1d92ac9e3930db191b210b1c74cc9ad.jpg,train,,,0,
captura_2023-10-05_17-58-41_png.rf.5b4e18311a802a499763b2d90ca2a88b.jpg,C:\Users\mviei\AppData\Local\Temp\aed_nativa\Placas-de-Transito-BR-1\train\images\captura_2023-10-05_17-58-41_png.rf.5b4e18311a802a499763b2d90ca2a88b.jpg,train,,,0,
captura_2023-10-05_17-58-46_png.rf.2e2779aac70d5b2826d49ec69ce5ed01.jpg,C:\Users\mviei\AppData\Local\Temp\aed_nativa\Placas-de-Transito-BR-1\train\images\captura_2023-10-05_17-58-46_png.rf.2e2779aac70d5b2826d49ec69ce5ed01.jpg,train,,,1,45
captura_2023-10-05_17-58-49_png.rf.752f21610529c4bed3568f33c4755f52.jpg,C:\Users\mviei\AppData\Local\Temp\aed_nativa\Placas-de-Transito-BR-1\train\images\captura_2023-10-05_17-58-49_png.rf.752f21610529c4bed3568f33c4755f52.jpg,train,,,1,45
captura_2023-10-05_17-58-53_png.rf.b78e6c94e344616f785cef479d877cd8.jpg,C:\Users\mviei\AppData\Local\Temp\aed_nativa\Placas-de-Transito-BR-1\train\images\captura_2023-10-05_17-58-53_png.rf.b78e6c94e344616f785cef479d877cd8.jpg,train,,,0,
captura_2023-10-05_17-59-15_png.rf.398dbd99754c5cf874a3b359963ca54c.jpg,C:\Users\mviei\AppData\Local\Temp\aed_nativa\Placas-de-Transito-BR-1\train\images\captura_2023-10-05_17-59-15_png.rf.398dbd99754c5cf874a3b359963ca54c.jpg,train,1257.0,631.0,1,48
captura_2023-10-05_17-59-16_png.rf.9edf69d80edcf022110da51355eb682f.jpg,C:\Users\mviei\AppData\Local\Temp\aed_nativa\Placas-de-Transito-BR-1\train\images\captura_2023-10-05_17-59-16_png.rf.9edf69d80edcf022110da51355eb682f.jpg,train,,,1,43
captura_2023-10-05_17-59-20_png.rf.470cf02fc88c66477a8a1a5f807485e5.jpg,C:\Users\mviei\AppData\Local\Temp\aed_nativa\Placas-de-Transito-BR-1\train\images\captura_2023-10-05_17-59-20_png.rf.470cf02fc88c66477a8a1a5f807485e5.jpg,train,,,0,
captura_2023-10-05_17-59-54_png.rf.6b61748cfa3f53d42afa5aff408f79d0.jpg,C:\Users\mviei\AppData\Local\Temp\aed_nativa\Placas-de-Transito-BR-1\train\images\captura_2023-10-05_17-59-54_png.rf.6b61748cfa3f53d42afa5aff408f79d0.jpg,train,,,1,43
captura_2023-10-05_18-00-03_png.rf.6ae734b25e89a1e554ba6be20e089908.jpg,C:\Users\mviei\AppData\Local\Temp\aed_nativa\Placas-de-Transito-BR-1\train\images\captura_2023-10-05_18-00-03_png.rf.6ae734b25e89a1e554ba6be20e089908.jpg,train,,,0,
captura_2023-10-05_18-00-09_png.rf.3de536dd35867ed0f151f1a1ea57edc3.jpg,C:\Users\mviei\AppData\Local\Temp\aed_nativa\Placas-de-Transito-BR-1\train\images\captura_2023-10-05_18-00-09_png.rf.3de536dd35867ed0f151f1a1ea57edc3.jpg,train,,,2,"46,50"
captura_2023-10-05_18-02-23_png.rf.1c644516d4b4ebad40f7b423cbf14cb0.jpg,C:\Users\mviei\AppData\Local\Temp\aed_nativa\Placas-de-Transito-BR-1\train\images\captura_2023-10-05_18-02-23_png.rf.1c644516d4b4ebad40f7b423cbf14cb0.jpg,train,,,1,54
captura_2023-10-05_18-02-57_png.rf.2414d646739aaf68c7f39e6e64228f69.jpg,C:\Users\mviei\AppData\Local\Temp\aed_nativa\Placas-de-Transito-BR-1\train\images\captura_2023-10-05_18-02-57_png.rf.2414d646739aaf68c7f39e6e64228f69.jpg,train,1257.0,631.0,1,43
captura_2023-10-05_18-02-58_png.rf.6a773bda8385e3d576fb578f0fd362a6.jpg,C:\Users\mviei\AppData\Local\Temp\aed_nativa\Placas-de-Transito-BR-1\train\images\captura_2023-10-05_18-02-58_png.rf.6a773bda8385e3d576fb578f0fd362a6.jpg,train,,,1,46
captura_2023-10-05_18-03-08_png.rf.3beaff774dea9a313590d36a40eb4502.jpg,C:\Users\mviei\AppData\Local\Temp\aed_nativa\Placas-de-Transito-BR-1\train\images\captura_2023-10-05_18-03-08_png.rf.3beaff774dea9a313590d36a40eb4502.jpg,train,,,1,43
captura_2023-10-05_18-03-10_png.rf.3980a05b995653a474decf52a556dae5.jpg,C:\Users\mviei\AppData\Local\Temp\aed_nativa\Placas-de-Transito-BR-1\train\images\captura_2023-10-05_18-03-10_png.rf.3980a05b995653a474decf52a556dae5.jpg,train,,,1,65
captura_2023-10-05_18-03-26_png.rf.4e748cf3e1d80d9fcfe0d923859d0867.jpg,C:\Users\mviei\AppData\Local\Temp\aed_nativa\Placas-de-Transito-BR-1\train\images\captura_2023-10-05_18-03-26_png.rf.4e748cf3e1d80d9fcfe0d923859d0867.jpg,train,,,1,48
captura_2023-10-05_18-04-13_png.rf.c2aad2e1e5a2d73e42b4828a3c8b2ca1.jpg,C:\Users\mviei\AppData\Local\Temp\aed_nativa\Placas-de-Transito-BR-1\train\images\captura_2023-10-05_18-04-13_png.rf.c2aad2e1e5a2d73e42b4828a3c8b2ca1.jpg,train,,,0,
captura_2023-10-05_18-04-14_png.rf.8afc18159121faa34ad4159ac3efe50c.jpg,C:\Users\mviei\AppData\Local\Temp\aed_nativa\Placas-de-Transito-BR-1\train\images\captura_2023-10-05_18-04-14_png.rf.8afc18159121faa34ad4159ac3efe50c.jpg,train,,,1,45
captura_2023-10-05_18-04-16_png.rf.f9e387ef50ff7f264404b38bd6fc2e60.jpg,C:\Users\mviei\AppData\Local\Temp\aed_nativa\Placas-de-Transito-BR-1\train\images\captura_2023-10-05_18-04-16_png.rf.f9e387ef50ff7f264404b38bd6fc2e60.jpg,train,1257.0,631.0,0,
captura_2023-10-05_18-04-18_png.rf.3f49e31638d9725257c326511ca58e3c.jpg,C:\Users\mviei\AppData\Local\Temp\aed_nativa\Placas-de-Transito-BR-1\train\images\captura_2023-10-05_18-04-18_png.rf.3f49e31638d9725257c326511ca58e3c.jpg,train,,,1,45
captura_2023-10-05_18-04-24_png.rf.f4771f6767600d1d5f65c17d36504da3.jpg,C:\Users\mviei\AppData\Local\Temp\aed_nativa\Placas-de-Transito-BR-1\train\images\captura_2023-10-05_18-04-24_png.rf.f4771f6767600d1d5f65c17d36504da3.jpg,train,,,0,
captura_2023-10-05_18-04-26_png.rf.11838736fbee488302e8bb90657b7a01.jpg,C:\Users\mviei\AppData\Local\Temp\aed_nativa\Placas-de-Transito-BR-1\train\images\captura_2023-10-05_18-04-26_png.rf.11838736fbee488302e8bb90657b7a01.jpg,train,,,1,65
captura_2023-10-05_18-04-40_png.rf.f105f1bb659d92c493d56721fa283ed7.jpg,C:\Users\mviei\AppData\Local\Temp\aed_nativa\Placas-de-Transito-BR-1\train\images\captura_2023-10-05_18-04-40_png.rf.f105f1bb659d92c493d56721fa283ed7.jpg,train,,,1,15
captura_2023-10-05_18-04-45_png.rf.192b79ed33c1d12670cf5a2602100485.jpg,C:\Users\mviei\AppData\Local\Temp\aed_nativa\Placas-de-Transito-BR-1\train\images\captura_2023-10-05_18-04-45_png.rf.192b79ed33c1d12670cf5a2602100485.jpg,train,,,1,43
captura_2023-10-05_18-04-48_png.rf.96e5f4ee8c21674cfadf38577ae53d0d.jpg,C:\Users\mviei\AppData\Local\Temp\aed_nativa\Placas-de-Transito-BR-1\train\images\captura_2023-10-05_18-04-48_png.rf.96e5f4ee8c21674cfadf38577ae53d0d.jpg,train,,,0,
captura_2023-10-05_18-05-08_png.rf.dcd758712ee7406e84a350c0d91f02aa.jpg,C:\Users\mviei\AppData\Local\Temp\aed_nativa\Placas-de-Transito-BR-1\train\images\captura_2023-10-05_18-05-08_png.rf.dcd758712ee7406e84a350c0d91f02aa.jpg,train,1257.0,631.0,1,43
captura_2023-10-05_18-05-17_png.rf.f20cbc0eee98cda8bf90e67b24271b71.jpg,C:\Users\mviei\AppData\Local\Temp\aed_nativa\Placas-de-Transito-BR-1\train\images\captura_2023-10-05_18-05-17_png.rf.f20cbc0eee98cda8bf90e67b24271b71.jpg,train,,,0,
captura_2023-10-05_18-05-55_png.rf.416e292f3530b23ed98be1d697b79917.jpg,C:\Users\mviei\AppData\Local\Temp\aed_nativa\Placas-de-Transito-BR-1\train\images\captura_2023-10-05_18-05-55_png.rf.416e292f3530b23ed98be1d697b79917.jpg,train,,,1,43
captura_2023-10-05_18-06-00_png.rf.e6e12d392827d822fc8ede6b2d6f3123.jpg,C:\Users\mviei\AppData\Local\Temp\aed_nativa\Placas-de-Transito-BR-1\train\images\captura_2023-10-05_18-06-00_png.rf.e6e12d392827d822fc8ede6b2d6f3123.jpg,train,,,0,
captura_2023-10-05_18-06-26_png.rf.c380ccda3b94377be63ece9acf86580c.jpg,C:\Users\mviei\AppData\Local\Temp\aed_nativa\Placas-de-Transito-BR-1\train\images\captura_2023-10-05_18-06-26_png.rf.c380ccda3b94377be63ece9acf86580c.jpg,train,,,1,64
captura_2023-10-05_18-06-37_png.rf.0cc01c5d947b469715aa5fbf8e0d18b9.jpg,C:\Users\mviei\AppData\Local\Temp\aed_nativa\Placas-de-Transito-BR-1\train\images\captura_2023-10-05_18-06-37_png.rf.0cc01c5d947b469715aa5fbf8e0d18b9.jpg,train,,,0,
captura_2023-10-05_18-06-50_png.rf.152076e7acda6ed0ce61dc307a95a553.jpg,C:\Users\mviei\AppData\Local\Temp\aed_nativa\Placas-de-Transito-BR-1\train\images\captura_2023-10-05_18-06-50_png.rf.152076e7acda6ed0ce61dc307a95a553.jpg,train,,,0,
captura_2023-10-05_18-07-15_png.rf.57e1e2b45ddd77b0960604074322d9e5.jpg,C:\Users\mviei\AppData\Local\Temp\aed_nativa\Placas-de-Transito-BR-1\train\images\captura_2023-10-05_18-07-15_png.rf.57e1e2b45ddd77b0960604074322d9e5.jpg,train,1257.0,631.0,0,
captura_2023-10-05_18-07-22_png.rf.f36d3f790d5cfaf9a4b7b066e5f713ac.jpg,C:\Users\mviei\AppData\Local\Temp\aed_nativa\Placas-de-Transito-BR-1\train\images\captura_2023-10-05_18-07-22_png.rf.f36d3f790d5cfaf9a4b7b066e5f713ac.jpg,train,,,0,
captura_2023-10-05_18-08-21_png.rf.55bdfa30f3b3c054871dcd074f54f4a0.jpg,C:\Users\mviei\AppData\Local\Temp\aed_nativa\Placas-de-Transito-BR-1\train\images\captura_2023-10-05_18-08-21_png.rf.55bdfa30f3b3c054871dcd074f54f4a0.jpg,train,,,1,65
captura_2023-10-05_18-08-39_png.rf.c0390b3f9cfeecaddfd20af7b1b4befe.jpg,C:\Users\mviei\AppData\Local\Temp\aed_nativa\Placas-de-Transito-BR-1\train\images\captura_2023-10-05_18-08-39_png.rf.c0390b3f9cfeecaddfd20af7b1b4befe.jpg,train,,,0,
captura_2023-10-05_18-08-40_png.rf.570d02b0c63702ca7e86cbd31e6d97e0.jpg,C:\Users\mviei\AppData\Local\Temp\aed_nativa\Placas-de-Transito-BR-1\train\images\captura_2023-10-05_18-08-40_png.rf.570d02b0c63702ca7e86cbd31e6d97e0.jpg,train,,,0,
captura_2023-10-05_18-08-47_png.rf.6008d50c9ec09fa65ca96176ae23f904.jpg,C:\Users\mviei\AppData\Local\Temp\aed_nativa\Placas-de-Transito-BR-1\train\images\captura_2023-10-05_18-08-47_png.rf.6008d50c9ec09fa65ca96176ae23f904.jpg,train,,,0,
captura_2023-10-05_18-08-54_png.rf.ba18133c466537d83edfd6f5393c6f78.jpg,C:\Users\mviei\AppData\Local\Temp\aed_nativa\Placas-de-Transito-BR-1\train\images\captura_2023-10-05_18-08-54_png.rf.ba18133c466537d83edfd6f5393c6f78.jpg,train,,,1,48
captura_2023-10-05_18-09-12_png.rf.00a182d5416effed7ef71049fdc93a3d.jpg,C:\Users\mviei\AppData\Local\Temp\aed_nativa\Placas-de-Transito-BR-1\train\images\captura_2023-10-05_18-09-12_png.rf.00a182d5416effed7ef71049fdc93a3d.jpg,train,1257.0,631.0,0,
captura_2023-10-05_18-09-35_png.rf.a61e617c605dc6e7c226ca64ef0a1ef6.jpg,C:\Users\mviei\AppData\Local\Temp\aed_nativa\Placas-de-Transito-BR-1\train\images\captura_2023-10-05_18-09-35_png.rf.a61e617c605dc6e7c226ca64ef0a1ef6.jpg,train,,,0,
captura_2023-10-05_18-10-07_png.rf.eb3eaf168e2d1ab5e70d834b6598b4f2.jpg,C:\Users\mviei\AppData\Local\Temp\aed_nativa\Placas-de-Transito-BR-1\train\images\captura_2023-10-05_18-10-07_png.rf.eb3eaf168e2d1ab5e70d834b6598b4f2.jpg,train,,,1,65
captura_2023-10-05_18-10-19_png.rf.136d8c2048e74031eb666563850d393b.jpg,C:\Users\mviei\AppData\Local\Temp\aed_nativa\Placas-de-Transito-BR-1\train\images\captura_2023-10-05_18-10-19_png.rf.136d8c2048e74031eb666563850d393b.jpg,train,,,0,
captura_2023-10-05_18-11-16_png.rf.75a85db305114d3e85882425c453fa4a.jpg,C:\Users\mviei\AppData\Local\Temp\aed_nativa\Placas-de-Transito-BR-1\train\images\captura_2023-10-05_18-11-16_png.rf.75a85db305114d3e85882425c453fa4a.jpg,train,,,1,20
captura_2023-10-05_18-12-04_png.rf.b7dbe46b6bedf9f30ec4c88e19f3ed9a.jpg,C:\Users\mviei\AppData\Local\Temp\aed_nativa\Placas-de-Transito-BR-1\train\images\captura_2023-10-05_18-12-04_png.rf.b7dbe46b6bedf9f30ec4c88e19f3ed9a.jpg,train,,,0,
captura_2023-10-05_18-12-11_png.rf.2ac8946d7a3d6a8d29ffe8518068435a.jpg,C:\Users\mviei\AppData\Local\Temp\aed_nativa\Placas-de-Transito-BR-1\train\images\captura_2023-10-05_18-12-11_png.rf.2ac8946d7a3d6a8d29ffe8518068435a.jpg,train,,,0,
captura_2023-10-05_18-12-12_png.rf.03e53832d6f0f9274b57723857ebf98d.jpg,C:\Users\mviei\AppData\Local\Temp\aed_nativa\Placas-de-Transito-BR-1\train\images\captura_2023-10-05_18-12-12_png.rf.03e53832d6f0f9274b57723857ebf98d.jpg,train,1257.0,631.0,1,51
captura_2023-10-05_18-12-16_png.rf.f460f6b4c45bc3c98dfed9172753cdf8.jpg,C:\Users\mviei\AppData\Local\Temp\aed_nativa\Placas-de-Transito-BR-1\train\images\captura_2023-10-05_18-12-16_png.rf.f460f6b4c45bc3c98dfed9172753cdf8.jpg,train,,,1,23
captura_2023-10-05_18-12-17_png.rf.d53b0a8713ed6e90571f0b5bb23aed52.jpg,C:\Users\mviei\AppData\Local\Temp\aed_nativa\Placas-de-Transito-BR-1\train\images\captura_2023-10-05_18-12-17_png.rf.d53b0a8713ed6e90571f0b5bb23aed52.jpg,train,,,1,49
captura_2023-10-05_18-12-19_png.rf.e6e42a83da5a5af7eeb300a9ac04b13c.jpg,C:\Users\mviei\AppData\Local\Temp\aed_nativa\Placas-de-Transito-BR-1\train\images\captura_2023-10-05_18-12-19_png.rf.e6e42a83da5a5af7eeb300a9ac04b13c.jpg,train,,,0,
captura_2023-10-05_18-12-33_png.rf.6480f84ce7f14ccc0eb15fd56072b40e.jpg,C:\Users\mviei\AppData\Local\Temp\aed_nativa\Placas-de-Transito-BR-1\train\images\captura_2023-10-05_18-12-33_png.rf.6480f84ce7f14ccc0eb15fd56072b40e.jpg,train,,,0,
captura_2023-10-05_18-12-34_png.rf.3eba287113ad0dd258580d8ced9ee4fb.jpg,C:\Users\mviei\AppData\Local\Temp\aed_nativa\Placas-de-Transito-BR-1\train\images\captura_2023-10-05_18-12-34_png.rf.3eba287113ad0dd258580d8ced9ee4fb.jpg,train,,,1,63
captura_2023-10-05_18-12-41_png.rf.18620b45bf9bac31fe9bd5de274cce55.jpg,C:\Users\mviei\AppData\Local\Temp\aed_nativa\Placas-de-Transito-BR-1\train\images\captura_2023-10-05_18-12-41_png.rf.18620b45bf9bac31fe9bd5de274cce55.jpg,train,,,0,
captura_2023-10-05_18-12-43_png.rf.160f5a01a2005267f31e3efd6346101e.jpg,C:\Users\mviei\AppData\Local\Temp\aed_nativa\Placas-de-Transito-BR-1\train\images\captura_2023-10-05_18-12-43_png.rf.160f5a01a2005267f31e3efd6346101e.jpg,train,1257.0,631.0,0,
captura_2023-10-05_18-13-08_png.rf.9ab980f0df1de9775d0f1eee0a8aca38.jpg,C:\Users\mviei\AppData\Local\Temp\aed_nativa\Placas-de-Transito-BR-1\train\images\captura_2023-10-05_18-13-08_png.rf.9ab980f0df1de9775d0f1eee0a8aca38.jpg,train,,,1,19
captura_2023-10-05_18-13-29_png.rf.3345e1c1e2866c653d45256fbeed9cbd.jpg,C:\Users\mviei\AppData\Local\Temp\aed_nativa\Placas-de-Transito-BR-1\train\images\captura_2023-10-05_18-13-29_png.rf.3345e1c1e2866c653d45256fbeed9cbd.jpg,train,,,1,64
captura_2023-10-05_18-13-39_png.rf.9a052832240a5e8171f09db548b3e0b8.jpg,C:\Users\mviei\AppData\Local\Temp\aed_nativa\Placas-de-Transito-BR-1\train\images\captura_2023-10-05_18-13-39_png.rf.9a052832240a5e8171f09db548b3e0b8.jpg,train,,,1,63
captura_2023-10-05_18-13-47_png.rf.68e032e12116b3851d6e68998410b9cc.jpg,C:\Users\mviei\AppData\Local\Temp\aed_nativa\Placas-de-Transito-BR-1\train\images\captura_2023-10-05_18-13-47_png.rf.68e032e12116b3851d6e68998410b9cc.jpg,train,,,0,
captura_2023-10-05_18-14-22_png.rf.06192f14a84c70678b117e2a076f5f18.jpg,C:\Users\mviei\AppData\Local\Temp\aed_nativa\Placas-de-Transito-BR-1\train\images\captura_2023-10-05_18-14-22_png.rf.06192f14a84c70678b117e2a076f5f18.jpg,train,,,1,43
captura_2023-10-05_18-14-39_png.rf.69d5145848db5a5fd75106d61c46b272.jpg,C:\Users\mviei\AppData\Local\Temp\aed_nativa\Placas-de-Transito-BR-1\train\images\captura_2023-10-05_18-14-39_png.rf.69d5145848db5a5fd75106d61c46b272.jpg,train,,,1,65
captura_2023-10-05_18-14-50_png.rf.6ad35275f92a7005921e3a2736e5bbac.jpg,C:\Users\mviei\AppData\Local\Temp\aed_nativa\Placas-de-Transito-BR-1\train\images\captura_2023-10-05_18-14-50_png.rf.6ad35275f92a7005921e3a2736e5bbac.jpg,train,1257.0,631.0,1,65
captura_2023-10-05_18-15-13_png.rf.c4ea010592561245e87c53110e59529d.jpg,C:\Users\mviei\AppData\Local\Temp\aed_nativa\Placas-de-Transito-BR-1\train\images\captura_2023-10-05_18-15-13_png.rf.c4ea010592561245e87c53110e59529d.jpg,train,,,1,65
captura_2023-10-05_18-15-27_png.rf.cf40928873652f56320bf90b22390c37.jpg,C:\Users\mviei\AppData\Local\Temp\aed_nativa\Placas-de-Transito-BR-1\train\images\captura_2023-10-05_18-15-27_png.rf.cf40928873652f56320bf90b22390c37.jpg,train,,,1,43
captura_2023-10-05_18-15-28_png.rf.4e8b4594b7d9802f6ecc8c9f6f0cf949.jpg,C:\Users\mviei\AppData\Local\Temp\aed_nativa\Placas-de-Transito-BR-1\train\images\captura_2023-10-05_18-15-28_png.rf.4e8b4594b7d9802f6ecc8c9f6f0cf949.jpg,train,,,1,43
captura_2023-10-05_18-15-32_png.rf.e39c137ad55369293cec074b6989a23d.jpg,C:\Users\mviei\AppData\Local\Temp\aed_nativa\Placas-de-Transito-BR-1\train\images\captura_2023-10-05_18-15-32_png.rf.e39c137ad55369293cec074b6989a23d.jpg,train,,,1,20
captura_2023-10-05_18-15-37_png.rf.c6718a360c697eb89c713815db49fef0.jpg,C:\Users\mviei\AppData\Local\Temp\aed_nativa\Placas-de-Transito-BR-1\train\images\captura_2023-10-05_18-15-37_png.rf.c6718a360c697eb89c713815db49fef0.jpg,train,,,1,43
captura_2023-10-05_18-16-13_png.rf.2c140ea50d8e42226e26d2b84567f6bb.jpg,C:\Users\mviei\AppData\Local\Temp\aed_nativa\Placas-de-Transito-BR-1\train\images\captura_2023-10-05_18-16-13_png.rf.2c140ea50d8e42226e26d2b84567f6bb.jpg,train,,,0,
captura_2023-10-05_18-16-14_png.rf.b828ed1bcf4ef681a98e0483dafc0187.jpg,C:\Users\mviei\AppData\Local\Temp\aed_nativa\Placas-de-Transito-BR-1\train\images\captura_2023-10-05_18-16-14_png.rf.b828ed1bcf4ef681a98e0483dafc0187.jpg,train,1257.0,631.0,1,40
captura_2023-10-05_18-16-32_png.rf.9b77537905e966f808d120455de79b27.jpg,C:\Users\mviei\AppData\Local\Temp\aed_nativa\Placas-de-Transito-BR-1\train\images\captura_2023-10-05_18-16-32_png.rf.9b77537905e966f808d120455de79b27.jpg,train,,,1,46
captura_2023-10-05_18-16-39_png.rf.5d328a7dda3f60601232de616f1e13c1.jpg,C:\Users\mviei\AppData\Local\Temp\aed_nativa\Placas-de-Transito-BR-1\train\images\captura_2023-10-05_18-16-39_png.rf.5d328a7dda3f60601232de616f1e13c1.jpg,train,,,1,65
captura_2023-10-05_18-18-34_png.rf.c84d1878b040d7b5ea0a3cc83837d125.jpg,C:\Users\mviei\AppData\Local\Temp\aed_nativa\Placas-de-Transito-BR-1\train\images\captura_2023-10-05_18-18-34_png.rf.c84d1878b040d7b5ea0a3cc83837d125.jpg,train,,,0,
captura_2023-10-05_18-18-39_png.rf.d2c2ef610f67697e9f19ea5c4e03f0d6.jpg,C:\Users\mviei\AppData\Local\Temp\aed_nativa\Placas-de-Transito-BR-1\train\images\captura_2023-10-05_18-18-39_png.rf.d2c2ef610f67697e9f19ea5c4e03f0d6.jpg,train,,,0,
captura_2023-10-05_18-19-02_png.rf.09d4b7ef610b7b88cbdfd595b2091b0d.jpg,C:\Users\mviei\AppData\Local\Temp\aed_nativa\Placas-de-Transito-BR-1\train\images\captura_2023-10-05_18-19-02_png.rf.09d4b7ef610b7b88cbdfd595b2091b0d.jpg,train,,,0,
captura_2023-10-05_18-19-04_png.rf.1bf0ea0a931a6c7c20d355e6599615c3.jpg,C:\Users\mviei\AppData\Local\Temp\aed_nativa\Placas-de-Transito-BR-1\train\images\captura_2023-10-05_18-19-04_png.rf.1bf0ea0a931a6c7c20d355e6599615c3.jpg,train,,,1,23
captura_2023-10-05_18-19-07_png.rf.60791f8789d7b4354c2a3d498b924fe5.jpg,C:\Users\mviei\AppData\Local\Temp\aed_nativa\Placas-de-Transito-BR-1\train\images\captura_2023-10-05_18-19-07_png.rf.60791f8789d7b4354c2a3d498b924fe5.jpg,train,1257.0,631.0,1,43
captura_2023-10-05_18-19-24_png.rf.c48449649ca33e1dfcdde17e292f6651.jpg,C:\Users\mviei\AppData\Local\Temp\aed_nativa\Placas-de-Transito-BR-1\train\images\captura_2023-10-05_18-19-24_png.rf.c48449649ca33e1dfcdde17e292f6651.jpg,train,,,1,23
captura_2023-10-05_18-19-29_png.rf.c2b2b4c7a46f15f889ec6efa87d65599.jpg,C:\Users\mviei\AppData\Local\Temp\aed_nativa\Placas-de-Transito-BR-1\train\images\captura_2023-10-05_18-19-29_png.rf.c2b2b4c7a46f15f889ec6efa87d65599.jpg,train,,,0,
captura_2023-10-05_18-19-56_png.rf.10c853b1befbe00e433f54c692fc620a.jpg,C:\Users\mviei\AppData\Local\Temp\aed_nativa\Placas-de-Transito-BR-1\train\images\captura_2023-10-05_18-19-56_png.rf.10c853b1befbe00e433f54c692fc620a.jpg,train,,,1,4
captura_2023-10-05_18-19-57_png.rf.1b6f1dd056ee90c9df5df1f5b741deaf.jpg,C:\Users\mviei\AppData\Local\Temp\aed_nativa\Placas-de-Transito-BR-1\train\images\captura_2023-10-05_18-19-57_png.rf.1b6f1dd056ee90c9df5df1f5b741deaf.jpg,train,,,0,
captura_2023-10-05_18-20-22_png.rf.b8071f6814da4e103a0050444e3d8e83.jpg,C:\Users\mviei\AppData\Local\Temp\aed_nativa\Placas-de-Transito-BR-1\train\images\captura_2023-10-05_18-20-22_png.rf.b8071f6814da4e103a0050444e3d8e83.jpg,train,,,1,65
captura_2023-10-05_18-21-00_png.rf.1d89db5ff0987c3a659b75a02a7d23c0.jpg,C:\Users\mviei\AppData\Local\Temp\aed_nativa\Placas-de-Transito-BR-1\train\images\captura_2023-10-05_18-21-00_png.rf.1d89db5ff0987c3a659b75a02a7d23c0.jpg,train,,,1,65
captura_2023-10-05_18-21-29_png.rf.c587398754d994940870eb51669a42d6.jpg,C:\Users\mviei\AppData\Local\Temp\aed_nativa\Placas-de-Transito-BR-1\train\images\captura_2023-10-05_18-21-29_png.rf.c587398754d994940870eb51669a42d6.jpg,train,1257.0,631.0,1,20
captura_2023-10-05_18-21-32_png.rf.fff1a72733c331898252262c87a7c897.jpg,C:\Users\mviei\AppData\Local\Temp\aed_nativa\Placas-de-Transito-BR-1\train\images\captura_2023-10-05_18-21-32_png.rf.fff1a72733c331898252262c87a7c897.jpg,train,,,1,65
captura_2023-10-05_18-21-52_png.rf.2179bd809730fa72abb741a3a8610449.jpg,C:\Users\mviei\AppData\Local\Temp\aed_nativa\Placas-de-Transito-BR-1\train\images\captura_2023-10-05_18-21-52_png.rf.2179bd809730fa72abb741a3a8610449.jpg,train,,,1,65
captura_2023-10-05_18-22-04_png.rf.dc055882874810afa0d0b406833678ca.jpg,C:\Users\mviei\AppData\Local\Temp\aed_nativa\Placas-de-Transito-BR-1\train\images\captura_2023-10-05_18-22-04_png.rf.dc055882874810afa0d0b406833678ca.jpg,train,,,0,
captura_2023-10-05_18-22-31_png.rf.49dd8ef4ca07038a8fe3fc0885006779.jpg,C:\Users\mviei\AppData\Local\Temp\aed_nativa\Placas-de-Transito-BR-1\train\images\captura_2023-10-05_18-22-31_png.rf.49dd8ef4ca07038a8fe3fc0885006779.jpg,train,,,1,65
captura_2023-10-05_18-23-22_png.rf.ffb4345187dcd62b822243b9646517ff.jpg,C:\Users\mviei\AppData\Local\Temp\aed_nativa\Placas-de-Transito-BR-1\train\images\captura_2023-10-05_18-23-22_png.rf.ffb4345187dcd62b822243b9646517ff.jpg,train,,,1,49
captura_2023-10-05_18-23-24_png.rf.ca11a70c890d1871b51f9ded8055463b.jpg,C:\Users\mviei\AppData\Local\Temp\aed_nativa\Placas-de-Transito-BR-1\train\images\captura_2023-10-05_18-23-24_png.rf.ca11a70c890d1871b51f9ded8055463b.jpg,train,,,1,65
captura_2023-10-05_18-23-58_png.rf.33947e7bc3ded0f2da363f80ebb445ef.jpg,C:\Users\mviei\AppData\Local\Temp\aed_nativa\Placas-de-Transito-BR-1\train\images\captura_2023-10-05_18-23-58_png.rf.33947e7bc3ded0f2da363f80ebb445ef.jpg,train,1257.0,631.0,0,
captura_2023-10-05_18-24-55_png.rf.a846ddd0c2631f3c566d30d08b6711dc.jpg,C:\Users\mviei\AppData\Local\Temp\aed_nativa\Placas-de-Transito-BR-1\train\images\captura_2023-10-05_18-24-55_png.rf.a846ddd0c2631f3c566d30d08b6711dc.jpg,train,,,0,
captura_2023-10-05_18-25-14_png.rf.6fad2f2c43829d9999dcf27dae2e60ba.jpg,C:\Users\mviei\AppData\Local\Temp\aed_nativa\Placas-de-Transito-BR-1\train\images\captura_2023-10-05_18-25-14_png.rf.6fad2f2c43829d9999dcf27dae2e60ba.jpg,train,,,1,42
captura_2023-10-05_18-26-24_png.rf.07da492563116365ac87ab7da698cb93.jpg,C:\Users\mviei\AppData\Local\Temp\aed_nativa\Placas-de-Transito-BR-1\train\images\captura_2023-10-05_18-26-24_png.rf.07da492563116365ac87ab7da698cb93.jpg,train,,,2,"42,47"
captura_2023-10-05_18-26-26_png.rf.ca1f6ad2ee138d8014f286b18650d9e1.jpg,C:\Users\mviei\AppData\Local\Temp\aed_nativa\Placas-de-Transito-BR-1\train\images\captura_2023-10-05_18-26-26_png.rf.ca1f6ad2ee138d8014f286b18650d9e1.jpg,train,,,2,"42,47"
captura_2023-10-05_18-26-28_png.rf.37b7e039f11c84ba4d61ac1eeb3b4040.jpg,C:\Users\mviei\AppData\Local\Temp\aed_nativa\Placas-de-Transito-BR-1\train\images\captura_2023-10-05_18-26-28_png.rf.37b7e039f11c84ba4d61ac1eeb3b4040.jpg,train,,,0,
captura_2023-10-05_18-26-37_png.rf.95ca51de7b9d5ae46d36913bec594fab.jpg,C:\Users\mviei\AppData\Local\Temp\aed_nativa\Placas-de-Transito-BR-1\train\images\captura_2023-10-05_18-26-37_png.rf.95ca51de7b9d5ae46d36913bec594fab.jpg,train,,,0,
captura_2023-10-09_12-52-29_png.rf.bfe61b778f3d6c099980fe54f90f62a5.jpg,C:\Users\mviei\AppData\Local\Temp\aed_nativa\Placas-de-Transito-BR-1\train\images\captura_2023-10-09_12-52-29_png.rf.bfe61b778f3d6c099980fe54f90f62a5.jpg,train,1257.0,631.0,2,"42,51"
captura_2023-10-09_12-53-25_png.rf.15a951a491f252adefa4721d3c5ff2d6.jpg,C:\Users\mviei\AppData\Local\Temp\aed_nativa\Placas-de-Transito-BR-1\train\images\captura_2023-10-09_12-53-25_png.rf.15a951a491f252adefa4721d3c5ff2d6.jpg,train,,,1,15
captura_2023-10-09_12-53-40_png.rf.043e34ee49d8b89a97ab5eb188f1304e.jpg,C:\Users\mviei\AppData\Local\Temp\aed_nativa\Placas-de-Transito-BR-1\train\images\captura_2023-10-09_12-53-40_png.rf.043e34ee49d8b89a97ab5eb188f1304e.jpg,train,,,1,40
captura_2023-10-09_12-53-46_png.rf.9b051f0e12fc13db6d5b7ce9b3d598ce.jpg,C:\Users\mviei\AppData\Local\Temp\aed_nativa\Placas-de-Transito-BR-1\train\images\captura_2023-10-09_12-53-46_png.rf.9b051f0e12fc13db6d5b7ce9b3d598ce.jpg,train,,,1,46
captura_2023-10-09_12-53-53_png.rf.5a69cecd838f5348794f92b18fe16210.jpg,C:\Users\mviei\AppData\Local\Temp\aed_nativa\Placas-de-Transito-BR-1\train\images\captura_2023-10-09_12-53-53_png.rf.5a69cecd838f5348794f92b18fe16210.jpg,train,,,0,
captura_2023-10-09_12-53-56_png.rf.a0044399909657d8436936585d3a3b71.jpg,C:\Users\mviei\AppData\Local\Temp\aed_nativa\Placas-de-Transito-BR-1\train\images\captura_2023-10-09_12-53-56_png.rf.a0044399909657d8436936585d3a3b71.jpg,train,,,1,23
captura_2023-10-09_12-54-19_png.rf.e9785970556f99a8a82d25638f077f2b.jpg,C:\Users\mviei\AppData\Local\Temp\aed_nativa\Placas-de-Transito-BR-1\train\images\captura_2023-10-09_12-54-19_png.rf.e9785970556f99a8a82d25638f077f2b.jpg,train,,,1,48
captura_2023-10-09_12-54-21_png.rf.8f383fc6261ff7426837f63eb50c6708.jpg,C:\Users\mviei\AppData\Local\Temp\aed_nativa\Placas-de-Transito-BR-1\train\images\captura_2023-10-09_12-54-21_png.rf.8f383fc6261ff7426837f63eb50c6708.jpg,train,1257.0,631.0,0,
captura_2023-10-09_12-54-25_png.rf.623c08d2f9ce85266d337701433380d5.jpg,C:\Users\mviei\AppData\Local\Temp\aed_nativa\Placas-de-Transito-BR-1\train\images\captura_2023-10-09_12-54-25_png.rf.623c08d2f9ce85266d337701433380d5.jpg,train,,,0,
captura_2023-10-09_12-54-26_png.rf.3ed47e83c354205726fab64662b29858.jpg,C:\Users\mviei\AppData\Local\Temp\aed_nativa\Placas-de-Transito-BR-1\train\images\captura_2023-10-09_12-54-26_png.rf.3ed47e83c354205726fab64662b29858.jpg,train,,,1,51
captura_2023-10-09_12-54-35_png.rf.186a7a8283ee8921151c6e06318f7b40.jpg,C:\Users\mviei\AppData\Local\Temp\aed_nativa\Placas-de-Transito-BR-1\train\images\captura_2023-10-09_12-54-35_png.rf.186a7a8283ee8921151c6e06318f7b40.jpg,train,,,0,
captura_2023-10-09_12-54-37_png.rf.77e329b99f861fddf0ff6c83de5c68b4.jpg,C:\Users\mviei\AppData\Local\Temp\aed_nativa\Placas-de-Transito-BR-1\train\images\captura_2023-10-09_12-54-37_png.rf.77e329b99f861fddf0ff6c83de5c68b4.jpg,train,,,1,45
captura_2023-10-09_12-55-37_png.rf.25f2e9d6b45fa96a65a38fa5bf806ddf.jpg,C:\Users\mviei\AppData\Local\Temp\aed_nativa\Placas-de-Transito-BR-1\train\images\captura_2023-10-09_12-55-37_png.rf.25f2e9d6b45fa96a65a38fa5bf806ddf.jpg,train,,,1,48
captura_2023-10-09_12-56-12_png.rf.a0a7c5f8d9bc9ba8067e83c45cc5a5cc.jpg,C:\Users\mviei\AppData\Local\Temp\aed_nativa\Placas-de-Transito-BR-1\train\images\captura_2023-10-09_12-56-12_png.rf.a0a7c5f8d9bc9ba8067e83c45cc5a5cc.jpg,train,,,0,
captura_2023-10-09_12-56-16_png.rf.61f5da9c6220d97e91c1043ce444f8d6.jpg,C:\Users\mviei\AppData\Local\Temp\aed_nativa\Placas-de-Transito-BR-1\train\images\captura_2023-10-09_12-56-16_png.rf.61f5da9c6220d97e91c1043ce444f8d6.jpg,train,1257.0,631.0,0,
captura_2023-10-09_12-56-27_png.rf.5ba9dbca0ef862d956f042b58673efb8.jpg,C:\Users\mviei\AppData\Local\Temp\aed_nativa\Placas-de-Transito-BR-1\train\images\captura_2023-10-09_12-56-27_png.rf.5ba9dbca0ef862d956f042b58673efb8.jpg,train,,,0,
captura_2023-10-09_12-56-29_png.rf.0b1f336020cb536e02699a5e4a9c6532.jpg,C:\Users\mviei\AppData\Local\Temp\aed_nativa\Placas-de-Transito-BR-1\train\images\captura_2023-10-09_12-56-29_png.rf.0b1f336020cb536e02699a5e4a9c6532.jpg,train,,,1,48
captura_2023-10-09_12-57-56_png.rf.8bb804e6ebea451cda4b547e19f7e4ce.jpg,C:\Users\mviei\AppData\Local\Temp\aed_nativa\Placas-de-Transito-BR-1\train\images\captura_2023-10-09_12-57-56_png.rf.8bb804e6ebea451cda4b547e19f7e4ce.jpg,train,,,0,
captura_2023-10-09_12-57-58_png.rf.93532c8522303610feea65d6640552c0.jpg,C:\Users\mviei\AppData\Local\Temp\aed_nativa\Placas-de-Transito-BR-1\train\images\captura_2023-10-09_12-57-58_png.rf.93532c8522303610feea65d6640552c0.jpg,train,,,0,
captura_2023-10-09_12-58-14_png.rf.8a5a1c63512eb48923af8f61b5a5d051.jpg,C:\Users\mviei\AppData\Local\Temp\aed_nativa\Placas-de-Transito-BR-1\train\images\captura_2023-10-09_12-58-14_png.rf.8a5a1c63512eb48923af8f61b5a5d051.jpg,train,,,0,
captura_2023-10-09_12-58-21_png.rf.929d0a765631e2c7ed2a4848d8d042f2.jpg,C:\Users\mviei\AppData\Local\Temp\aed_nativa\Placas-de-Transito-BR-1\train\images\captura_2023-10-09_12-58-21_png.rf.929d0a765631e2c7ed2a4848d8d042f2.jpg,train,,,1,48
captura_2023-10-09_12-58-26_png.rf.fb564cf3da45a5430fc83bba2d4fb41a.jpg,C:\Users\mviei\AppData\Local\Temp\aed_nativa\Placas-de-Transito-BR-1\train\images\captura_2023-10-09_12-58-26_png.rf.fb564cf3da45a5430fc83bba2d4fb41a.jpg,train,1257.0,631.0,0,
captura_2023-10-09_12-58-59_png.rf.9fd32b5d6937ee1c3a6b6c0da60fb7df.jpg,C:\Users\mviei\AppData\Local\Temp\aed_nativa\Placas-de-Transito-BR-1\train\images\captura_2023-10-09_12-58-59_png.rf.9fd32b5d6937ee1c3a6b6c0da60fb7df.jpg,train,,,0,
captura_2023-10-09_12-59-06_png.rf.15fcb1e1b5226a778f22768f21fce0c0.jpg,C:\Users\mviei\AppData\Local\Temp\aed_nativa\Placas-de-Transito-BR-1\train\images\captura_2023-10-09_12-59-06_png.rf.15fcb1e1b5226a778f22768f21fce0c0.jpg,train,,,1,49
captura_2023-10-09_13-01-04_png.rf.7b7529dc2f29f92bf94f75802df0917e.jpg,C:\Users\mviei\AppData\Local\Temp\aed_nativa\Placas-de-Transito-BR-1\train\images\captura_2023-10-09_13-01-04_png.rf.7b7529dc2f29f92bf94f75802df0917e.jpg,train,,,0,
captura_2023-10-09_13-01-44_png.rf.24aa1271fdacfe85d4e1ece5f14890be.jpg,C:\Users\mviei\AppData\Local\Temp\aed_nativa\Placas-de-Transito-BR-1\train\images\captura_2023-10-09_13-01-44_png.rf.24aa1271fdacfe85d4e1ece5f14890be.jpg,train,,,0,
captura_2023-10-09_13-05-26_png.rf.77a32b46ea6936c640b409cf3cdf7f55.jpg,C:\Users\mviei\AppData\Local\Temp\aed_nativa\Placas-de-Transito-BR-1\train\images\captura_2023-10-09_13-05-26_png.rf.77a32b46ea6936c640b409cf3cdf7f55.jpg,train,,,1,65
captura_2023-10-09_13-05-49_png.rf.503e0795580d3f02d56ecdde4c5e41b6.jpg,C:\Users\mviei\AppData\Local\Temp\aed_nativa\Placas-de-Transito-BR-1\train\images\captura_2023-10-09_13-05-49_png.rf.503e0795580d3f02d56ecdde4c5e41b6.jpg,train,,,0,
captura_2023-10-09_13-06-00_png.rf.4e73a9a6373d254d187e0f2eab650e75.jpg,C:\Users\mviei\AppData\Local\Temp\aed_nativa\Placas-de-Transito-BR-1\train\images\captura_2023-10-09_13-06-00_png.rf.4e73a9a6373d254d187e0f2eab650e75.jpg,train,1257.0,631.0,0,
captura_2023-10-09_13-06-53_png.rf.de1a46ad84b2ed3afec2ce8376793381.jpg,C:\Users\mviei\AppData\Local\Temp\aed_nativa\Placas-de-Transito-BR-1\train\images\captura_2023-10-09_13-06-53_png.rf.de1a46ad84b2ed3afec2ce8376793381.jpg,train,,,0,
captura_2023-10-09_13-07-16_png.rf.4280923452347f1af6603c7cf719c237.jpg,C:\Users\mviei\AppData\Local\Temp\aed_nativa\Placas-de-Transito-BR-1\train\images\captura_2023-10-09_13-07-16_png.rf.4280923452347f1af6603c7cf719c237.jpg,train,,,0,
captura_2023-10-09_13-07-56_png.rf.99445ff5044e2b9e68a8ceedbe1a5633.jpg,C:\Users\mviei\AppData\Local\Temp\aed_nativa\Placas-de-Transito-BR-1\train\images\captura_2023-10-09_13-07-56_png.rf.99445ff5044e2b9e68a8ceedbe1a5633.jpg,train,,,0,
captura_2023-10-09_13-07-58_png.rf.6c173b90bbb007286134d91c7208ce1e.jpg,C:\Users\mviei\AppData\Local\Temp\aed_nativa\Placas-de-Transito-BR-1\train\images\captura_2023-10-09_13-07-58_png.rf.6c173b90bbb007286134d91c7208ce1e.jpg,train,,,0,
captura_2023-10-09_13-37-13_png.rf.72ffbcdf3fea77324c4ed7824ff7a140.jpg,C:\Users\mviei\AppData\Local\Temp\aed_nativa\Placas-de-Transito-BR-1\train\images\captura_2023-10-09_13-37-13_png.rf.72ffbcdf3fea77324c4ed7824ff7a140.jpg,train,,,1,65
captura_2023-10-09_13-37-27_png.rf.bda111c37627a57b613baad705ad22f1.jpg,C:\Users\mviei\AppData\Local\Temp\aed_nativa\Placas-de-Transito-BR-1\train\images\captura_2023-10-09_13-37-27_png.rf.bda111c37627a57b613baad705ad22f1.jpg,train,,,1,65
captura_2023-10-09_13-39-21_png.rf.e58f86f0f979c0393e32eba1e113ed96.jpg,C:\Users\mviei\AppData\Local\Temp\aed_nativa\Placas-de-Transito-BR-1\train\images\captura_2023-10-09_13-39-21_png.rf.e58f86f0f979c0393e32eba1e113ed96.jpg,train,1257.0,631.0,0,
captura_2023-10-09_13-39-22_png.rf.d3ac3a5b5e4f8ec362297477d3674ea4.jpg,C:\Users\mviei\AppData\Local\Temp\aed_nativa\Placas-de-Transito-BR-1\train\images\captura_2023-10-09_13-39-22_png.rf.d3ac3a5b5e4f8ec362297477d3674ea4.jpg,train,,,1,63
captura_2023-10-09_13-40-24_png.rf.8d296eb0add1c022e1a1509d4be36b81.jpg,C:\Users\mviei\AppData\Local\Temp\aed_nativa\Placas-de-Transito-BR-1\train\images\captura_2023-10-09_13-40-24_png.rf.8d296eb0add1c022e1a1509d4be36b81.jpg,train,,,1,48
captura_2023-10-09_13-46-05_png.rf.530fc850055a7bbc4fb76f37a7d2dc6b.jpg,C:\Users\mviei\AppData\Local\Temp\aed_nativa\Placas-de-Transito-BR-1\train\images\captura_2023-10-09_13-46-05_png.rf.530fc850055a7bbc4fb76f37a7d2dc6b.jpg,train,,,0,
captura_2023-10-09_13-46-16_png.rf.d6e01b5ece0d204473e455b3a6ad4d41.jpg,C:\Users\mviei\AppData\Local\Temp\aed_nativa\Placas-de-Transito-BR-1\train\images\captura_2023-10-09_13-46-16_png.rf.d6e01b5ece0d204473e455b3a6ad4d41.jpg,train,,,0,
captura_2023-10-09_13-46-28_png.rf.2b0c4ae2a32756b53ec4ec9192ddb8be.jpg,C:\Users\mviei\AppData\Local\Temp\aed_nativa\Placas-de-Transito-BR-1\train\images\captura_2023-10-09_13-46-28_png.rf.2b0c4ae2a32756b53ec4ec9192ddb8be.jpg,train,,,0,
captura_2023-10-09_13-49-14_png.rf.8cfe09aa0cffdaaff3d5637f97cbb5f1.jpg,C:\Users\mviei\AppData\Local\Temp\aed_nativa\Placas-de-Transito-BR-1\train\images\captura_2023-10-09_13-49-14_png.rf.8cfe09aa0cffdaaff3d5637f97cbb5f1.jpg,train,,,1,48
captura_2023-10-09_13-49-30_png.rf.37b6a162f491f7a877ebe542924ae6c7.jpg,C:\Users\mviei\AppData\Local\Temp\aed_nativa\Placas-de-Transito-BR-1\train\images\captura_2023-10-09_13-49-30_png.rf.37b6a162f491f7a877ebe542924ae6c7.jpg,train,1257.0,631.0,0,
captura_2023-10-09_13-50-16_png.rf.fca6102c91112d5254db3d7166a40871.jpg,C:\Users\mviei\AppData\Local\Temp\aed_nativa\Placas-de-Transito-BR-1\train\images\captura_2023-10-09_13-50-16_png.rf.fca6102c91112d5254db3d7166a40871.jpg,train,,,1,42
captura_2023-10-09_13-50-25_png.rf.056c2b2fea05c55b471fcbcdb8dbcc13.jpg,C:\Users\mviei\AppData\Local\Temp\aed_nativa\Placas-de-Transito-BR-1\train\images\captura_2023-10-09_13-50-25_png.rf.056c2b2fea05c55b471fcbcdb8dbcc13.jpg,train,,,1,49
captura_2023-10-09_13-50-27_png.rf.7c13d5584c5a7961f353e0e48bdbf3b4.jpg,C:\Users\mviei\AppData\Local\Temp\aed_nativa\Placas-de-Transito-BR-1\train\images\captura_2023-10-09_13-50-27_png.rf.7c13d5584c5a7961f353e0e48bdbf3b4.jpg,train,,,1,49
captura_2023-10-09_13-50-32_png.rf.ca26c733c0e5fabb58cfdd3ec85544e5.jpg,C:\Users\mviei\AppData\Local\Temp\aed_nativa\Placas-de-Transito-BR-1\train\images\captura_2023-10-09_13-50-32_png.rf.ca26c733c0e5fabb58cfdd3ec85544e5.jpg,train,,,1,48
captura_2023-10-09_13-50-58_png.rf.9142882c6c631afd6c0a9804571bf2a4.jpg,C:\Users\mviei\AppData\Local\Temp\aed_nativa\Placas-de-Transito-BR-1\train\images\captura_2023-10-09_13-50-58_png.rf.9142882c6c631afd6c0a9804571bf2a4.jpg,train,,,1,42
captura_2023-10-09_13-51-24_png.rf.786ff49d69067866b2bf79da28ce2659.jpg,C:\Users\mviei\AppData\Local\Temp\aed_nativa\Placas-de-Transito-BR-1\train\images\captura_2023-10-09_13-51-24_png.rf.786ff49d69067866b2bf79da28ce2659.jpg,train,,,1,22
captura_2023-10-09_13-51-28_png.rf.4d62e04f7d9b174e27e8cfb6c0891e19.jpg,C:\Users\mviei\AppData\Local\Temp\aed_nativa\Placas-de-Transito-BR-1\train\images\captura_2023-10-09_13-51-28_png.rf.4d62e04f7d9b174e27e8cfb6c0891e19.jpg,train,1257.0,631.0,1,63
captura_2023-10-09_13-51-38_png.rf.d1565df92e4923f6e58acaaa7efafbee.jpg,C:\Users\mviei\AppData\Local\Temp\aed_nativa\Placas-de-Transito-BR-1\train\images\captura_2023-10-09_13-51-38_png.rf.d1565df92e4923f6e58acaaa7efafbee.jpg,train,,,0,
captura_2023-10-09_13-51-42_png.rf.eede68ea300f544ac541592f9e2659e7.jpg,C:\Users\mviei\AppData\Local\Temp\aed_nativa\Placas-de-Transito-BR-1\train\images\captura_2023-10-09_13-51-42_png.rf.eede68ea300f544ac541592f9e2659e7.jpg,train,,,1,46
captura_2023-10-09_13-51-44_png.rf.a74ac2ce9ae6e126715c1019de47638a.jpg,C:\Users\mviei\AppData\Local\Temp\aed_nativa\Placas-de-Transito-BR-1\train\images\captura_2023-10-09_13-51-44_png.rf.a74ac2ce9ae6e126715c1019de47638a.jpg,train,,,0,
captura_2023-10-09_13-52-08_png.rf.1b776f0e469523e7750723a6e70b74dc.jpg,C:\Users\mviei\AppData\Local\Temp\aed_nativa\Placas-de-Transito-BR-1\train\images\captura_2023-10-09_13-52-08_png.rf.1b776f0e469523e7750723a6e70b74dc.jpg,train,,,1,65
captura_2023-10-09_13-52-18_png.rf.9706e5ebc7e11a9862f526e429d98edf.jpg,C:\Users\mviei\AppData\Local\Temp\aed_nativa\Placas-de-Transito-BR-1\train\images\captura_2023-10-09_13-52-18_png.rf.9706e5ebc7e11a9862f526e429d98edf.jpg,train,,,1,48
captura_2023-10-09_13-52-39_png.rf.1430aee9b0440daaebe8fbf0c35b2990.jpg,C:\Users\mviei\AppData\Local\Temp\aed_nativa\Placas-de-Transito-BR-1\train\images\captura_2023-10-09_13-52-39_png.rf.1430aee9b0440daaebe8fbf0c35b2990.jpg,train,,,0,
captura_2023-10-09_13-52-42_png.rf.f50ceceb6ae4f3bd79f9e7c469f75e06.jpg,C:\Users\mviei\AppData\Local\Temp\aed_nativa\Placas-de-Transito-BR-1\train\images\captura_2023-10-09_13-52-42_png.rf.f50ceceb6ae4f3bd79f9e7c469f75e06.jpg,train,1257.0,631.0,0,
captura_2023-10-09_13-52-50_png.rf.792573024245a9dfc8292dab1b1f1eb3.jpg,C:\Users\mviei\AppData\Local\Temp\aed_nativa\Placas-de-Transito-BR-1\train\images\captura_2023-10-09_13-52-50_png.rf.792573024245a9dfc8292dab1b1f1eb3.jpg,train,,,1,51
captura_2023-10-09_13-52-54_png.rf.e9aa843ab20db733cf9b437711554073.jpg,C:\Users\mviei\AppData\Local\Temp\aed_nativa\Placas-de-Transito-BR-1\train\images\captura_2023-10-09_13-52-54_png.rf.e9aa843ab20db733cf9b437711554073.jpg,train,,,1,23
captura_2023-10-09_13-52-58_png.rf.8b9563f46700fef92cb505fbf2a7c7c9.jpg,C:\Users\mviei\AppData\Local\Temp\aed_nativa\Placas-de-Transito-BR-1\train\images\captura_2023-10-09_13-52-58_png.rf.8b9563f46700fef92cb505fbf2a7c7c9.jpg,train,,,0,
captura_2023-10-09_13-53-03_png.rf.12a18cc747de349c4de0b28cf9dec2d2.jpg,C:\Users\mviei\AppData\Local\Temp\aed_nativa\Placas-de-Transito-BR-1\train\images\captura_2023-10-09_13-53-03_png.rf.12a18cc747de349c4de0b28cf9dec2d2.jpg,train,,,1,63
captura_2023-10-09_13-53-11_png.rf.d40c26b2870bd3659c2709bf64a9d331.jpg,C:\Users\mviei\AppData\Local\Temp\aed_nativa\Placas-de-Transito-BR-1\train\images\captura_2023-10-09_13-53-11_png.rf.d40c26b2870bd3659c2709bf64a9d331.jpg,train,,,0,
captura_2023-10-09_13-53-13_png.rf.2a4cd162c6bab238991be70e5c8a23bc.jpg,C:\Users\mviei\AppData\Local\Temp\aed_nativa\Placas-de-Transito-BR-1\train\images\captura_2023-10-09_13-53-13_png.rf.2a4cd162c6bab238991be70e5c8a23bc.jpg,train,,,0,
captura_2023-10-09_13-53-15_png.rf.b0815bfb114986819425845460c096e0.jpg,C:\Users\mviei\AppData\Local\Temp\aed_nativa\Placas-de-Transito-BR-1\train\images\captura_2023-10-09_13-53-15_png.rf.b0815bfb114986819425845460c096e0.jpg,train,1257.0,631.0,0,
captura_2023-10-09_13-53-37_png.rf.cafba380d8326e914a27541fb75d27a5.jpg,C:\Users\mviei\AppData\Local\Temp\aed_nativa\Placas-de-Transito-BR-1\train\images\captura_2023-10-09_13-53-37_png.rf.cafba380d8326e914a27541fb75d27a5.jpg,train,,,0,
captura_2023-10-09_13-53-44_png.rf.dc39e1a3537335ea7c114c9c9c63f150.jpg,C:\Users\mviei\AppData\Local\Temp\aed_nativa\Placas-de-Transito-BR-1\train\images\captura_2023-10-09_13-53-44_png.rf.dc39e1a3537335ea7c114c9c9c63f150.jpg,train,,,0,
captura_2023-10-09_13-53-45_png.rf.089aa0bdf2a9d846c5d0ef01d61db673.jpg,C:\Users\mviei\AppData\Local\Temp\aed_nativa\Placas-de-Transito-BR-1\train\images\captura_2023-10-09_13-53-45_png.rf.089aa0bdf2a9d846c5d0ef01d61db673.jpg,train,,,0,
captura_2023-10-09_13-53-50_png.rf.20eea2ab294ca0d972743761a1777d0b.jpg,C:\Users\mviei\AppData\Local\Temp\aed_nativa\Placas-de-Transito-BR-1\train\images\captura_2023-10-09_13-53-50_png.rf.20eea2ab294ca0d972743761a1777d0b.jpg,train,,,0,
captura_2023-10-09_13-53-52_png.rf.40ba01a953892cb811e52d7c5913d3cf.jpg,C:\Users\mviei\AppData\Local\Temp\aed_nativa\Placas-de-Transito-BR-1\train\images\captura_2023-10-09_13-53-52_png.rf.40ba01a953892cb811e52d7c5913d3cf.jpg,train,,,0,
captura_2023-10-09_13-53-57_png.rf.5fddb0ca8af5563f0c6b43b7e2caeb52.jpg,C:\Users\mviei\AppData\Local\Temp\aed_nativa\Placas-de-Transito-BR-1\train\images\captura_2023-10-09_13-53-57_png.rf.5fddb0ca8af5563f0c6b43b7e2caeb52.jpg,train,,,1,40
captura_2023-10-09_13-54-02_png.rf.da678469e464a58e4e4d4a83f703ce72.jpg,C:\Users\mviei\AppData\Local\Temp\aed_nativa\Placas-de-Transito-BR-1\train\images\captura_2023-10-09_13-54-02_png.rf.da678469e464a58e4e4d4a83f703ce72.jpg,train,1257.0,631.0,0,
captura_2023-10-09_13-54-03_png.rf.70daba485510c2f684c1d36cb0b7a899.jpg,C:\Users\mviei\AppData\Local\Temp\aed_nativa\Placas-de-Transito-BR-1\train\images\captura_2023-10-09_13-54-03_png.rf.70daba485510c2f684c1d36cb0b7a899.jpg,train,,,0,
captura_2023-10-09_13-54-05_png.rf.eaa77d1c86c8bd8bbe5de787bbfc2d20.jpg,C:\Users\mviei\AppData\Local\Temp\aed_nativa\Placas-de-Transito-BR-1\train\images\captura_2023-10-09_13-54-05_png.rf.eaa77d1c86c8bd8bbe5de787bbfc2d20.jpg,train,,,1,23
captura_2023-10-09_13-54-11_png.rf.e96307edc42965630ccbb8f45af14d1b.jpg,C:\Users\mviei\AppData\Local\Temp\aed_nativa\Placas-de-Transito-BR-1\train\images\captura_2023-10-09_13-54-11_png.rf.e96307edc42965630ccbb8f45af14d1b.jpg,train,,,1,65
captura_2023-10-09_13-54-13_png.rf.7025e266cc7bd2ee9ddc46712874fe88.jpg,C:\Users\mviei\AppData\Local\Temp\aed_nativa\Placas-de-Transito-BR-1\train\images\captura_2023-10-09_13-54-13_png.rf.7025e266cc7bd2ee9ddc46712874fe88.jpg,train,,,0,
captura_2023-10-09_13-54-18_png.rf.3c2ac7d396ca6e36e7166eb4f85ed64f.jpg,C:\Users\mviei\AppData\Local\Temp\aed_nativa\Placas-de-Transito-BR-1\train\images\captura_2023-10-09_13-54-18_png.rf.3c2ac7d396ca6e36e7166eb4f85ed64f.jpg,train,,,0,
captura_2023-10-09_13-54-20_png.rf.e922b30e4868e572976d63598918fc19.jpg,C:\Users\mviei\AppData\Local\Temp\aed_nativa\Placas-de-Transito-BR-1\train\images\captura_2023-10-09_13-54-20_png.rf.e922b30e4868e572976d63598918fc19.jpg,train,,,1,23
captura_2023-10-09_13-54-21_png.rf.71a01359d28844cdb92238fbaeae9ca7.jpg,C:\Users\mviei\AppData\Local\Temp\aed_nativa\Placas-de-Transito-BR-1\train\images\captura_2023-10-09_13-54-21_png.rf.71a01359d28844cdb92238fbaeae9ca7.jpg,train,1257.0,631.0,1,45
captura_2023-10-09_13-54-36_png.rf.00a660edc0034f430b3a62c104c48f41.jpg,C:\Users\mviei\AppData\Local\Temp\aed_nativa\Placas-de-Transito-BR-1\train\images\captura_2023-10-09_13-54-36_png.rf.00a660edc0034f430b3a62c104c48f41.jpg,train,,,0,
captura_2023-10-09_13-54-40_png.rf.ac8e077065c37ca9bf40c4e16bacd5ef.jpg,C:\Users\mviei\AppData\Local\Temp\aed_nativa\Placas-de-Transito-BR-1\train\images\captura_2023-10-09_13-54-40_png.rf.ac8e077065c37ca9bf40c4e16bacd5ef.jpg,train,,,1,2
captura_2023-10-09_13-54-49_png.rf.06ca0f497b36d76d14427539efd7e955.jpg,C:\Users\mviei\AppData\Local\Temp\aed_nativa\Placas-de-Transito-BR-1\train\images\captura_2023-10-09_13-54-49_png.rf.06ca0f497b36d76d14427539efd7e955.jpg,train,,,1,46
captura_2023-10-09_13-55-05_png.rf.5cd4fa65868635e9ce7c2ddb76122826.jpg,C:\Users\mviei\AppData\Local\Temp\aed_nativa\Placas-de-Transito-BR-1\train\images\captura_2023-10-09_13-55-05_png.rf.5cd4fa65868635e9ce7c2ddb76122826.jpg,train,,,1,48
captura_2023-10-09_13-55-11_png.rf.3a8c6f80b52a578d61d7698632d530dc.jpg,C:\Users\mviei\AppData\Local\Temp\aed_nativa\Placas-de-Transito-BR-1\train\images\captura_2023-10-09_13-55-11_png.rf.3a8c6f80b52a578d61d7698632d530dc.jpg,train,,,1,48
captura_2023-10-09_13-56-00_png.rf.feae051635fb4b57da297cf089a8b861.jpg,C:\Users\mviei\AppData\Local\Temp\aed_nativa\Placas-de-Transito-BR-1\train\images\captura_2023-10-09_13-56-00_png.rf.feae051635fb4b57da297cf089a8b861.jpg,train,,,0,
captura_2023-10-09_13-56-08_png.rf.ab09fe664d1e4a118c21d5d9591ada68.jpg,C:\Users\mviei\AppData\Local\Temp\aed_nativa\Placas-de-Transito-BR-1\train\images\captura_2023-10-09_13-56-08_png.rf.ab09fe664d1e4a118c21d5d9591ada68.jpg,train,1257.0,631.0,0,
captura_2023-10-09_13-56-10_png.rf.35842167135d1f93ef90187c89559769.jpg,C:\Users\mviei\AppData\Local\Temp\aed_nativa\Placas-de-Transito-BR-1\train\images\captura_2023-10-09_13-56-10_png.rf.35842167135d1f93ef90187c89559769.jpg,train,,,0,
captura_2023-10-09_13-56-34_png.rf.ffed727c5af391cd0a554b1c14336e03.jpg,C:\Users\mviei\AppData\Local\Temp\aed_nativa\Placas-de-Transito-BR-1\train\images\captura_2023-10-09_13-56-34_png.rf.ffed727c5af391cd0a554b1c14336e03.jpg,train,,,0,
captura_2023-10-09_13-56-48_png.rf.dbae9def0dc696906b99f73ed56672cc.jpg,C:\Users\mviei\AppData\Local\Temp\aed_nativa\Placas-de-Transito-BR-1\train\images\captura_2023-10-09_13-56-48_png.rf.dbae9def0dc696906b99f73ed56672cc.jpg,train,,,0,
captura_2023-10-09_13-56-50_png.rf.b139d7cfedc75cd84e455faa5518a5e2.jpg,C:\Users\mviei\AppData\Local\Temp\aed_nativa\Placas-de-Transito-BR-1\train\images\captura_2023-10-09_13-56-50_png.rf.b139d7cfedc75cd84e455faa5518a5e2.jpg,train,,,0,
captura_2023-10-09_13-56-55_png.rf.7504ff4c4763d38c62a1b8e4d7354015.jpg,C:\Users\mviei\AppData\Local\Temp\aed_nativa\Placas-de-Transito-BR-1\train\images\captura_2023-10-09_13-56-55_png.rf.7504ff4c4763d38c62a1b8e4d7354015.jpg,train,,,1,48
captura_2023-10-09_15-03-47_png.rf.821c9d2dd20e32757226a20d91bc39e3.jpg,C:\Users\mviei\AppData\Local\Temp\aed_nativa\Placas-de-Transito-BR-1\train\images\captura_2023-10-09_15-03-47_png.rf.821c9d2dd20e32757226a20d91bc39e3.jpg,train,,,1,45
captura_2023-10-09_15-04-04_png.rf.92bb5fda2155e56b6c29801a7431384f.jpg,C:\Users\mviei\AppData\Local\Temp\aed_nativa\Placas-de-Transito-BR-1\train\images\captura_2023-10-09_15-04-04_png.rf.92bb5fda2155e56b6c29801a7431384f.jpg,train,1282.0,635.0,1,42
captura_2023-10-09_15-04-09_png.rf.fc71cd57005ef225f21e06f13e01ebd6.jpg,C:\Users\mviei\AppData\Local\Temp\aed_nativa\Placas-de-Transito-BR-1\train\images\captura_2023-10-09_15-04-09_png.rf.fc71cd57005ef225f21e06f13e01ebd6.jpg,train,,,1,65
captura_2023-10-09_15-07-54_png.rf.368570babce6ac111a4ca36a820e6f37.jpg,C:\Users\mviei\AppData\Local\Temp\aed_nativa\Placas-de-Transito-BR-1\train\images\captura_2023-10-09_15-07-54_png.rf.368570babce6ac111a4ca36a820e6f37.jpg,train,,,1,65
captura_2023-10-09_15-09-15_png.rf.b32b1c265c1773b28d375e50ec149fd1.jpg,C:\Users\mviei\AppData\Local\Temp\aed_nativa\Placas-de-Transito-BR-1\train\images\captura_2023-10-09_15-09-15_png.rf.b32b1c265c1773b28d375e50ec149fd1.jpg,train,,,1,65
captura_2023-10-09_15-10-25_png.rf.cc036540be77af7e03def88e5eeee233.jpg,C:\Users\mviei\AppData\Local\Temp\aed_nativa\Placas-de-Transito-BR-1\train\images\captura_2023-10-09_15-10-25_png.rf.cc036540be77af7e03def88e5eeee233.jpg,train,,,1,46
captura_2023-10-09_15-10-35_png.rf.7a1462a6986f6b102b5b4cb74c9087ec.jpg,C:\Users\mviei\AppData\Local\Temp\aed_nativa\Placas-de-Transito-BR-1\train\images\captura_2023-10-09_15-10-35_png.rf.7a1462a6986f6b102b5b4cb74c9087ec.jpg,train,,,1,63
captura_2023-10-09_15-12-50_png.rf.2379d1c02a4485a4e59b17a5376b9e99.jpg,C:\Users\mviei\AppData\Local\Temp\aed_nativa\Placas-de-Transito-BR-1\train\images\captura_2023-10-09_15-12-50_png.rf.2379d1c02a4485a4e59b17a5376b9e99.jpg,train,,,0,
captura_2023-10-09_15-16-01_png.rf.09cfae310db3a72e9cd20927ebfcf73b.jpg,C:\Users\mviei\AppData\Local\Temp\aed_nativa\Placas-de-Transito-BR-1\train\images\captura_2023-10-09_15-16-01_png.rf.09cfae310db3a72e9cd20927ebfcf73b.jpg,train,1282.0,635.0,0,
captura_2023-10-09_15-16-02_png.rf.8d91a150122119a1451a213edf781923.jpg,C:\Users\mviei\AppData\Local\Temp\aed_nativa\Placas-de-Transito-BR-1\train\images\captura_2023-10-09_15-16-02_png.rf.8d91a150122119a1451a213edf781923.jpg,train,,,1,43
captura_2023-10-09_15-16-22_png.rf.d3fe01fd23f83dfc81640745be377391.jpg,C:\Users\mviei\AppData\Local\Temp\aed_nativa\Placas-de-Transito-BR-1\train\images\captura_2023-10-09_15-16-22_png.rf.d3fe01fd23f83dfc81640745be377391.jpg,train,,,1,48
captura_2023-10-09_15-19-09_png.rf.616f3bcbba6d610a107558cc5c5ea600.jpg,C:\Users\mviei\AppData\Local\Temp\aed_nativa\Placas-de-Transito-BR-1\train\images\captura_2023-10-09_15-19-09_png.rf.616f3bcbba6d610a107558cc5c5ea600.jpg,train,,,0,
captura_2023-10-09_15-19-12_png.rf.fe3ee67d2d8801f818d207ab54fda190.jpg,C:\Users\mviei\AppData\Local\Temp\aed_nativa\Placas-de-Transito-BR-1\train\images\captura_2023-10-09_15-19-12_png.rf.fe3ee67d2d8801f818d207ab54fda190.jpg,train,,,1,42
captura_2023-10-09_15-23-11_png.rf.162bc70ac48e5acda9e894470cc85d3d.jpg,C:\Users\mviei\AppData\Local\Temp\aed_nativa\Placas-de-Transito-BR-1\train\images\captura_2023-10-09_15-23-11_png.rf.162bc70ac48e5acda9e894470cc85d3d.jpg,train,,,0,
captura_2023-10-09_15-23-16_png.rf.0af511c5b9ca8c62d8aed6dca568514c.jpg,C:\Users\mviei\AppData\Local\Temp\aed_nativa\Placas-de-Transito-BR-1\train\images\captura_2023-10-09_15-23-16_png.rf.0af511c5b9ca8c62d8aed6dca568514c.jpg,train,,,1,48
captura_2023-10-09_15-23-23_png.rf.1ce8d6c717ec4a5aed7a4610afb61b66.jpg,C:\Users\mviei\AppData\Local\Temp\aed_nativa\Placas-de-Transito-BR-1\train\images\captura_2023-10-09_15-23-23_png.rf.1ce8d6c717ec4a5aed7a4610afb61b66.jpg,train,1252.0,635.0,1,46
captura_2023-10-09_15-24-02_png.rf.14b9d5ec6f5b4a782690f1266afff6d3.jpg,C:\Users\mviei\AppData\Local\Temp\aed_nativa\Placas-de-Transito-BR-1\train\images\captura_2023-10-09_15-24-02_png.rf.14b9d5ec6f5b4a782690f1266afff6d3.jpg,train,,,0,
captura_2023-10-10_17-29-29_png.rf.be5b87ec12e2f9acbc823338249cf4cc.jpg,C:\Users\mviei\AppData\Local\Temp\aed_nativa\Placas-de-Transito-BR-1\train\images\captura_2023-10-10_17-29-29_png.rf.be5b87ec12e2f9acbc823338249cf4cc.jpg,train,,,1,42
captura_2023-10-10_17-29-41_png.rf.f7837a9752d8c95a18266c1496c6ea15.jpg,C:\Users\mviei\AppData\Local\Temp\aed_nativa\Placas-de-Transito-BR-1\train\images\captura_2023-10-10_17-29-41_png.rf.f7837a9752d8c95a18266c1496c6ea15.jpg,train,,,1,42
captura_2023-10-10_17-36-47_png.rf.7820c646e91369349af3b57246efba17.jpg,C:\Users\mviei\AppData\Local\Temp\aed_nativa\Placas-de-Transito-BR-1\train\images\captura_2023-10-10_17-36-47_png.rf.7820c646e91369349af3b57246efba17.jpg,train,,,0,
captura_2023-10-10_17-37-21_png.rf.fa1b3d84e83cd818b1fa5600fcc404c6.jpg,C:\Users\mviei\AppData\Local\Temp\aed_nativa\Placas-de-Transito-BR-1\train\images\captura_2023-10-10_17-37-21_png.rf.fa1b3d84e83cd818b1fa5600fcc404c6.jpg,train,,,2,"12,20"
captura_2023-10-10_17-38-43_png.rf.4dc3c6b4900aabdde5a2cd047b37dfca.jpg,C:\Users\mviei\AppData\Local\Temp\aed_nativa\Placas-de-Transito-BR-1\train\images\captura_2023-10-10_17-38-43_png.rf.4dc3c6b4900aabdde5a2cd047b37dfca.jpg,train,,,0,
captura_2023-10-10_17-38-51_png.rf.add0c35ae310363630d5b410c5a9d4f4.jpg,C:\Users\mviei\AppData\Local\Temp\aed_nativa\Placas-de-Transito-BR-1\train\images\captura_2023-10-10_17-38-51_png.rf.add0c35ae310363630d5b410c5a9d4f4.jpg,train,1273.0,633.0,0,
captura_2023-10-10_17-38-52_png.rf.3e7430b1c5efab6446a1c12f9c4fc914.jpg,C:\Users\mviei\AppData\Local\Temp\aed_nativa\Placas-de-Transito-BR-1\train\images\captura_2023-10-10_17-38-52_png.rf.3e7430b1c5efab6446a1c12f9c4fc914.jpg,train,,,0,
captura_2023-10-10_17-38-57_png.rf.a7a124802ecf536a9382a3d926140e4c.jpg,C:\Users\mviei\AppData\Local\Temp\aed_nativa\Placas-de-Transito-BR-1\train\images\captura_2023-10-10_17-38-57_png.rf.a7a124802ecf536a9382a3d926140e4c.jpg,train,,,0,
captura_2023-10-10_17-38-59_png.rf.43db190e538a552872571086ba3e2c50.jpg,C:\Users\mviei\AppData\Local\Temp\aed_nativa\Placas-de-Transito-BR-1\train\images\captura_2023-10-10_17-38-59_png.rf.43db190e538a552872571086ba3e2c50.jpg,train,,,0,
captura_2023-10-10_17-39-00_png.rf.f8e0d5384cb15fb25785912978ecfcaa.jpg,C:\Users\mviei\AppData\Local\Temp\aed_nativa\Placas-de-Transito-BR-1\train\images\captura_2023-10-10_17-39-00_png.rf.f8e0d5384cb15fb25785912978ecfcaa.jpg,train,,,0,
captura_2023-10-10_17-39-02_png.rf.5ca519d1834775bc11d0a89250d87926.jpg,C:\Users\mviei\AppData\Local\Temp\aed_nativa\Placas-de-Transito-BR-1\train\images\captura_2023-10-10_17-39-02_png.rf.5ca519d1834775bc11d0a89250d87926.jpg,train,,,1,65
captura_2023-10-10_17-39-04_png.rf.d5cddca39261017cded60357e8ac0401.jpg,C:\Users\mviei\AppData\Local\Temp\aed_nativa\Placas-de-Transito-BR-1\train\images\captura_2023-10-10_17-39-04_png.rf.d5cddca39261017cded60357e8ac0401.jpg,train,,,1,36
captura_2023-10-10_17-39-27_png.rf.a179d925769ab6bc3274f2d68aba00e3.jpg,C:\Users\mviei\AppData\Local\Temp\aed_nativa\Placas-de-Transito-BR-1\train\images\captura_2023-10-10_17-39-27_png.rf.a179d925769ab6bc3274f2d68aba00e3.jpg,train,1273.0,633.0,1,20
captura_2023-10-10_17-40-20_png.rf.8a980b841cbe0677eb081c3cb4dae0b9.jpg,C:\Users\mviei\AppData\Local\Temp\aed_nativa\Placas-de-Transito-BR-1\train\images\captura_2023-10-10_17-40-20_png.rf.8a980b841cbe0677eb081c3cb4dae0b9.jpg,train,,,1,46
captura_2023-10-10_17-40-28_png.rf.774d6145cf752fc32a7ce3d2344df3e1.jpg,C:\Users\mviei\AppData\Local\Temp\aed_nativa\Placas-de-Transito-BR-1\train\images\captura_2023-10-10_17-40-28_png.rf.774d6145cf752fc32a7ce3d2344df3e1.jpg,train,,,1,14
captura_2023-10-10_17-40-29_png.rf.b4d0c4c17d044b1dadc235df1140a5cc.jpg,C:\Users\mviei\AppData\Local\Temp\aed_nativa\Placas-de-Transito-BR-1\train\images\captura_2023-10-10_17-40-29_png.rf.b4d0c4c17d044b1dadc235df1140a5cc.jpg,train,,,1,48
captura_2023-10-10_17-40-31_png.rf.3285ea2468cd37f98c7f9031d3efaca0.jpg,C:\Users\mviei\AppData\Local\Temp\aed_nativa\Placas-de-Transito-BR-1\train\images\captura_2023-10-10_17-40-31_png.rf.3285ea2468cd37f98c7f9031d3efaca0.jpg,train,,,1,53
captura_2023-10-10_17-41-18_png.rf.f319f005dca8a9ac1f50e10f7e885661.jpg,C:\Users\mviei\AppData\Local\Temp\aed_nativa\Placas-de-Transito-BR-1\train\images\captura_2023-10-10_17-41-18_png.rf.f319f005dca8a9ac1f50e10f7e885661.jpg,train,,,1,2
captura_2023-10-10_17-41-32_png.rf.51907c0c630af17c5c1e97b207b2a10f.jpg,C:\Users\mviei\AppData\Local\Temp\aed_nativa\Placas-de-Transito-BR-1\train\images\captura_2023-10-10_17-41-32_png.rf.51907c0c630af17c5c1e97b207b2a10f.jpg,train,,,1,14
captura_2023-10-10_17-41-36_png.rf.153828adb67cc6d68163f083f8faef78.jpg,C:\Users\mviei\AppData\Local\Temp\aed_nativa\Placas-de-Transito-BR-1\train\images\captura_2023-10-10_17-41-36_png.rf.153828adb67cc6d68163f083f8faef78.jpg,train,1273.0,633.0,1,65
captura_2023-10-10_17-41-57_png.rf.fb4e864c5492f087fdf53ab4ce792731.jpg,C:\Users\mviei\AppData\Local\Temp\aed_nativa\Placas-de-Transito-BR-1\train\images\captura_2023-10-10_17-41-57_png.rf.fb4e864c5492f087fdf53ab4ce792731.jpg,train,,,1,42
captura_2023-10-10_17-42-02_png.rf.17bfda56da1d9dac3612e88f85e8e2ca.jpg,C:\Users\mviei\AppData\Local\Temp\aed_nativa\Placas-de-Transito-BR-1\train\images\captura_2023-10-10_17-42-02_png.rf.17bfda56da1d9dac3612e88f85e8e2ca.jpg,train,,,0,
captura_2023-10-10_17-42-10_png.rf.5817cac3fd26a795875ee4c00ed276c8.jpg,C:\Users\mviei\AppData\Local\Temp\aed_nativa\Placas-de-Transito-BR-1\train\images\captura_2023-10-10_17-42-10_png.rf.5817cac3fd26a795875ee4c00ed276c8.jpg,train,,,0,
captura_2023-10-10_17-43-44_png.rf.ef0b46355b9f33da3dcd56c60fb37443.jpg,C:\Users\mviei\AppData\Local\Temp\aed_nativa\Placas-de-Transito-BR-1\train\images\captura_2023-10-10_17-43-44_png.rf.ef0b46355b9f33da3dcd56c60fb37443.jpg,train,,,0,
captura_2023-10-10_17-44-05_png.rf.3d18d84fc814ba2c98a4421d94953012.jpg,C:\Users\mviei\AppData\Local\Temp\aed_nativa\Placas-de-Transito-BR-1\train\images\captura_2023-10-10_17-44-05_png.rf.3d18d84fc814ba2c98a4421d94953012.jpg,train,,,1,15
captura_2023-10-10_17-44-47_png.rf.5fcd2f9a37492b278847c0a91bf83825.jpg,C:\Users\mviei\AppData\Local\Temp\aed_nativa\Placas-de-Transito-BR-1\train\images\captura_2023-10-10_17-44-47_png.rf.5fcd2f9a37492b278847c0a91bf83825.jpg,train,,,1,53
captura_2023-10-10_17-45-36_png.rf.ee38f9d365e66d49bfba4b36e61dc5ae.jpg,C:\Users\mviei\AppData\Local\Temp\aed_nativa\Placas-de-Transito-BR-1\train\images\captura_2023-10-10_17-45-36_png.rf.ee38f9d365e66d49bfba4b36e61dc5ae.jpg,train,1273.0,633.0,0,
captura_2023-10-10_17-45-49_png.rf.e9b8bcb3000cc25b294f2afe85a807c7.jpg,C:\Users\mviei\AppData\Local\Temp\aed_nativa\Placas-de-Transito-BR-1\train\images\captura_2023-10-10_17-45-49_png.rf.e9b8bcb3000cc25b294f2afe85a807c7.jpg,train,,,0,
captura_2023-10-10_17-47-14_png.rf.5dc215b89aea2fdadbe74f0ac0c98a63.jpg,C:\Users\mviei\AppData\Local\Temp\aed_nativa\Placas-de-Transito-BR-1\train\images\captura_2023-10-10_17-47-14_png.rf.5dc215b89aea2fdadbe74f0ac0c98a63.jpg,train,,,1,48
captura_2023-10-10_17-48-18_png.rf.5d5bdb5d505226295504fddfbff352ef.jpg,C:\Users\mviei\AppData\Local\Temp\aed_nativa\Placas-de-Transito-BR-1\train\images\captura_2023-10-10_17-48-18_png.rf.5d5bdb5d505226295504fddfbff352ef.jpg,train,,,0,
captura_2023-10-10_17-48-33_png.rf.2faf9c86c59ae0d34faebb732aa438d0.jpg,C:\Users\mviei\AppData\Local\Temp\aed_nativa\Placas-de-Transito-BR-1\train\images\captura_2023-10-10_17-48-33_png.rf.2faf9c86c59ae0d34faebb732aa438d0.jpg,train,,,0,
captura_2023-10-10_17-49-29_png.rf.1da946ff87f9367769ffb9fa2387730b.jpg,C:\Users\mviei\AppData\Local\Temp\aed_nativa\Placas-de-Transito-BR-1\train\images\captura_2023-10-10_17-49-29_png.rf.1da946ff87f9367769ffb9fa2387730b.jpg,train,,,1,35
captura_2023-10-10_17-49-34_png.rf.271df9da2dc7dd7782be4c19cfcee086.jpg,C:\Users\mviei\AppData\Local\Temp\aed_nativa\Placas-de-Transito-BR-1\train\images\captura_2023-10-10_17-49-34_png.rf.271df9da2dc7dd7782be4c19cfcee086.jpg,train,,,1,20
captura_2023-10-10_17-50-28_png.rf.b66f37137b39e51955082e635520301e.jpg,C:\Users\mviei\AppData\Local\Temp\aed_nativa\Placas-de-Transito-BR-1\train\images\captura_2023-10-10_17-50-28_png.rf.b66f37137b39e51955082e635520301e.jpg,train,1273.0,633.0,1,49
captura_2023-10-10_17-50-43_png.rf.c35ef71efe7d7fff07829a8a89fa684d.jpg,C:\Users\mviei\AppData\Local\Temp\aed_nativa\Placas-de-Transito-BR-1\train\images\captura_2023-10-10_17-50-43_png.rf.c35ef71efe7d7fff07829a8a89fa684d.jpg,train,,,0,
captura_2023-10-10_17-51-24_png.rf.c75dde70e2f3ade577a260b3d2eda900.jpg,C:\Users\mviei\AppData\Local\Temp\aed_nativa\Placas-de-Transito-BR-1\train\images\captura_2023-10-10_17-51-24_png.rf.c75dde70e2f3ade577a260b3d2eda900.jpg,train,,,0,
captura_2023-10-10_17-51-35_png.rf.b54884ff4d5c04c23c8f400acec0dfcd.jpg,C:\Users\mviei\AppData\Local\Temp\aed_nativa\Placas-de-Transito-BR-1\train\images\captura_2023-10-10_17-51-35_png.rf.b54884ff4d5c04c23c8f400acec0dfcd.jpg,train,,,0,
captura_2023-10-10_17-51-38_png.rf.9a674b6a3e67aa7fcb49a0fca7372c0b.jpg,C:\Users\mviei\AppData\Local\Temp\aed_nativa\Placas-de-Transito-BR-1\train\images\captura_2023-10-10_17-51-38_png.rf.9a674b6a3e67aa7fcb49a0fca7372c0b.jpg,train,,,1,65
captura_2023-10-10_17-51-39_png.rf.0388c2effc2336e2c21ea85ed6c441dd.jpg,C:\Users\mviei\AppData\Local\Temp\aed_nativa\Placas-de-Transito-BR-1\train\images\captura_2023-10-10_17-51-39_png.rf.0388c2effc2336e2c21ea85ed6c441dd.jpg,train,,,1,49
captura_2023-10-10_17-52-01_png.rf.eda0d4779828fd40b4f643ee206382fc.jpg,C:\Users\mviei\AppData\Local\Temp\aed_nativa\Placas-de-Transito-BR-1\train\images\captura_2023-10-10_17-52-01_png.rf.eda0d4779828fd40b4f643ee206382fc.jpg,train,,,1,49
captura_2023-10-10_17-52-04_png.rf.01644c1027ea76a18761ef674aeb9ba8.jpg,C:\Users\mviei\AppData\Local\Temp\aed_nativa\Placas-de-Transito-BR-1\train\images\captura_2023-10-10_17-52-04_png.rf.01644c1027ea76a18761ef674aeb9ba8.jpg,train,1273.0,633.0,0,
captura_2023-10-10_17-53-10_png.rf.40a4af15b6b392dd8e9527d90b02daa2.jpg,C:\Users\mviei\AppData\Local\Temp\aed_nativa\Placas-de-Transito-BR-1\train\images\captura_2023-10-10_17-53-10_png.rf.40a4af15b6b392dd8e9527d90b02daa2.jpg,train,,,0,
captura_2023-10-10_17-53-49_png.rf.edded55d24e138acc9116a5ac67979c9.jpg,C:\Users\mviei\AppData\Local\Temp\aed_nativa\Placas-de-Transito-BR-1\train\images\captura_2023-10-10_17-53-49_png.rf.edded55d24e138acc9116a5ac67979c9.jpg,train,,,1,48
captura_2023-10-10_17-54-12_png.rf.a17f6a4c5c06040285f5f0de56de19d3.jpg,C:\Users\mviei\AppData\Local\Temp\aed_nativa\Placas-de-Transito-BR-1\train\images\captura_2023-10-10_17-54-12_png.rf.a17f6a4c5c06040285f5f0de56de19d3.jpg,train,,,1,46
captura_2023-10-10_17-54-17_png.rf.fc967f0e9a30bd7a348081783c36a2ad.jpg,C:\Users\mviei\AppData\Local\Temp\aed_nativa\Placas-de-Transito-BR-1\train\images\captura_2023-10-10_17-54-17_png.rf.fc967f0e9a30bd7a348081783c36a2ad.jpg,train,,,1,48
captura_2023-10-10_17-54-19_png.rf.ec3357b3b2775c5a5d2828425c29bfa0.jpg,C:\Users\mviei\AppData\Local\Temp\aed_nativa\Placas-de-Transito-BR-1\train\images\captura_2023-10-10_17-54-19_png.rf.ec3357b3b2775c5a5d2828425c29bfa0.jpg,train,,,1,65
captura_2023-10-10_17-54-27_png.rf.537ee830e6dcbdf8149c0a04f3b1b7c7.jpg,C:\Users\mviei\AppData\Local\Temp\aed_nativa\Placas-de-Transito-BR-1\train\images\captura_2023-10-10_17-54-27_png.rf.537ee830e6dcbdf8149c0a04f3b1b7c7.jpg,train,,,0,
captura_2023-10-10_17-54-29_png.rf.7bab5204a5826d669246ac9492e6d1dd.jpg,C:\Users\mviei\AppData\Local\Temp\aed_nativa\Placas-de-Transito-BR-1\train\images\captura_2023-10-10_17-54-29_png.rf.7bab5204a5826d669246ac9492e6d1dd.jpg,train,1273.0,633.0,1,5
captura_2023-10-10_17-54-30_png.rf.2f768b4d41717a470bf6e8ad22ab21f5.jpg,C:\Users\mviei\AppData\Local\Temp\aed_nativa\Placas-de-Transito-BR-1\train\images\captura_2023-10-10_17-54-30_png.rf.2f768b4d41717a470bf6e8ad22ab21f5.jpg,train,,,1,5
captura_2023-10-10_17-54-37_png.rf.baa02fc16b0d4502434e075757ea3ed8.jpg,C:\Users\mviei\AppData\Local\Temp\aed_nativa\Placas-de-Transito-BR-1\train\images\captura_2023-10-10_17-54-37_png.rf.baa02fc16b0d4502434e075757ea3ed8.jpg,train,,,2,5
captura_2023-10-10_17-54-49_png.rf.56e2b21364cd78b38a49cda73acad601.jpg,C:\Users\mviei\AppData\Local\Temp\aed_nativa\Placas-de-Transito-BR-1\train\images\captura_2023-10-10_17-54-49_png.rf.56e2b21364cd78b38a49cda73acad601.jpg,train,,,1,23
captura_2023-10-10_17-54-51_png.rf.ebb49be5fec1dcd6468bf18335163551.jpg,C:\Users\mviei\AppData\Local\Temp\aed_nativa\Placas-de-Transito-BR-1\train\images\captura_2023-10-10_17-54-51_png.rf.ebb49be5fec1dcd6468bf18335163551.jpg,train,,,1,60
captura_2023-10-10_17-54-54_png.rf.46c76b624895d94e8f1dd574b64d7a8c.jpg,C:\Users\mviei\AppData\Local\Temp\aed_nativa\Placas-de-Transito-BR-1\train\images\captura_2023-10-10_17-54-54_png.rf.46c76b624895d94e8f1dd574b64d7a8c.jpg,train,,,2,48
captura_2023-10-10_17-54-59_png.rf.952adc5cd45fe732ccc6db0abf0f0709.jpg,C:\Users\mviei\AppData\Local\Temp\aed_nativa\Placas-de-Transito-BR-1\train\images\captura_2023-10-10_17-54-59_png.rf.952adc5cd45fe732ccc6db0abf0f0709.jpg,train,,,1,60
captura_2023-10-10_17-55-34_png.rf.d3a7fe79fde757beb22bb47eaf953f6b.jpg,C:\Users\mviei\AppData\Local\Temp\aed_nativa\Placas-de-Transito-BR-1\train\images\captura_2023-10-10_17-55-34_png.rf.d3a7fe79fde757beb22bb47eaf953f6b.jpg,train,1273.0,633.0,0,
captura_2023-10-10_17-55-43_png.rf.0296509dbb2f07a790bf8eb86d9c3318.jpg,C:\Users\mviei\AppData\Local\Temp\aed_nativa\Placas-de-Transito-BR-1\train\images\captura_2023-10-10_17-55-43_png.rf.0296509dbb2f07a790bf8eb86d9c3318.jpg,train,,,0,
captura_2023-10-10_17-56-08_png.rf.0f10e558862834f75371fdee2d19e616.jpg,C:\Users\mviei\AppData\Local\Temp\aed_nativa\Placas-de-Transito-BR-1\train\images\captura_2023-10-10_17-56-08_png.rf.0f10e558862834f75371fdee2d19e616.jpg,train,,,0,
captura_2023-10-10_17-56-10_png.rf.8532e43a5c2a404eea362eb69e6281e0.jpg,C:\Users\mviei\AppData\Local\Temp\aed_nativa\Placas-de-Transito-BR-1\train\images\captura_2023-10-10_17-56-10_png.rf.8532e43a5c2a404eea362eb69e6281e0.jpg,train,,,0,
captura_2023-10-10_17-56-37_png.rf.58cfb18ac48d209e3d554f4d1a1737c2.jpg,C:\Users\mviei\AppData\Local\Temp\aed_nativa\Placas-de-Transito-BR-1\train\images\captura_2023-10-10_17-56-37_png.rf.58cfb18ac48d209e3d554f4d1a1737c2.jpg,train,,,1,45
captura_2023-10-10_17-56-38_png.rf.6ffddb207c240ad8fbe6f362c75664cd.jpg,C:\Users\mviei\AppData\Local\Temp\aed_nativa\Placas-de-Transito-BR-1\train\images\captura_2023-10-10_17-56-38_png.rf.6ffddb207c240ad8fbe6f362c75664cd.jpg,train,,,0,
captura_2023-10-10_17-56-40_png.rf.7501c4b8191c30099e567a2c594873dd.jpg,C:\Users\mviei\AppData\Local\Temp\aed_nativa\Placas-de-Transito-BR-1\train\images\captura_2023-10-10_17-56-40_png.rf.7501c4b8191c30099e567a2c594873dd.jpg,train,,,0,
captura_2023-10-10_18-01-23_png.rf.383e17e317e6428e565821072ba78bc5.jpg,C:\Users\mviei\AppData\Local\Temp\aed_nativa\Placas-de-Transito-BR-1\train\images\captura_2023-10-10_18-01-23_png.rf.383e17e317e6428e565821072ba78bc5.jpg,train,1273.0,633.0,0,
captura_2023-10-10_18-02-01_png.rf.a4731414ce895b540ba9e90a3f9db6fc.jpg,C:\Users\mviei\AppData\Local\Temp\aed_nativa\Placas-de-Transito-BR-1\train\images\captura_2023-10-10_18-02-01_png.rf.a4731414ce895b540ba9e90a3f9db6fc.jpg,train,,,0,
captura_2023-10-10_18-02-21_png.rf.a58fbc801d008bf33bc34b692480968f.jpg,C:\Users\mviei\AppData\Local\Temp\aed_nativa\Placas-de-Transito-BR-1\train\images\captura_2023-10-10_18-02-21_png.rf.a58fbc801d008bf33bc34b692480968f.jpg,train,,,0,
captura_2023-10-10_18-02-22_png.rf.50878edbec0682fc2f76425daa6e15f0.jpg,C:\Users\mviei\AppData\Local\Temp\aed_nativa\Placas-de-Transito-BR-1\train\images\captura_2023-10-10_18-02-22_png.rf.50878edbec0682fc2f76425daa6e15f0.jpg,train,,,0,
captura_2023-10-10_18-02-27_png.rf.e3caea01f9cbb0c7445ffae8473535d9.jpg,C:\Users\mviei\AppData\Local\Temp\aed_nativa\Placas-de-Transito-BR-1\train\images\captura_2023-10-10_18-02-27_png.rf.e3caea01f9cbb0c7445ffae8473535d9.jpg,train,,,2,5
captura_2023-10-10_18-02-29_png.rf.2c186285c34034aaa51665002366614b.jpg,C:\Users\mviei\AppData\Local\Temp\aed_nativa\Placas-de-Transito-BR-1\train\images\captura_2023-10-10_18-02-29_png.rf.2c186285c34034aaa51665002366614b.jpg,train,,,0,
captura_2023-10-10_18-02-34_png.rf.bf5492f74e81f11bce9f22d7d5738666.jpg,C:\Users\mviei\AppData\Local\Temp\aed_nativa\Placas-de-Transito-BR-1\train\images\captura_2023-10-10_18-02-34_png.rf.bf5492f74e81f11bce9f22d7d5738666.jpg,train,,,0,
captura_2023-10-10_18-02-35_png.rf.2dedd76c4502cba47cc0b02caf5f3bee.jpg,C:\Users\mviei\AppData\Local\Temp\aed_nativa\Placas-de-Transito-BR-1\train\images\captura_2023-10-10_18-02-35_png.rf.2dedd76c4502cba47cc0b02caf5f3bee.jpg,train,1273.0,633.0,1,45
captura_2023-10-10_18-02-37_png.rf.7e6399cb4c9ae041d685cea92b5bde8e.jpg,C:\Users\mviei\AppData\Local\Temp\aed_nativa\Placas-de-Transito-BR-1\train\images\captura_2023-10-10_18-02-37_png.rf.7e6399cb4c9ae041d685cea92b5bde8e.jpg,train,,,4,"46,48,52"
captura_2023-10-10_18-02-42_png.rf.fa4d35de687edbb07dd1957ec34cefda.jpg,C:\Users\mviei\AppData\Local\Temp\aed_nativa\Placas-de-Transito-BR-1\train\images\captura_2023-10-10_18-02-42_png.rf.fa4d35de687edbb07dd1957ec34cefda.jpg,train,,,2,"23,5"
captura_2023-10-10_18-02-44_png.rf.6938354f0e4ffa277be1ae9cfe9dff37.jpg,C:\Users\mviei\AppData\Local\Temp\aed_nativa\Placas-de-Transito-BR-1\train\images\captura_2023-10-10_18-02-44_png.rf.6938354f0e4ffa277be1ae9cfe9dff37.jpg,train,,,2,48
captura_2023-10-10_18-02-45_png.rf.64807f4b3bae18b6741f66ff7531b203.jpg,C:\Users\mviei\AppData\Local\Temp\aed_nativa\Placas-de-Transito-BR-1\train\images\captura_2023-10-10_18-02-45_png.rf.64807f4b3bae18b6741f66ff7531b203.jpg,train,,,0,
captura_2023-10-10_18-02-47_png.rf.09e5a396eddf2e5ef0a79968de29a915.jpg,C:\Users\mviei\AppData\Local\Temp\aed_nativa\Placas-de-Transito-BR-1\train\images\captura_2023-10-10_18-02-47_png.rf.09e5a396eddf2e5ef0a79968de29a915.jpg,train,,,0,
captura_2023-10-10_18-02-49_png.rf.a2fa912df247ef649b191786d94fca8f.jpg,C:\Users\mviei\AppData\Local\Temp\aed_nativa\Placas-de-Transito-BR-1\train\images\captura_2023-10-10_18-02-49_png.rf.a2fa912df247ef649b191786d94fca8f.jpg,train,,,1,59
captura_2023-10-10_18-02-50_png.rf.9487a5362b41cd9a302d166d2345b635.jpg,C:\Users\mviei\AppData\Local\Temp\aed_nativa\Placas-de-Transito-BR-1\train\images\captura_2023-10-10_18-02-50_png.rf.9487a5362b41cd9a302d166d2345b635.jpg,train,1273.0,633.0,1,59
captura_2023-10-10_18-02-54_png.rf.917f715d49da2c01b8cc62ad779dd629.jpg,C:\Users\mviei\AppData\Local\Temp\aed_nativa\Placas-de-Transito-BR-1\train\images\captura_2023-10-10_18-02-54_png.rf.917f715d49da2c01b8cc62ad779dd629.jpg,train,,,0,
captura_2023-10-10_18-02-55_png.rf.3ade3d989e43601138dccf39c62c028e.jpg,C:\Users\mviei\AppData\Local\Temp\aed_nativa\Placas-de-Transito-BR-1\train\images\captura_2023-10-10_18-02-55_png.rf.3ade3d989e43601138dccf39c62c028e.jpg,train,,,0,
captura_2023-10-10_18-02-57_png.rf.93f23d9743bd54b0d41e2531aba91b5c.jpg,C:\Users\mviei\AppData\Local\Temp\aed_nativa\Placas-de-Transito-BR-1\train\images\captura_2023-10-10_18-02-57_png.rf.93f23d9743bd54b0d41e2531aba91b5c.jpg,train,,,0,
captura_2023-10-10_18-03-05_png.rf.ed3f56ee8087f15cc465d0a6affaebf2.jpg,C:\Users\mviei\AppData\Local\Temp\aed_nativa\Placas-de-Transito-BR-1\train\images\captura_2023-10-10_18-03-05_png.rf.ed3f56ee8087f15cc465d0a6affaebf2.jpg,train,,,0,
captura_2023-10-10_18-03-07_png.rf.9822c1e2230d1a8c623afe1a63f5f1c0.jpg,C:\Users\mviei\AppData\Local\Temp\aed_nativa\Placas-de-Transito-BR-1\train\images\captura_2023-10-10_18-03-07_png.rf.9822c1e2230d1a8c623afe1a63f5f1c0.jpg,train,,,0,
captura_2023-10-10_18-03-09_png.rf.1ada43740724fc32808644d148a18bd1.jpg,C:\Users\mviei\AppData\Local\Temp\aed_nativa\Placas-de-Transito-BR-1\train\images\captura_2023-10-10_18-03-09_png.rf.1ada43740724fc32808644d148a18bd1.jpg,train,,,0,
captura_2023-10-10_18-03-10_png.rf.e1ee63b9e055b74c5f0f3bdd19ab67b2.jpg,C:\Users\mviei\AppData\Local\Temp\aed_nativa\Placas-de-Transito-BR-1\train\images\captura_2023-10-10_18-03-10_png.rf.e1ee63b9e055b74c5f0f3bdd19ab67b2.jpg,train,1273.0,633.0,0,
captura_2023-10-10_18-03-14_png.rf.83cad98b2fd8d09d8382eda351604824.jpg,C:\Users\mviei\AppData\Local\Temp\aed_nativa\Placas-de-Transito-BR-1\train\images\captura_2023-10-10_18-03-14_png.rf.83cad98b2fd8d09d8382eda351604824.jpg,train,,,1,48
captura_2023-10-10_18-03-17_png.rf.e130179b4879304678fcd144b1f1d67b.jpg,C:\Users\mviei\AppData\Local\Temp\aed_nativa\Placas-de-Transito-BR-1\train\images\captura_2023-10-10_18-03-17_png.rf.e130179b4879304678fcd144b1f1d67b.jpg,train,,,0,
captura_2023-10-10_18-03-20_png.rf.1e086db7e8f56d012d620758c6994e0d.jpg,C:\Users\mviei\AppData\Local\Temp\aed_nativa\Placas-de-Transito-BR-1\train\images\captura_2023-10-10_18-03-20_png.rf.1e086db7e8f56d012d620758c6994e0d.jpg,train,,,0,
captura_2023-10-10_18-03-25_png.rf.e9e16fab860e71a7721cab257179358e.jpg,C:\Users\mviei\AppData\Local\Temp\aed_nativa\Placas-de-Transito-BR-1\train\images\captura_2023-10-10_18-03-25_png.rf.e9e16fab860e71a7721cab257179358e.jpg,train,,,0,
captura_2023-10-10_18-03-30_png.rf.c22a30482b0bbff36b06a87d7e7a1804.jpg,C:\Users\mviei\AppData\Local\Temp\aed_nativa\Placas-de-Transito-BR-1\train\images\captura_2023-10-10_18-03-30_png.rf.c22a30482b0bbff36b06a87d7e7a1804.jpg,train,,,0,
captura_2023-10-10_18-03-34_png.rf.5482b5d1864c08fec3877f0c5466907a.jpg,C:\Users\mviei\AppData\Local\Temp\aed_nativa\Placas-de-Transito-BR-1\train\images\captura_2023-10-10_18-03-34_png.rf.5482b5d1864c08fec3877f0c5466907a.jpg,train,,,1,49
captura_2023-10-10_18-03-52_png.rf.f91b154020ac227b9ad71620f137cd71.jpg,C:\Users\mviei\AppData\Local\Temp\aed_nativa\Placas-de-Transito-BR-1\train\images\captura_2023-10-10_18-03-52_png.rf.f91b154020ac227b9ad71620f137cd71.jpg,train,1273.0,633.0,1,23
captura_2023-10-10_18-03-54_png.rf.d3f4a8509d990a7618cb0fb8957b4216.jpg,C:\Users\mviei\AppData\Local\Temp\aed_nativa\Placas-de-Transito-BR-1\train\images\captura_2023-10-10_18-03-54_png.rf.d3f4a8509d990a7618cb0fb8957b4216.jpg,train,,,1,23
captura_2023-10-10_18-04-10_png.rf.da4cc2f2717a2c2fd9b938b55a2f37e3.jpg,C:\Users\mviei\AppData\Local\Temp\aed_nativa\Placas-de-Transito-BR-1\train\images\captura_2023-10-10_18-04-10_png.rf.da4cc2f2717a2c2fd9b938b55a2f37e3.jpg,train,,,0,
captura_2023-10-10_18-04-26_png.rf.5be97ad714c093dce320967e40c9424b.jpg,C:\Users\mviei\AppData\Local\Temp\aed_nativa\Placas-de-Transito-BR-1\train\images\captura_2023-10-10_18-04-26_png.rf.5be97ad714c093dce320967e40c9424b.jpg,train,,,0,
captura_2023-10-10_18-05-26_png.rf.4dc4b4a9ed34116840c6cd3c8ca37d35.jpg,C:\Users\mviei\AppData\Local\Temp\aed_nativa\Placas-de-Transito-BR-1\train\images\captura_2023-10-10_18-05-26_png.rf.4dc4b4a9ed34116840c6cd3c8ca37d35.jpg,train,,,1,65
captura_2023-10-10_18-05-28_png.rf.feef527585a471fab51376ea57cfbd10.jpg,C:\Users\mviei\AppData\Local\Temp\aed_nativa\Placas-de-Transito-BR-1\train\images\captura_2023-10-10_18-05-28_png.rf.feef527585a471fab51376ea57cfbd10.jpg,train,,,0,
captura_2023-10-10_18-05-29_png.rf.8f5e3258c7d7ed043c4e9c15f802efc5.jpg,C:\Users\mviei\AppData\Local\Temp\aed_nativa\Placas-de-Transito-BR-1\train\images\captura_2023-10-10_18-05-29_png.rf.8f5e3258c7d7ed043c4e9c15f802efc5.jpg,train,,,1,45
captura_2023-10-10_18-05-42_png.rf.6087b349477434381c2f7778e732e985.jpg,C:\Users\mviei\AppData\Local\Temp\aed_nativa\Placas-de-Transito-BR-1\train\images\captura_2023-10-10_18-05-42_png.rf.6087b349477434381c2f7778e732e985.jpg,train,1273.0,633.0,0,
captura_2023-10-10_18-05-49_png.rf.46d8aab8efffdc8990579ad53cf48bb7.jpg,C:\Users\mviei\AppData\Local\Temp\aed_nativa\Placas-de-Transito-BR-1\train\images\captura_2023-10-10_18-05-49_png.rf.46d8aab8efffdc8990579ad53cf48bb7.jpg,train,,,1,45
captura_2023-10-10_18-06-05_png.rf.e93c8319b51fcec34e4550bc47a12758.jpg,C:\Users\mviei\AppData\Local\Temp\aed_nativa\Placas-de-Transito-BR-1\train\images\captura_2023-10-10_18-06-05_png.rf.e93c8319b51fcec34e4550bc47a12758.jpg,train,,,0,
captura_2023-10-10_18-06-07_png.rf.b124552bb4cd46110faa3ab0b76eb8d7.jpg,C:\Users\mviei\AppData\Local\Temp\aed_nativa\Placas-de-Transito-BR-1\train\images\captura_2023-10-10_18-06-07_png.rf.b124552bb4cd46110faa3ab0b76eb8d7.jpg,train,,,1,43
captura_2023-10-10_18-06-35_png.rf.9a8f9cc4da796af4e5f489f9c37654c5.jpg,C:\Users\mviei\AppData\Local\Temp\aed_nativa\Placas-de-Transito-BR-1\train\images\captura_2023-10-10_18-06-35_png.rf.9a8f9cc4da796af4e5f489f9c37654c5.jpg,train,,,0,
captura_2023-10-10_18-06-49_png.rf.66f9ddd859f72b926535e46d0a358831.jpg,C:\Users\mviei\AppData\Local\Temp\aed_nativa\Placas-de-Transito-BR-1\train\images\captura_2023-10-10_18-06-49_png.rf.66f9ddd859f72b926535e46d0a358831.jpg,train,,,1,45
captura_2023-10-10_18-06-52_png.rf.b4b14d2a52e89eb519fd26d03fc691f0.jpg,C:\Users\mviei\AppData\Local\Temp\aed_nativa\Placas-de-Transito-BR-1\train\images\captura_2023-10-10_18-06-52_png.rf.b4b14d2a52e89eb519fd26d03fc691f0.jpg,train,,,0,
captura_2023-10-10_18-06-54_png.rf.627959733037a40aa0b7c683f3ff39eb.jpg,C:\Users\mviei\AppData\Local\Temp\aed_nativa\Placas-de-Transito-BR-1\train\images\captura_2023-10-10_18-06-54_png.rf.627959733037a40aa0b7c683f3ff39eb.jpg,train,1273.0,633.0,1,49
captura_2023-10-10_18-07-20_png.rf.d54f99d9d60e9e9110da4e2f609e5ec6.jpg,C:\Users\mviei\AppData\Local\Temp\aed_nativa\Placas-de-Transito-BR-1\train\images\captura_2023-10-10_18-07-20_png.rf.d54f99d9d60e9e9110da4e2f609e5ec6.jpg,train,,,1,45
captura_2023-10-10_18-07-30_png.rf.640a697cd9e99ade7ab508af59525c06.jpg,C:\Users\mviei\AppData\Local\Temp\aed_nativa\Placas-de-Transito-BR-1\train\images\captura_2023-10-10_18-07-30_png.rf.640a697cd9e99ade7ab508af59525c06.jpg,train,,,1,49
captura_2023-10-10_18-07-45_png.rf.34247b4088e2162e6c5a704423045310.jpg,C:\Users\mviei\AppData\Local\Temp\aed_nativa\Placas-de-Transito-BR-1\train\images\captura_2023-10-10_18-07-45_png.rf.34247b4088e2162e6c5a704423045310.jpg,train,,,1,20
captura_2023-10-10_18-07-47_png.rf.85c787ed0f8bd6ca2eca9633981c0a3d.jpg,C:\Users\mviei\AppData\Local\Temp\aed_nativa\Placas-de-Transito-BR-1\train\images\captura_2023-10-10_18-07-47_png.rf.85c787ed0f8bd6ca2eca9633981c0a3d.jpg,train,,,1,62
captura_2023-10-10_18-07-52_png.rf.9d24b6d7cebd273540c2a075aa1de6bb.jpg,C:\Users\mviei\AppData\Local\Temp\aed_nativa\Placas-de-Transito-BR-1\train\images\captura_2023-10-10_18-07-52_png.rf.9d24b6d7cebd273540c2a075aa1de6bb.jpg,train,,,1,62
captura_2023-10-10_18-08-18_png.rf.665ccfc0ff16b95af81edcf0570bc2e7.jpg,C:\Users\mviei\AppData\Local\Temp\aed_nativa\Placas-de-Transito-BR-1\train\images\captura_2023-10-10_18-08-18_png.rf.665ccfc0ff16b95af81edcf0570bc2e7.jpg,train,,,1,63
captura_2023-10-10_18-08-36_png.rf.8e5695ff60b89bead58f3f7863587683.jpg,C:\Users\mviei\AppData\Local\Temp\aed_nativa\Placas-de-Transito-BR-1\train\images\captura_2023-10-10_18-08-36_png.rf.8e5695ff60b89bead58f3f7863587683.jpg,train,1273.0,633.0,1,36
captura_2023-10-10_18-09-29_png.rf.5e2ecc36079e9fded2fb5729af20e130.jpg,C:\Users\mviei\AppData\Local\Temp\aed_nativa\Placas-de-Transito-BR-1\train\images\captura_2023-10-10_18-09-29_png.rf.5e2ecc36079e9fded2fb5729af20e130.jpg,train,,,0,
captura_2023-10-10_18-09-44_png.rf.ff85e26b8432a6b1cf05544d4df91e1b.jpg,C:\Users\mviei\AppData\Local\Temp\aed_nativa\Placas-de-Transito-BR-1\train\images\captura_2023-10-10_18-09-44_png.rf.ff85e26b8432a6b1cf05544d4df91e1b.jpg,train,,,0,
captura_2023-10-10_18-10-08_png.rf.83379a74d0f2417d30eeb69882753bb7.jpg,C:\Users\mviei\AppData\Local\Temp\aed_nativa\Placas-de-Transito-BR-1\train\images\captura_2023-10-10_18-10-08_png.rf.83379a74d0f2417d30eeb69882753bb7.jpg,train,,,1,65
captura_2023-10-10_18-10-10_png.rf.0d423a07abf2726623c741a64c14194f.jpg,C:\Users\mviei\AppData\Local\Temp\aed_nativa\Placas-de-Transito-BR-1\train\images\captura_2023-10-10_18-10-10_png.rf.0d423a07abf2726623c741a64c14194f.jpg,train,,,1,36
captura_2023-10-10_18-10-30_png.rf.d4f0ba7b62d668d3a52b27493620be14.jpg,C:\Users\mviei\AppData\Local\Temp\aed_nativa\Placas-de-Transito-BR-1\train\images\captura_2023-10-10_18-10-30_png.rf.d4f0ba7b62d668d3a52b27493620be14.jpg,train,,,1,48
captura_2023-10-10_18-11-04_png.rf.e1202776edf0ac5f40893805a0411973.jpg,C:\Users\mviei\AppData\Local\Temp\aed_nativa\Placas-de-Transito-BR-1\train\images\captura_2023-10-10_18-11-04_png.rf.e1202776edf0ac5f40893805a0411973.jpg,train,,,1,65
captura_2023-10-10_18-11-17_png.rf.d8b57df007af0d333001c720f85e0694.jpg,C:\Users\mviei\AppData\Local\Temp\aed_nativa\Placas-de-Transito-BR-1\train\images\captura_2023-10-10_18-11-17_png.rf.d8b57df007af0d333001c720f85e0694.jpg,train,1273.0,633.0,1,65
captura_2023-10-10_18-11-18_png.rf.056299c578b6c570eccf5e17912c4ccb.jpg,C:\Users\mviei\AppData\Local\Temp\aed_nativa\Placas-de-Transito-BR-1\train\images\captura_2023-10-10_18-11-18_png.rf.056299c578b6c570eccf5e17912c4ccb.jpg,train,,,1,63
captura_2023-10-10_18-11-36_png.rf.2e8e4b7336fdb342899c2c5c3c900999.jpg,C:\Users\mviei\AppData\Local\Temp\aed_nativa\Placas-de-Transito-BR-1\train\images\captura_2023-10-10_18-11-36_png.rf.2e8e4b7336fdb342899c2c5c3c900999.jpg,train,,,1,20
captura_2023-10-10_18-11-41_png.rf.5783c9fd930773e6c790712723471c3e.jpg,C:\Users\mviei\AppData\Local\Temp\aed_nativa\Placas-de-Transito-BR-1\train\images\captura_2023-10-10_18-11-41_png.rf.5783c9fd930773e6c790712723471c3e.jpg,train,,,1,64
captura_2023-10-10_18-11-54_png.rf.aa76d397cc6e6f5acb1368ce9a49b6a3.jpg,C:\Users\mviei\AppData\Local\Temp\aed_nativa\Placas-de-Transito-BR-1\train\images\captura_2023-10-10_18-11-54_png.rf.aa76d397cc6e6f5acb1368ce9a49b6a3.jpg,train,,,1,19
captura_2023-10-10_18-12-28_png.rf.019b45647378c7b8de69609d251a4d44.jpg,C:\Users\mviei\AppData\Local\Temp\aed_nativa\Placas-de-Transito-BR-1\train\images\captura_2023-10-10_18-12-28_png.rf.019b45647378c7b8de69609d251a4d44.jpg,train,,,1,60
captura_2023-10-10_18-12-30_png.rf.6744c74da916eb1cbe64202993025493.jpg,C:\Users\mviei\AppData\Local\Temp\aed_nativa\Placas-de-Transito-BR-1\train\images\captura_2023-10-10_18-12-30_png.rf.6744c74da916eb1cbe64202993025493.jpg,train,,,1,9
captura_2023-10-10_18-12-31_png.rf.e85f28e648a4dd942c7f752ddd3a9027.jpg,C:\Users\mviei\AppData\Local\Temp\aed_nativa\Placas-de-Transito-BR-1\train\images\captura_2023-10-10_18-12-31_png.rf.e85f28e648a4dd942c7f752ddd3a9027.jpg,train,1273.0,633.0,1,48
captura_2023-10-10_18-12-33_png.rf.4b5252ac0ab7bc604e8c721f3df5703f.jpg,C:\Users\mviei\AppData\Local\Temp\aed_nativa\Placas-de-Transito-BR-1\train\images\captura_2023-10-10_18-12-33_png.rf.4b5252ac0ab7bc604e8c721f3df5703f.jpg,train,,,1,65
captura_2023-10-10_18-12-35_png.rf.9aacf0148c3d4b08422aa4bb48da7405.jpg,C:\Users\mviei\AppData\Local\Temp\aed_nativa\Placas-de-Transito-BR-1\train\images\captura_2023-10-10_18-12-35_png.rf.9aacf0148c3d4b08422aa4bb48da7405.jpg,train,,,1,60
captura_2023-10-10_18-12-41_png.rf.1121c69818545da094d2bf09e075043a.jpg,C:\Users\mviei\AppData\Local\Temp\aed_nativa\Placas-de-Transito-BR-1\train\images\captura_2023-10-10_18-12-41_png.rf.1121c69818545da094d2bf09e075043a.jpg,train,,,1,48
captura_2023-10-10_18-13-46_png.rf.7a8bd91a1e24cda8e379e32bbaf00a13.jpg,C:\Users\mviei\AppData\Local\Temp\aed_nativa\Placas-de-Transito-BR-1\train\images\captura_2023-10-10_18-13-46_png.rf.7a8bd91a1e24cda8e379e32bbaf00a13.jpg,train,,,1,65
captura_2023-10-10_18-13-59_png.rf.d21db297f202ce8c4767d0c272110803.jpg,C:\Users\mviei\AppData\Local\Temp\aed_nativa\Placas-de-Transito-BR-1\train\images\captura_2023-10-10_18-13-59_png.rf.d21db297f202ce8c4767d0c272110803.jpg,train,,,1,19
captura_2023-10-10_18-14-45_png.rf.ca9c15d7909e098be6915146722045c5.jpg,C:\Users\mviei\AppData\Local\Temp\aed_nativa\Placas-de-Transito-BR-1\train\images\captura_2023-10-10_18-14-45_png.rf.ca9c15d7909e098be6915146722045c5.jpg,train,,,1,63
captura_2023-10-10_18-15-13_png.rf.63a95bd2a73f57fa01a86574a826f3d8.jpg,C:\Users\mviei\AppData\Local\Temp\aed_nativa\Placas-de-Transito-BR-1\train\images\captura_2023-10-10_18-15-13_png.rf.63a95bd2a73f57fa01a86574a826f3d8.jpg,train,1273.0,633.0,1,20
captura_2023-10-10_18-15-18_png.rf.5758b3b2cf2023f8cd528faf55415c1f.jpg,C:\Users\mviei\AppData\Local\Temp\aed_nativa\Placas-de-Transito-BR-1\train\images\captura_2023-10-10_18-15-18_png.rf.5758b3b2cf2023f8cd528faf55415c1f.jpg,train,,,1,46
captura_2023-10-10_18-15-36_png.rf.673beeabe7ad630dbc666ad3b1934438.jpg,C:\Users\mviei\AppData\Local\Temp\aed_nativa\Placas-de-Transito-BR-1\train\images\captura_2023-10-10_18-15-36_png.rf.673beeabe7ad630dbc666ad3b1934438.jpg,train,,,0,
captura_2023-10-10_18-15-39_png.rf.42ec18a84ce75bae08ad7c87e1dc82cf.jpg,C:\Users\mviei\AppData\Local\Temp\aed_nativa\Placas-de-Transito-BR-1\train\images\captura_2023-10-10_18-15-39_png.rf.42ec18a84ce75bae08ad7c87e1dc82cf.jpg,train,,,0,
captura_2023-10-10_18-15-42_png.rf.7d2a2e226dd76ffd4ae64659510320e6.jpg,C:\Users\mviei\AppData\Local\Temp\aed_nativa\Placas-de-Transito-BR-1\train\images\captura_2023-10-10_18-15-42_png.rf.7d2a2e226dd76ffd4ae64659510320e6.jpg,train,,,0,
captura_2023-10-10_18-15-46_png.rf.b1f93903633c48c481482b7a66557e0e.jpg,C:\Users\mviei\AppData\Local\Temp\aed_nativa\Placas-de-Transito-BR-1\train\images\captura_2023-10-10_18-15-46_png.rf.b1f93903633c48c481482b7a66557e0e.jpg,train,,,0,
captura_2023-10-10_18-16-20_png.rf.4c1914e6dec7bfa50d2a09b9da603097.jpg,C:\Users\mviei\AppData\Local\Temp\aed_nativa\Placas-de-Transito-BR-1\train\images\captura_2023-10-10_18-16-20_png.rf.4c1914e6dec7bfa50d2a09b9da603097.jpg,train,,,1,65
captura_2023-10-10_18-16-50_png.rf.de45a0faedcae502378b96a6a075b169.jpg,C:\Users\mviei\AppData\Local\Temp\aed_nativa\Placas-de-Transito-BR-1\train\images\captura_2023-10-10_18-16-50_png.rf.de45a0faedcae502378b96a6a075b169.jpg,train,1273.0,633.0,1,37
captura_2023-10-10_18-16-51_png.rf.ab57fe1a00b622eb3e178fc76cf073f8.jpg,C:\Users\mviei\AppData\Local\Temp\aed_nativa\Placas-de-Transito-BR-1\train\images\captura_2023-10-10_18-16-51_png.rf.ab57fe1a00b622eb3e178fc76cf073f8.jpg,train,,,0,
captura_2023-10-10_18-17-04_png.rf.e9111b7fdb51b2c0c0dc1645e9f08f4a.jpg,C:\Users\mviei\AppData\Local\Temp\aed_nativa\Placas-de-Transito-BR-1\train\images\captura_2023-10-10_18-17-04_png.rf.e9111b7fdb51b2c0c0dc1645e9f08f4a.jpg,train,,,1,15
captura_2023-10-10_18-17-46_png.rf.e764210fe80ec0c5bc680388d042dd97.jpg,C:\Users\mviei\AppData\Local\Temp\aed_nativa\Placas-de-Transito-BR-1\train\images\captura_2023-10-10_18-17-46_png.rf.e764210fe80ec0c5bc680388d042dd97.jpg,train,,,0,
captura_2023-10-10_18-18-20_png.rf.a7dfd62c071bca7401f44f6903935a06.jpg,C:\Users\mviei\AppData\Local\Temp\aed_nativa\Placas-de-Transito-BR-1\train\images\captura_2023-10-10_18-18-20_png.rf.a7dfd62c071bca7401f44f6903935a06.jpg,train,,,0,
captura_2023-10-10_18-18-56_png.rf.86a533b01b93f851e8c5dae6e057a257.jpg,C:\Users\mviei\AppData\Local\Temp\aed_nativa\Placas-de-Transito-BR-1\train\images\captura_2023-10-10_18-18-56_png.rf.86a533b01b93f851e8c5dae6e057a257.jpg,train,,,0,
captura_2023-10-10_18-19-01_png.rf.04cfdaa0cf2e59b8ac28acb976fe948d.jpg,C:\Users\mviei\AppData\Local\Temp\aed_nativa\Placas-de-Transito-BR-1\train\images\captura_2023-10-10_18-19-01_png.rf.04cfdaa0cf2e59b8ac28acb976fe948d.jpg,train,,,0,
captura_2023-10-10_18-19-02_png.rf.c7c9e5bbc26ba59f33283c57f6faa410.jpg,C:\Users\mviei\AppData\Local\Temp\aed_nativa\Placas-de-Transito-BR-1\train\images\captura_2023-10-10_18-19-02_png.rf.c7c9e5bbc26ba59f33283c57f6faa410.jpg,train,1273.0,633.0,1,14
captura_2023-10-10_18-19-04_png.rf.282bb67e2d048a1d2fa525fe79eb5136.jpg,C:\Users\mviei\AppData\Local\Temp\aed_nativa\Placas-de-Transito-BR-1\train\images\captura_2023-10-10_18-19-04_png.rf.282bb67e2d048a1d2fa525fe79eb5136.jpg,train,,,0,
captura_2023-10-10_18-19-05_png.rf.44b9fb1df1e368e3a737353c7efb343c.jpg,C:\Users\mviei\AppData\Local\Temp\aed_nativa\Placas-de-Transito-BR-1\train\images\captura_2023-10-10_18-19-05_png.rf.44b9fb1df1e368e3a737353c7efb343c.jpg,train,,,1,20
captura_2023-10-10_18-19-18_png.rf.e8ac4cec9fcdb367398b68f9e06cafd1.jpg,C:\Users\mviei\AppData\Local\Temp\aed_nativa\Placas-de-Transito-BR-1\train\images\captura_2023-10-10_18-19-18_png.rf.e8ac4cec9fcdb367398b68f9e06cafd1.jpg,train,,,1,19
captura_2023-10-10_18-19-33_png.rf.3342f60054672187a5a8de175b49aa18.jpg,C:\Users\mviei\AppData\Local\Temp\aed_nativa\Placas-de-Transito-BR-1\train\images\captura_2023-10-10_18-19-33_png.rf.3342f60054672187a5a8de175b49aa18.jpg,train,,,1,20
captura_2023-10-10_18-19-49_png.rf.b055a96ed1e1b80e0295c8d910731f9d.jpg,C:\Users\mviei\AppData\Local\Temp\aed_nativa\Placas-de-Transito-BR-1\train\images\captura_2023-10-10_18-19-49_png.rf.b055a96ed1e1b80e0295c8d910731f9d.jpg,train,,,1,48
captura_2023-10-10_18-20-23_png.rf.d913ce694d584d95d4e3768f63d735cd.jpg,C:\Users\mviei\AppData\Local\Temp\aed_nativa\Placas-de-Transito-BR-1\train\images\captura_2023-10-10_18-20-23_png.rf.d913ce694d584d95d4e3768f63d735cd.jpg,train,,,0,
captura_2023-10-10_18-20-25_png.rf.846ceb80e17ff41ba43d2ec57c36fc36.jpg,C:\Users\mviei\AppData\Local\Temp\aed_nativa\Placas-de-Transito-BR-1\train\images\captura_2023-10-10_18-20-25_png.rf.846ceb80e17ff41ba43d2ec57c36fc36.jpg,train,1273.0,633.0,0,
captura_2023-10-10_18-20-27_png.rf.87d1fe9e486289f35942c2fc12fd66d1.jpg,C:\Users\mviei\AppData\Local\Temp\aed_nativa\Placas-de-Transito-BR-1\train\images\captura_2023-10-10_18-20-27_png.rf.87d1fe9e486289f35942c2fc12fd66d1.jpg,train,,,0,
captura_2023-10-10_18-20-30_png.rf.e1b24584612ff3c4ae8752a693963083.jpg,C:\Users\mviei\AppData\Local\Temp\aed_nativa\Placas-de-Transito-BR-1\train\images\captura_2023-10-10_18-20-30_png.rf.e1b24584612ff3c4ae8752a693963083.jpg,train,,,1,12
captura_2023-10-10_18-20-40_png.rf.0e24a8bb050ea997b3c1e3db161c30cb.jpg,C:\Users\mviei\AppData\Local\Temp\aed_nativa\Placas-de-Transito-BR-1\train\images\captura_2023-10-10_18-20-40_png.rf.0e24a8bb050ea997b3c1e3db161c30cb.jpg,train,,,1,38
captura_2023-10-10_18-21-09_png.rf.8df3c704f1461b238377bcc724f73027.jpg,C:\Users\mviei\AppData\Local\Temp\aed_nativa\Placas-de-Transito-BR-1\train\images\captura_2023-10-10_18-21-09_png.rf.8df3c704f1461b238377bcc724f73027.jpg,train,,,1,48
captura_2023-10-10_18-21-10_png.rf.92062d5234a0f692d7cfb3c3a898f8ec.jpg,C:\Users\mviei\AppData\Local\Temp\aed_nativa\Placas-de-Transito-BR-1\train\images\captura_2023-10-10_18-21-10_png.rf.92062d5234a0f692d7cfb3c3a898f8ec.jpg,train,,,1,65
captura_2023-10-10_18-21-12_png.rf.86012ef674b0263ea336f196bc7dd1e0.jpg,C:\Users\mviei\AppData\Local\Temp\aed_nativa\Placas-de-Transito-BR-1\train\images\captura_2023-10-10_18-21-12_png.rf.86012ef674b0263ea336f196bc7dd1e0.jpg,train,,,0,
captura_2023-10-10_18-21-14_png.rf.79144a351b349dc44d24e3dbc8968bf0.jpg,C:\Users\mviei\AppData\Local\Temp\aed_nativa\Placas-de-Transito-BR-1\train\images\captura_2023-10-10_18-21-14_png.rf.79144a351b349dc44d24e3dbc8968bf0.jpg,train,1273.0,633.0,0,
captura_2023-10-11_16-20-08_png.rf.1441d37b454aeb98d69b4a0b3f8d6a72.jpg,C:\Users\mviei\AppData\Local\Temp\aed_nativa\Placas-de-Transito-BR-1\train\images\captura_2023-10-11_16-20-08_png.rf.1441d37b454aeb98d69b4a0b3f8d6a72.jpg,train,,,1,49
captura_2023-10-11_16-20-33_png.rf.07a7f5468a86aa1c56a16c93bb5ceae9.jpg,C:\Users\mviei\AppData\Local\Temp\aed_nativa\Placas-de-Transito-BR-1\train\images\captura_2023-10-11_16-20-33_png.rf.07a7f5468a86aa1c56a16c93bb5ceae9.jpg,train,,,1,49
captura_2023-10-11_16-20-49_png.rf.aa33d1b43a1a190d1789b174e8bb5ac8.jpg,C:\Users\mviei\AppData\Local\Temp\aed_nativa\Placas-de-Transito-BR-1\train\images\captura_2023-10-11_16-20-49_png.rf.aa33d1b43a1a190d1789b174e8bb5ac8.jpg,train,,,0,
captura_2023-10-11_16-20-54_png.rf.e58bf71bdd8f16fec223d4ace0d81ff9.jpg,C:\Users\mviei\AppData\Local\Temp\aed_nativa\Placas-de-Transito-BR-1\train\images\captura_2023-10-11_16-20-54_png.rf.e58bf71bdd8f16fec223d4ace0d81ff9.jpg,train,,,1,53
captura_2023-10-11_16-21-22_png.rf.c6614e261490bbb3511f51474fba3ca3.jpg,C:\Users\mviei\AppData\Local\Temp\aed_nativa\Placas-de-Transito-BR-1\train\images\captura_2023-10-11_16-21-22_png.rf.c6614e261490bbb3511f51474fba3ca3.jpg,train,,,1,43
captura_2023-10-11_16-21-28_png.rf.413ea5d98ee23c493d239abcaf13c38b.jpg,C:\Users\mviei\AppData\Local\Temp\aed_nativa\Placas-de-Transito-BR-1\train\images\captura_2023-10-11_16-21-28_png.rf.413ea5d98ee23c493d239abcaf13c38b.jpg,train,,,1,46
captura_2023-10-11_16-21-32_png.rf.7391d467c484db13ee7da1bf20673348.jpg,C:\Users\mviei\AppData\Local\Temp\aed_nativa\Placas-de-Transito-BR-1\train\images\captura_2023-10-11_16-21-32_png.rf.7391d467c484db13ee7da1bf20673348.jpg,train,1248.0,633.0,1,41
captura_2023-10-11_16-21-53_png.rf.8f57af0b0eb34c852c76beb88a2f1a37.jpg,C:\Users\mviei\AppData\Local\Temp\aed_nativa\Placas-de-Transito-BR-1\train\images\captura_2023-10-11_16-21-53_png.rf.8f57af0b0eb34c852c76beb88a2f1a37.jpg,train,,,0,
captura_2023-10-11_16-22-25_png.rf.8f2da6a3ab6e24fe9e8e9be0ae470e0c.jpg,C:\Users\mviei\AppData\Local\Temp\aed_nativa\Placas-de-Transito-BR-1\train\images\captura_2023-10-11_16-22-25_png.rf.8f2da6a3ab6e24fe9e8e9be0ae470e0c.jpg,train,,,2,"45,51"
captura_2023-10-11_16-22-30_png.rf.7e56a0285c834772b4556e6df8c690ad.jpg,C:\Users\mviei\AppData\Local\Temp\aed_nativa\Placas-de-Transito-BR-1\train\images\captura_2023-10-11_16-22-30_png.rf.7e56a0285c834772b4556e6df8c690ad.jpg,train,,,0,
captura_2023-10-11_16-22-40_png.rf.bb85aaa01ca09d1930c01264578fdd9e.jpg,C:\Users\mviei\AppData\Local\Temp\aed_nativa\Placas-de-Transito-BR-1\train\images\captura_2023-10-11_16-22-40_png.rf.bb85aaa01ca09d1930c01264578fdd9e.jpg,train,,,1,64
captura_2023-10-11_16-22-41_png.rf.9a255df11875aa262c8963b416b115c8.jpg,C:\Users\mviei\AppData\Local\Temp\aed_nativa\Placas-de-Transito-BR-1\train\images\captura_2023-10-11_16-22-41_png.rf.9a255df11875aa262c8963b416b115c8.jpg,train,,,1,2
captura_2023-10-11_16-22-48_png.rf.876badd62b3abc8e292414ad5d4818ee.jpg,C:\Users\mviei\AppData\Local\Temp\aed_nativa\Placas-de-Transito-BR-1\train\images\captura_2023-10-11_16-22-48_png.rf.876badd62b3abc8e292414ad5d4818ee.jpg,train,,,1,14
captura_2023-10-11_16-22-54_png.rf.26b7791824a9ec530b9d484d7c5edb15.jpg,C:\Users\mviei\AppData\Local\Temp\aed_nativa\Placas-de-Transito-BR-1\train\images\captura_2023-10-11_16-22-54_png.rf.26b7791824a9ec530b9d484d7c5edb15.jpg,train,1248.0,633.0,1,42
captura_2023-10-11_16-23-18_png.rf.bb6a0687b85b09490a059109d8060faf.jpg,C:\Users\mviei\AppData\Local\Temp\aed_nativa\Placas-de-Transito-BR-1\train\images\captura_2023-10-11_16-23-18_png.rf.bb6a0687b85b09490a059109d8060faf.jpg,train,,,0,
captura_2023-10-11_16-23-25_png.rf.30793a8fbd4e26413f6e8759571f1237.jpg,C:\Users\mviei\AppData\Local\Temp\aed_nativa\Placas-de-Transito-BR-1\train\images\captura_2023-10-11_16-23-25_png.rf.30793a8fbd4e26413f6e8759571f1237.jpg,train,,,0,
captura_2023-10-11_16-23-33_png.rf.039b0985dbb65e443ae74eb1093a90b8.jpg,C:\Users\mviei\AppData\Local\Temp\aed_nativa\Placas-de-Transito-BR-1\train\images\captura_2023-10-11_16-23-33_png.rf.039b0985dbb65e443ae74eb1093a90b8.jpg,train,,,1,54
captura_2023-10-11_16-23-43_png.rf.f59dbd5d20f2e2efdd45d870b67ccb00.jpg,C:\Users\mviei\AppData\Local\Temp\aed_nativa\Placas-de-Transito-BR-1\train\images\captura_2023-10-11_16-23-43_png.rf.f59dbd5d20f2e2efdd45d870b67ccb00.jpg,train,,,0,
captura_2023-10-11_16-23-44_png.rf.d2619c7a793b951609e8a7418aff28b9.jpg,C:\Users\mviei\AppData\Local\Temp\aed_nativa\Placas-de-Transito-BR-1\train\images\captura_2023-10-11_16-23-44_png.rf.d2619c7a793b951609e8a7418aff28b9.jpg,train,,,1,48
captura_2023-10-11_16-23-59_png.rf.78d15cc41c4b102a2953cd3b6c796b2d.jpg,C:\Users\mviei\AppData\Local\Temp\aed_nativa\Placas-de-Transito-BR-1\train\images\captura_2023-10-11_16-23-59_png.rf.78d15cc41c4b102a2953cd3b6c796b2d.jpg,train,,,1,42
captura_2023-10-11_16-24-36_png.rf.d2548b9d0d52a1daa911c8fb17100471.jpg,C:\Users\mviei\AppData\Local\Temp\aed_nativa\Placas-de-Transito-BR-1\train\images\captura_2023-10-11_16-24-36_png.rf.d2548b9d0d52a1daa911c8fb17100471.jpg,train,1248.0,633.0,1,64
captura_2023-10-11_16-24-53_png.rf.2b9ee7f6f9b256a277f14325dd5799e0.jpg,C:\Users\mviei\AppData\Local\Temp\aed_nativa\Placas-de-Transito-BR-1\train\images\captura_2023-10-11_16-24-53_png.rf.2b9ee7f6f9b256a277f14325dd5799e0.jpg,train,,,0,
captura_2023-10-11_16-24-54_png.rf.e4a814bc1cd9c9365f75e3c2b37b53a1.jpg,C:\Users\mviei\AppData\Local\Temp\aed_nativa\Placas-de-Transito-BR-1\train\images\captura_2023-10-11_16-24-54_png.rf.e4a814bc1cd9c9365f75e3c2b37b53a1.jpg,train,,,1,48
captura_2023-10-11_16-24-58_png.rf.218b0ca66f70cdcb2996e1b74fe62529.jpg,C:\Users\mviei\AppData\Local\Temp\aed_nativa\Placas-de-Transito-BR-1\train\images\captura_2023-10-11_16-24-58_png.rf.218b0ca66f70cdcb2996e1b74fe62529.jpg,train,,,1,46
captura_2023-10-11_16-25-00_png.rf.aecc838871869597ee2c2daa1677de42.jpg,C:\Users\mviei\AppData\Local\Temp\aed_nativa\Placas-de-Transito-BR-1\train\images\captura_2023-10-11_16-25-00_png.rf.aecc838871869597ee2c2daa1677de42.jpg,train,,,1,15
captura_2023-10-11_16-25-11_png.rf.b3c8eab6dcf3fcdee380035da29943f6.jpg,C:\Users\mviei\AppData\Local\Temp\aed_nativa\Placas-de-Transito-BR-1\train\images\captura_2023-10-11_16-25-11_png.rf.b3c8eab6dcf3fcdee380035da29943f6.jpg,train,,,1,22
captura_2023-10-11_16-25-16_png.rf.1771e5f7a79829458a1c07c64bf8f7e6.jpg,C:\Users\mviei\AppData\Local\Temp\aed_nativa\Placas-de-Transito-BR-1\train\images\captura_2023-10-11_16-25-16_png.rf.1771e5f7a79829458a1c07c64bf8f7e6.jpg,train,,,1,19
captura_2023-10-11_16-25-18_png.rf.d96eb4af07dd0cb08dbb889e05947dd2.jpg,C:\Users\mviei\AppData\Local\Temp\aed_nativa\Placas-de-Transito-BR-1\train\images\captura_2023-10-11_16-25-18_png.rf.d96eb4af07dd0cb08dbb889e05947dd2.jpg,train,1248.0,633.0,1,46
captura_2023-10-11_16-25-19_png.rf.99ee526860a545e88ca34f50adfad6bd.jpg,C:\Users\mviei\AppData\Local\Temp\aed_nativa\Placas-de-Transito-BR-1\train\images\captura_2023-10-11_16-25-19_png.rf.99ee526860a545e88ca34f50adfad6bd.jpg,train,,,0,
captura_2023-10-11_16-25-29_png.rf.5eef5d571ccfb9d7b405e7a85cd4c385.jpg,C:\Users\mviei\AppData\Local\Temp\aed_nativa\Placas-de-Transito-BR-1\train\images\captura_2023-10-11_16-25-29_png.rf.5eef5d571ccfb9d7b405e7a85cd4c385.jpg,train,,,1,22
captura_2023-10-11_16-25-31_png.rf.917887e7665d98380abd941b2e07c226.jpg,C:\Users\mviei\AppData\Local\Temp\aed_nativa\Placas-de-Transito-BR-1\train\images\captura_2023-10-11_16-25-31_png.rf.917887e7665d98380abd941b2e07c226.jpg,train,,,0,
captura_2023-10-11_16-25-38_png.rf.5d9ff504b8c69e86b5869794a4cccb62.jpg,C:\Users\mviei\AppData\Local\Temp\aed_nativa\Placas-de-Transito-BR-1\train\images\captura_2023-10-11_16-25-38_png.rf.5d9ff504b8c69e86b5869794a4cccb62.jpg,train,,,1,48
captura_2023-10-11_16-25-41_png.rf.4a7562d4708922a4fe7fd240f6ae02a7.jpg,C:\Users\mviei\AppData\Local\Temp\aed_nativa\Placas-de-Transito-BR-1\train\images\captura_2023-10-11_16-25-41_png.rf.4a7562d4708922a4fe7fd240f6ae02a7.jpg,train,,,1,43
captura_2023-10-11_16-25-46_png.rf.f4f4f5e71970021e711db7f537ba461b.jpg,C:\Users\mviei\AppData\Local\Temp\aed_nativa\Placas-de-Transito-BR-1\train\images\captura_2023-10-11_16-25-46_png.rf.f4f4f5e71970021e711db7f537ba461b.jpg,train,,,0,
captura_2023-10-11_16-25-49_png.rf.c6dea4029abb6561d574c375f8dbe7a0.jpg,C:\Users\mviei\AppData\Local\Temp\aed_nativa\Placas-de-Transito-BR-1\train\images\captura_2023-10-11_16-25-49_png.rf.c6dea4029abb6561d574c375f8dbe7a0.jpg,train,1248.0,633.0,0,
captura_2023-10-11_16-25-58_png.rf.17e7752168d42b3036a99931f04039bc.jpg,C:\Users\mviei\AppData\Local\Temp\aed_nativa\Placas-de-Transito-BR-1\train\images\captura_2023-10-11_16-25-58_png.rf.17e7752168d42b3036a99931f04039bc.jpg,train,,,1,49
captura_2023-10-11_16-26-24_png.rf.c429a9ff6d2dd11bfb9eecb8d38058ba.jpg,C:\Users\mviei\AppData\Local\Temp\aed_nativa\Placas-de-Transito-BR-1\train\images\captura_2023-10-11_16-26-24_png.rf.c429a9ff6d2dd11bfb9eecb8d38058ba.jpg,train,,,1,42
captura_2023-10-11_16-26-31_png.rf.fe7f3113244e3fc69d7a7c48ed8468ea.jpg,C:\Users\mviei\AppData\Local\Temp\aed_nativa\Placas-de-Transito-BR-1\train\images\captura_2023-10-11_16-26-31_png.rf.fe7f3113244e3fc69d7a7c48ed8468ea.jpg,train,,,1,42
captura_2023-10-11_16-27-27_png.rf.b0fee881e1267e7ee8823aa8edb5ed50.jpg,C:\Users\mviei\AppData\Local\Temp\aed_nativa\Placas-de-Transito-BR-1\train\images\captura_2023-10-11_16-27-27_png.rf.b0fee881e1267e7ee8823aa8edb5ed50.jpg,train,,,1,66
captura_2023-10-11_16-27-40_png.rf.70e586d7ffa1a517b4ad7e52d19e24e8.jpg,C:\Users\mviei\AppData\Local\Temp\aed_nativa\Placas-de-Transito-BR-1\train\images\captura_2023-10-11_16-27-40_png.rf.70e586d7ffa1a517b4ad7e52d19e24e8.jpg,train,,,1,22
captura_2023-10-11_16-27-42_png.rf.2675854e13d660e8f1a755baeeefee40.jpg,C:\Users\mviei\AppData\Local\Temp\aed_nativa\Placas-de-Transito-BR-1\train\images\captura_2023-10-11_16-27-42_png.rf.2675854e13d660e8f1a755baeeefee40.jpg,train,,,1,43
captura_2023-10-11_16-27-43_png.rf.e96765c50a0a231a497d6bad48e651d6.jpg,C:\Users\mviei\AppData\Local\Temp\aed_nativa\Placas-de-Transito-BR-1\train\images\captura_2023-10-11_16-27-43_png.rf.e96765c50a0a231a497d6bad48e651d6.jpg,train,1248.0,633.0,1,42
captura_2023-10-11_16-27-47_png.rf.a29fe227c9e07e07760d50e43697790f.jpg,C:\Users\mviei\AppData\Local\Temp\aed_nativa\Placas-de-Transito-BR-1\train\images\captura_2023-10-11_16-27-47_png.rf.a29fe227c9e07e07760d50e43697790f.jpg,train,,,1,22
captura_2023-10-11_16-27-48_png.rf.67153c9a81045a837795a906d7221384.jpg,C:\Users\mviei\AppData\Local\Temp\aed_nativa\Placas-de-Transito-BR-1\train\images\captura_2023-10-11_16-27-48_png.rf.67153c9a81045a837795a906d7221384.jpg,train,,,1,48
captura_2023-10-11_16-28-49_png.rf.5a3731c8ffaf3aeb9b8155f50fbd5d61.jpg,C:\Users\mviei\AppData\Local\Temp\aed_nativa\Placas-de-Transito-BR-1\train\images\captura_2023-10-11_16-28-49_png.rf.5a3731c8ffaf3aeb9b8155f50fbd5d61.jpg,train,,,1,28
captura_2023-10-11_16-29-05_png.rf.45c9686eefc29f55b7bb0612dc12dc61.jpg,C:\Users\mviei\AppData\Local\Temp\aed_nativa\Placas-de-Transito-BR-1\train\images\captura_2023-10-11_16-29-05_png.rf.45c9686eefc29f55b7bb0612dc12dc61.jpg,train,,,1,42
captura_2023-10-11_16-29-12_png.rf.7a137364912a52bef7d3c5ed3ac7646c.jpg,C:\Users\mviei\AppData\Local\Temp\aed_nativa\Placas-de-Transito-BR-1\train\images\captura_2023-10-11_16-29-12_png.rf.7a137364912a52bef7d3c5ed3ac7646c.jpg,train,,,1,45
captura_2023-10-11_16-30-18_png.rf.b9ba1e335b77832e966e1debfa5db480.jpg,C:\Users\mviei\AppData\Local\Temp\aed_nativa\Placas-de-Transito-BR-1\train\images\captura_2023-10-11_16-30-18_png.rf.b9ba1e335b77832e966e1debfa5db480.jpg,train,,,0,
captura_2023-10-11_16-30-20_png.rf.a12dbacaef41171465aeb1af800d269c.jpg,C:\Users\mviei\AppData\Local\Temp\aed_nativa\Placas-de-Transito-BR-1\train\images\captura_2023-10-11_16-30-20_png.rf.a12dbacaef41171465aeb1af800d269c.jpg,train,1248.0,633.0,0,
captura_2023-10-11_16-30-22_png.rf.e68389278ed27fe86b5832c40de68ff7.jpg,C:\Users\mviei\AppData\Local\Temp\aed_nativa\Placas-de-Transito-BR-1\train\images\captura_2023-10-11_16-30-22_png.rf.e68389278ed27fe86b5832c40de68ff7.jpg,train,,,0,
captura_2023-10-11_16-30-48_png.rf.a6ce4ac240a38aef8ce3dcb45a77ca8c.jpg,C:\Users\mviei\AppData\Local\Temp\aed_nativa\Placas-de-Transito-BR-1\train\images\captura_2023-10-11_16-30-48_png.rf.a6ce4ac240a38aef8ce3dcb45a77ca8c.jpg,train,,,1,2
captura_2023-10-11_16-30-51_png.rf.43388dd042eb503993b77ba2f3acd314.jpg,C:\Users\mviei\AppData\Local\Temp\aed_nativa\Placas-de-Transito-BR-1\train\images\captura_2023-10-11_16-30-51_png.rf.43388dd042eb503993b77ba2f3acd314.jpg,train,,,0,
captura_2023-10-11_16-30-55_png.rf.53a8335a5bc976bc95356ce066af6f29.jpg,C:\Users\mviei\AppData\Local\Temp\aed_nativa\Placas-de-Transito-BR-1\train\images\captura_2023-10-11_16-30-55_png.rf.53a8335a5bc976bc95356ce066af6f29.jpg,train,,,1,41
captura_2023-10-11_16-31-05_png.rf.04eab56cb5d10c37cc0e6c0c0a37812a.jpg,C:\Users\mviei\AppData\Local\Temp\aed_nativa\Placas-de-Transito-BR-1\train\images\captura_2023-10-11_16-31-05_png.rf.04eab56cb5d10c37cc0e6c0c0a37812a.jpg,train,,,1,48
captura_2023-10-11_16-31-06_png.rf.61877fe64bd22573ac528efa9e395f0a.jpg,C:\Users\mviei\AppData\Local\Temp\aed_nativa\Placas-de-Transito-BR-1\train\images\captura_2023-10-11_16-31-06_png.rf.61877fe64bd22573ac528efa9e395f0a.jpg,train,,,1,46
captura_2023-10-11_16-31-10_png.rf.593985665c2989da5f1ff379c8da1a2a.jpg,C:\Users\mviei\AppData\Local\Temp\aed_nativa\Placas-de-Transito-BR-1\train\images\captura_2023-10-11_16-31-10_png.rf.593985665c2989da5f1ff379c8da1a2a.jpg,train,1248.0,633.0,2,"46,50"
captura_2023-10-11_16-32-33_png.rf.59022d2cf060a9c847129d36a857c691.jpg,C:\Users\mviei\AppData\Local\Temp\aed_nativa\Placas-de-Transito-BR-1\train\images\captura_2023-10-11_16-32-33_png.rf.59022d2cf060a9c847129d36a857c691.jpg,train,,,1,48
captura_2023-10-11_16-32-37_png.rf.f0e2f26003490bacd84a6a69f640f073.jpg,C:\Users\mviei\AppData\Local\Temp\aed_nativa\Placas-de-Transito-BR-1\train\images\captura_2023-10-11_16-32-37_png.rf.f0e2f26003490bacd84a6a69f640f073.jpg,train,,,1,50
captura_2023-10-11_16-32-40_png.rf.28f49cfe754b364b1f83599c29ca86c5.jpg,C:\Users\mviei\AppData\Local\Temp\aed_nativa\Placas-de-Transito-BR-1\train\images\captura_2023-10-11_16-32-40_png.rf.28f49cfe754b364b1f83599c29ca86c5.jpg,train,,,1,46
captura_2023-10-11_16-32-43_png.rf.3324c37a2f6d9e5b8af4814d36ac2d16.jpg,C:\Users\mviei\AppData\Local\Temp\aed_nativa\Placas-de-Transito-BR-1\train\images\captura_2023-10-11_16-32-43_png.rf.3324c37a2f6d9e5b8af4814d36ac2d16.jpg,train,,,1,63
captura_2023-10-11_16-32-47_png.rf.54c8c90fd15d38938a5ac93fde1fe871.jpg,C:\Users\mviei\AppData\Local\Temp\aed_nativa\Placas-de-Transito-BR-1\train\images\captura_2023-10-11_16-32-47_png.rf.54c8c90fd15d38938a5ac93fde1fe871.jpg,train,,,1,17
captura_2023-10-11_16-32-48_png.rf.e09970c5804e0851312f31b23c78cf61.jpg,C:\Users\mviei\AppData\Local\Temp\aed_nativa\Placas-de-Transito-BR-1\train\images\captura_2023-10-11_16-32-48_png.rf.e09970c5804e0851312f31b23c78cf61.jpg,train,,,0,
captura_2023-10-11_16-32-52_png.rf.2f8106057af1c5cca71bc27670528c4b.jpg,C:\Users\mviei\AppData\Local\Temp\aed_nativa\Placas-de-Transito-BR-1\train\images\captura_2023-10-11_16-32-52_png.rf.2f8106057af1c5cca71bc27670528c4b.jpg,train,1248.0,633.0,1,20
captura_2023-10-11_16-34-16_png.rf.693867c9010bba3e656dd394885ea72f.jpg,C:\Users\mviei\AppData\Local\Temp\aed_nativa\Placas-de-Transito-BR-1\train\images\captura_2023-10-11_16-34-16_png.rf.693867c9010bba3e656dd394885ea72f.jpg,train,,,0,
captura_2023-10-11_16-34-17_png.rf.d80c0e68b34c80cc4078a507fcd235d2.jpg,C:\Users\mviei\AppData\Local\Temp\aed_nativa\Placas-de-Transito-BR-1\train\images\captura_2023-10-11_16-34-17_png.rf.d80c0e68b34c80cc4078a507fcd235d2.jpg,train,,,2,"48,58"
captura_2023-10-11_16-34-27_png.rf.7a93f74fc89b6ee1b5e7d91952eebe79.jpg,C:\Users\mviei\AppData\Local\Temp\aed_nativa\Placas-de-Transito-BR-1\train\images\captura_2023-10-11_16-34-27_png.rf.7a93f74fc89b6ee1b5e7d91952eebe79.jpg,train,,,1,49
captura_2023-10-11_16-34-52_png.rf.62f5627395638e8f186f6d4b86725341.jpg,C:\Users\mviei\AppData\Local\Temp\aed_nativa\Placas-de-Transito-BR-1\train\images\captura_2023-10-11_16-34-52_png.rf.62f5627395638e8f186f6d4b86725341.jpg,train,,,1,45
captura_2023-10-11_16-35-27_png.rf.fdb278a1171782c220d65a9149a27806.jpg,C:\Users\mviei\AppData\Local\Temp\aed_nativa\Placas-de-Transito-BR-1\train\images\captura_2023-10-11_16-35-27_png.rf.fdb278a1171782c220d65a9149a27806.jpg,train,,,1,49
captura_2023-10-11_16-35-32_png.rf.646ed4d323b0baff694c1c0fe2bc9ffc.jpg,C:\Users\mviei\AppData\Local\Temp\aed_nativa\Placas-de-Transito-BR-1\train\images\captura_2023-10-11_16-35-32_png.rf.646ed4d323b0baff694c1c0fe2bc9ffc.jpg,train,,,0,
captura_2023-10-11_16-35-50_png.rf.55b7f9c333fce4bf1ce69abecc702a29.jpg,C:\Users\mviei\AppData\Local\Temp\aed_nativa\Placas-de-Transito-BR-1\train\images\captura_2023-10-11_16-35-50_png.rf.55b7f9c333fce4bf1ce69abecc702a29.jpg,train,1248.0,633.0,1,15
captura_2023-10-11_16-35-59_png.rf.20fcece86172b8fbc313a660fde01883.jpg,C:\Users\mviei\AppData\Local\Temp\aed_nativa\Placas-de-Transito-BR-1\train\images\captura_2023-10-11_16-35-59_png.rf.20fcece86172b8fbc313a660fde01883.jpg,train,,,1,29
captura_2023-10-11_16-36-00_png.rf.8a14c541181b03e607e88f174454d08b.jpg,C:\Users\mviei\AppData\Local\Temp\aed_nativa\Placas-de-Transito-BR-1\train\images\captura_2023-10-11_16-36-00_png.rf.8a14c541181b03e607e88f174454d08b.jpg,train,,,1,15
captura_2023-10-11_16-36-04_png.rf.0ea7d334c146530f87246dd4ca3b5cf4.jpg,C:\Users\mviei\AppData\Local\Temp\aed_nativa\Placas-de-Transito-BR-1\train\images\captura_2023-10-11_16-36-04_png.rf.0ea7d334c146530f87246dd4ca3b5cf4.jpg,train,,,0,
captura_2023-10-11_16-36-11_png.rf.41dc27de6aa933aad4dfd2c072c555ab.jpg,C:\Users\mviei\AppData\Local\Temp\aed_nativa\Placas-de-Transito-BR-1\train\images\captura_2023-10-11_16-36-11_png.rf.41dc27de6aa933aad4dfd2c072c555ab.jpg,train,,,0,
captura_2023-10-11_16-36-12_png.rf.66e9580524156a8b313eec5881227dc4.jpg,C:\Users\mviei\AppData\Local\Temp\aed_nativa\Placas-de-Transito-BR-1\train\images\captura_2023-10-11_16-36-12_png.rf.66e9580524156a8b313eec5881227dc4.jpg,train,,,0,
captura_2023-10-11_16-36-52_png.rf.c5cb832303a27f7bab6a41723fe915cc.jpg,C:\Users\mviei\AppData\Local\Temp\aed_nativa\Placas-de-Transito-BR-1\train\images\captura_2023-10-11_16-36-52_png.rf.c5cb832303a27f7bab6a41723fe915cc.jpg,train,,,0,
captura_2023-10-11_16-36-57_png.rf.4465f15d8b90c36e49d3fb2f8481da1c.jpg,C:\Users\mviei\AppData\Local\Temp\aed_nativa\Placas-de-Transito-BR-1\train\images\captura_2023-10-11_16-36-57_png.rf.4465f15d8b90c36e49d3fb2f8481da1c.jpg,train,1248.0,633.0,0,
captura_2023-10-11_16-37-11_png.rf.c946bce6bcb7d2295e21afed2001d00d.jpg,C:\Users\mviei\AppData\Local\Temp\aed_nativa\Placas-de-Transito-BR-1\train\images\captura_2023-10-11_16-37-11_png.rf.c946bce6bcb7d2295e21afed2001d00d.jpg,train,,,0,
captura_2023-10-11_16-37-26_png.rf.86013e7eb6952d27e62056f240602c26.jpg,C:\Users\mviei\AppData\Local\Temp\aed_nativa\Placas-de-Transito-BR-1\train\images\captura_2023-10-11_16-37-26_png.rf.86013e7eb6952d27e62056f240602c26.jpg,train,,,0,
captura_2023-10-11_16-37-32_png.rf.f4dea41ae10a7389e21c58d2768ea64b.jpg,C:\Users\mviei\AppData\Local\Temp\aed_nativa\Placas-de-Transito-BR-1\train\images\captura_2023-10-11_16-37-32_png.rf.f4dea41ae10a7389e21c58d2768ea64b.jpg,train,,,2,42
captura_2023-10-11_16-37-35_png.rf.e8cbec74316615e9481a4ccc5ff8f509.jpg,C:\Users\mviei\AppData\Local\Temp\aed_nativa\Placas-de-Transito-BR-1\train\images\captura_2023-10-11_16-37-35_png.rf.e8cbec74316615e9481a4ccc5ff8f509.jpg,train,,,1,37
captura_2023-10-11_16-37-47_png.rf.352d399d67c3644bf662a0d1629c5dd0.jpg,C:\Users\mviei\AppData\Local\Temp\aed_nativa\Placas-de-Transito-BR-1\train\images\captura_2023-10-11_16-37-47_png.rf.352d399d67c3644bf662a0d1629c5dd0.jpg,train,,,0,
captura_2023-10-11_16-38-11_png.rf.b0cf199283675a28256ff9c7cdeadfe4.jpg,C:\Users\mviei\AppData\Local\Temp\aed_nativa\Placas-de-Transito-BR-1\train\images\captura_2023-10-11_16-38-11_png.rf.b0cf199283675a28256ff9c7cdeadfe4.jpg,train,,,0,
captura_2023-10-11_16-38-14_png.rf.65fd0bddd6a8bee5457fa246e435453d.jpg,C:\Users\mviei\AppData\Local\Temp\aed_nativa\Placas-de-Transito-BR-1\train\images\captura_2023-10-11_16-38-14_png.rf.65fd0bddd6a8bee5457fa246e435453d.jpg,train,1248.0,633.0,0,
captura_2023-10-11_16-38-22_png.rf.ff26d13e38a98c1a17f681e15783a2c7.jpg,C:\Users\mviei\AppData\Local\Temp\aed_nativa\Placas-de-Transito-BR-1\train\images\captura_2023-10-11_16-38-22_png.rf.ff26d13e38a98c1a17f681e15783a2c7.jpg,train,,,1,66
captura_2023-10-11_16-38-46_png.rf.8c4910798e1b1fd18283375b4c1ee23c.jpg,C:\Users\mviei\AppData\Local\Temp\aed_nativa\Placas-de-Transito-BR-1\train\images\captura_2023-10-11_16-38-46_png.rf.8c4910798e1b1fd18283375b4c1ee23c.jpg,train,,,1,64
captura_2023-10-11_16-39-21_png.rf.5921498811046783c7c635e1b4449a83.jpg,C:\Users\mviei\AppData\Local\Temp\aed_nativa\Placas-de-Transito-BR-1\train\images\captura_2023-10-11_16-39-21_png.rf.5921498811046783c7c635e1b4449a83.jpg,train,,,1,42
captura_2023-10-11_16-39-28_png.rf.1c355cac5d28a4aee322b9efc6709742.jpg,C:\Users\mviei\AppData\Local\Temp\aed_nativa\Placas-de-Transito-BR-1\train\images\captura_2023-10-11_16-39-28_png.rf.1c355cac5d28a4aee322b9efc6709742.jpg,train,,,0,
captura_2023-10-11_16-39-40_png.rf.8c7cd294210a251d54cc218203e69968.jpg,C:\Users\mviei\AppData\Local\Temp\aed_nativa\Placas-de-Transito-BR-1\train\images\captura_2023-10-11_16-39-40_png.rf.8c7cd294210a251d54cc218203e69968.jpg,train,,,0,
captura_2023-10-11_16-39-55_png.rf.ad718f1fbaa1dceac6c6a85f9e73f612.jpg,C:\Users\mviei\AppData\Local\Temp\aed_nativa\Placas-de-Transito-BR-1\train\images\captura_2023-10-11_16-39-55_png.rf.ad718f1fbaa1dceac6c6a85f9e73f612.jpg,train,,,1,22
captura_2023-10-11_16-40-10_png.rf.59371640d3cac3f14fdc0321bbf7f93e.jpg,C:\Users\mviei\AppData\Local\Temp\aed_nativa\Placas-de-Transito-BR-1\train\images\captura_2023-10-11_16-40-10_png.rf.59371640d3cac3f14fdc0321bbf7f93e.jpg,train,1248.0,633.0,1,49
captura_2023-10-11_16-40-23_png.rf.063be3616550034e5cdb2b7622d5887c.jpg,C:\Users\mviei\AppData\Local\Temp\aed_nativa\Placas-de-Transito-BR-1\train\images\captura_2023-10-11_16-40-23_png.rf.063be3616550034e5cdb2b7622d5887c.jpg,train,,,1,20
captura_2023-10-11_16-40-24_png.rf.f65566172ad1610d3167f5cc8a990727.jpg,C:\Users\mviei\AppData\Local\Temp\aed_nativa\Placas-de-Transito-BR-1\train\images\captura_2023-10-11_16-40-24_png.rf.f65566172ad1610d3167f5cc8a990727.jpg,train,,,0,
captura_2023-10-11_16-40-36_png.rf.f6e063fcf03d2a8475d33ec4aa7c78aa.jpg,C:\Users\mviei\AppData\Local\Temp\aed_nativa\Placas-de-Transito-BR-1\train\images\captura_2023-10-11_16-40-36_png.rf.f6e063fcf03d2a8475d33ec4aa7c78aa.jpg,train,,,1,46
captura_2023-10-11_16-40-41_png.rf.901455ec8c909898c48f7e9ab93fe0d0.jpg,C:\Users\mviei\AppData\Local\Temp\aed_nativa\Placas-de-Transito-BR-1\train\images\captura_2023-10-11_16-40-41_png.rf.901455ec8c909898c48f7e9ab93fe0d0.jpg,train,,,1,48
captura_2023-10-11_16-40-54_png.rf.be6fd462053b138158645f6bdcb334d7.jpg,C:\Users\mviei\AppData\Local\Temp\aed_nativa\Placas-de-Transito-BR-1\train\images\captura_2023-10-11_16-40-54_png.rf.be6fd462053b138158645f6bdcb334d7.jpg,train,,,1,46
captura_2023-10-11_16-41-04_png.rf.22ec987ec576c2ba07dad97b37f2ec91.jpg,C:\Users\mviei\AppData\Local\Temp\aed_nativa\Placas-de-Transito-BR-1\train\images\captura_2023-10-11_16-41-04_png.rf.22ec987ec576c2ba07dad97b37f2ec91.jpg,train,,,1,15
captura_2023-10-11_16-41-06_png.rf.dde91e9d4e41ebfe057a69a8be2647f4.jpg,C:\Users\mviei\AppData\Local\Temp\aed_nativa\Placas-de-Transito-BR-1\train\images\captura_2023-10-11_16-41-06_png.rf.dde91e9d4e41ebfe057a69a8be2647f4.jpg,train,1248.0,633.0,1,43
captura_2023-10-11_16-41-15_png.rf.d7606f9fde43d67b56874977aed3f47d.jpg,C:\Users\mviei\AppData\Local\Temp\aed_nativa\Placas-de-Transito-BR-1\train\images\captura_2023-10-11_16-41-15_png.rf.d7606f9fde43d67b56874977aed3f47d.jpg,train,,,1,57
captura_2023-10-11_16-41-36_png.rf.d86b9c823174b078467f92ec3805def0.jpg,C:\Users\mviei\AppData\Local\Temp\aed_nativa\Placas-de-Transito-BR-1\train\images\captura_2023-10-11_16-41-36_png.rf.d86b9c823174b078467f92ec3805def0.jpg,train,,,1,46
captura_2023-10-11_16-42-05_png.rf.104583b37d280771d5bac40f4db373e2.jpg,C:\Users\mviei\AppData\Local\Temp\aed_nativa\Placas-de-Transito-BR-1\train\images\captura_2023-10-11_16-42-05_png.rf.104583b37d280771d5bac40f4db373e2.jpg,train,,,0,
captura_2023-10-11_16-42-18_png.rf.7785dab0bab3625df519d16512c56c9f.jpg,C:\Users\mviei\AppData\Local\Temp\aed_nativa\Placas-de-Transito-BR-1\train\images\captura_2023-10-11_16-42-18_png.rf.7785dab0bab3625df519d16512c56c9f.jpg,train,,,0,
captura_2023-10-11_16-42-23_png.rf.ad1b7f5e65dc973aca5b93d81c9a0f9b.jpg,C:\Users\mviei\AppData\Local\Temp\aed_nativa\Placas-de-Transito-BR-1\train\images\captura_2023-10-11_16-42-23_png.rf.ad1b7f5e65dc973aca5b93d81c9a0f9b.jpg,train,,,0,
captura_2023-10-11_16-42-25_png.rf.583142d7a38b1fbc37e2484ad11abb17.jpg,C:\Users\mviei\AppData\Local\Temp\aed_nativa\Placas-de-Transito-BR-1\train\images\captura_2023-10-11_16-42-25_png.rf.583142d7a38b1fbc37e2484ad11abb17.jpg,train,,,1,28
captura_2023-10-11_16-43-00_png.rf.09ff5fca4562243049baa8c0d779d69e.jpg,C:\Users\mviei\AppData\Local\Temp\aed_nativa\Placas-de-Transito-BR-1\train\images\captura_2023-10-11_16-43-00_png.rf.09ff5fca4562243049baa8c0d779d69e.jpg,train,1248.0,633.0,0,
captura_2023-10-11_16-43-14_png.rf.887f97f36a3b531d95ff07d3e1da2bce.jpg,C:\Users\mviei\AppData\Local\Temp\aed_nativa\Placas-de-Transito-BR-1\train\images\captura_2023-10-11_16-43-14_png.rf.887f97f36a3b531d95ff07d3e1da2bce.jpg,train,,,1,29
captura_2023-10-11_16-43-15_png.rf.71002029ce2db5e4da6660ff5c31c639.jpg,C:\Users\mviei\AppData\Local\Temp\aed_nativa\Placas-de-Transito-BR-1\train\images\captura_2023-10-11_16-43-15_png.rf.71002029ce2db5e4da6660ff5c31c639.jpg,train,,,1,63
captura_2023-10-11_16-43-24_png.rf.533a76b62512bc117c5fc5aaa55ceb02.jpg,C:\Users\mviei\AppData\Local\Temp\aed_nativa\Placas-de-Transito-BR-1\train\images\captura_2023-10-11_16-43-24_png.rf.533a76b62512bc117c5fc5aaa55ceb02.jpg,train,,,1,43
captura_2023-10-11_16-43-27_png.rf.8b00eed3fdfe8fd970fe7af0da609065.jpg,C:\Users\mviei\AppData\Local\Temp\aed_nativa\Placas-de-Transito-BR-1\train\images\captura_2023-10-11_16-43-27_png.rf.8b00eed3fdfe8fd970fe7af0da609065.jpg,train,,,1,42
captura_2023-10-11_16-43-29_png.rf.d4d24de1f546365e9318aca759995b11.jpg,C:\Users\mviei\AppData\Local\Temp\aed_nativa\Placas-de-Transito-BR-1\train\images\captura_2023-10-11_16-43-29_png.rf.d4d24de1f546365e9318aca759995b11.jpg,train,,,0,
captura_2023-10-11_16-43-37_png.rf.15920c992150a4349aa71b327e04ece2.jpg,C:\Users\mviei\AppData\Local\Temp\aed_nativa\Placas-de-Transito-BR-1\train\images\captura_2023-10-11_16-43-37_png.rf.15920c992150a4349aa71b327e04ece2.jpg,train,,,1,66
captura_2023-10-11_16-43-44_png.rf.fead35ea573152124bc271619c279a88.jpg,C:\Users\mviei\AppData\Local\Temp\aed_nativa\Placas-de-Transito-BR-1\train\images\captura_2023-10-11_16-43-44_png.rf.fead35ea573152124bc271619c279a88.jpg,train,1248.0,633.0,1,66
captura_2023-10-11_16-43-47_png.rf.5e016db939ddc3c284194e2b40862e8c.jpg,C:\Users\mviei\AppData\Local\Temp\aed_nativa\Placas-de-Transito-BR-1\train\images\captura_2023-10-11_16-43-47_png.rf.5e016db939ddc3c284194e2b40862e8c.jpg,train,,,1,43
captura_2023-10-11_16-44-52_png.rf.7645c438075b51017203d4821b97c866.jpg,C:\Users\mviei\AppData\Local\Temp\aed_nativa\Placas-de-Transito-BR-1\train\images\captura_2023-10-11_16-44-52_png.rf.7645c438075b51017203d4821b97c866.jpg,train,,,0,
captura_2023-10-11_16-44-55_png.rf.5d5b0c057513fb5522112108be4c0e65.jpg,C:\Users\mviei\AppData\Local\Temp\aed_nativa\Placas-de-Transito-BR-1\train\images\captura_2023-10-11_16-44-55_png.rf.5d5b0c057513fb5522112108be4c0e65.jpg,train,,,1,46
captura_2023-10-11_16-45-00_png.rf.2036da5aea3dac7383a0e2b504319109.jpg,C:\Users\mviei\AppData\Local\Temp\aed_nativa\Placas-de-Transito-BR-1\train\images\captura_2023-10-11_16-45-00_png.rf.2036da5aea3dac7383a0e2b504319109.jpg,train,,,1,49
captura_2023-10-11_16-45-04_png.rf.44e1f3bc507434c5dc92b9047fd557fa.jpg,C:\Users\mviei\AppData\Local\Temp\aed_nativa\Placas-de-Transito-BR-1\train\images\captura_2023-10-11_16-45-04_png.rf.44e1f3bc507434c5dc92b9047fd557fa.jpg,train,,,0,
captura_2023-10-11_16-45-15_png.rf.349edf24a19569e967bf59fb1f4175dc.jpg,C:\Users\mviei\AppData\Local\Temp\aed_nativa\Placas-de-Transito-BR-1\train\images\captura_2023-10-11_16-45-15_png.rf.349edf24a19569e967bf59fb1f4175dc.jpg,train,,,1,13
captura_2023-10-11_16-45-33_png.rf.a5ba9c34e6851942a2eeae3e5d229f79.jpg,C:\Users\mviei\AppData\Local\Temp\aed_nativa\Placas-de-Transito-BR-1\train\images\captura_2023-10-11_16-45-33_png.rf.a5ba9c34e6851942a2eeae3e5d229f79.jpg,train,1248.0,633.0,1,20
captura_2023-10-11_16-45-40_png.rf.2fb221496597e346a520108de563eac1.jpg,C:\Users\mviei\AppData\Local\Temp\aed_nativa\Placas-de-Transito-BR-1\train\images\captura_2023-10-11_16-45-40_png.rf.2fb221496597e346a520108de563eac1.jpg,train,,,1,46
captura_2023-10-11_16-45-42_png.rf.4ab8542743b9dc5e088c7619e529c5c7.jpg,C:\Users\mviei\AppData\Local\Temp\aed_nativa\Placas-de-Transito-BR-1\train\images\captura_2023-10-11_16-45-42_png.rf.4ab8542743b9dc5e088c7619e529c5c7.jpg,train,,,1,46
captura_2023-10-11_16-45-53_png.rf.fc5c344e33c02d8f40e30b1f9af49a38.jpg,C:\Users\mviei\AppData\Local\Temp\aed_nativa\Placas-de-Transito-BR-1\train\images\captura_2023-10-11_16-45-53_png.rf.fc5c344e33c02d8f40e30b1f9af49a38.jpg,train,,,0,
captura_2023-09-27_14-13-44_png.rf.d4dee85c1826542dc529af35f3cb764c.jpg,C:\Users\mviei\AppData\Local\Temp\aed_nativa\Placas-de-Transito-BR-1\valid\images\captura_2023-09-27_14-13-44_png.rf.d4dee85c1826542dc529af35f3cb764c.jpg,valid,,,1,53
captura_2023-09-27_14-14-24_png.rf.094a335408bdf51e6ac9b98d6882a4fc.jpg,C:\Users\mviei\AppData\Local\Temp\aed_nativa\Placas-de-Transito-BR-1\valid\images\captura_2023-09-27_14-14-24_png.rf.094a335408bdf51e6ac9b98d6882a4fc.jpg,valid,,,1,59
captura_2023-09-27_14-15-32_png.rf.5d8766f65b7eff8105b24e5228321f90.jpg,C:\Users\mviei\AppData\Local\Temp\aed_nativa\Placas-de-Transito-BR-1\valid\images\captura_2023-09-27_14-15-32_png.rf.5d8766f65b7eff8105b24e5228321f90.jpg,valid,,,1,59
captura_2023-09-27_14-16-27_png.rf.f598ad0163eb45bb91779a41b9e8bc30.jpg,C:\Users\mviei\AppData\Local\Temp\aed_nativa\Placas-de-Transito-BR-1\valid\images\captura_2023-09-27_14-16-27_png.rf.f598ad0163eb45bb91779a41b9e8bc30.jpg,valid,1013.0,631.0,1,53
captura_2023-09-27_14-17-36_png.rf.24179166bf7eb30c164a2a58231c274d.jpg,C:\Users\mviei\AppData\Local\Temp\aed_nativa\Placas-de-Transito-BR-1\valid\images\captura_2023-09-27_14-17-36_png.rf.24179166bf7eb30c164a2a58231c274d.jpg,valid,,,1,40
captura_2023-09-27_14-17-53_png.rf.4a8b140f3180c972e82e2ff728cfd770.jpg,C:\Users\mviei\AppData\Local\Temp\aed_nativa\Placas-de-Transito-BR-1\valid\images\captura_2023-09-27_14-17-53_png.rf.4a8b140f3180c972e82e2ff728cfd770.jpg,valid,,,1,42
captura_2023-09-27_14-18-53_png.rf.bd11c11265c7a6db8ede2d22717680b7.jpg,C:\Users\mviei\AppData\Local\Temp\aed_nativa\Placas-de-Transito-BR-1\valid\images\captura_2023-09-27_14-18-53_png.rf.bd11c11265c7a6db8ede2d22717680b7.jpg,valid,,,1,48
captura_2023-09-27_14-19-51_png.rf.d664ff0d3735d58fe12edecc9dabfbdf.jpg,C:\Users\mviei\AppData\Local\Temp\aed_nativa\Placas-de-Transito-BR-1\valid\images\captura_2023-09-27_14-19-51_png.rf.d664ff0d3735d58fe12edecc9dabfbdf.jpg,valid,,,1,59
captura_2023-09-27_14-20-58_png.rf.914d3d42591a14910d986f3218ff655e.jpg,C:\Users\mviei\AppData\Local\Temp\aed_nativa\Placas-de-Transito-BR-1\valid\images\captura_2023-09-27_14-20-58_png.rf.914d3d42591a14910d986f3218ff655e.jpg,valid,,,1,46
captura_2023-09-27_14-21-44_png.rf.377c9886017983ec74afa97bd528779a.jpg,C:\Users\mviei\AppData\Local\Temp\aed_nativa\Placas-de-Transito-BR-1\valid\images\captura_2023-09-27_14-21-44_png.rf.377c9886017983ec74afa97bd528779a.jpg,valid,,,1,46
captura_2023-09-27_14-22-16_png.rf.9a982853cad0f83585a2e065057558a8.jpg,C:\Users\mviei\AppData\Local\Temp\aed_nativa\Placas-de-Transito-BR-1\valid\images\captura_2023-09-27_14-22-16_png.rf.9a982853cad0f83585a2e065057558a8.jpg,valid,1013.0,631.0,4,"39,42"
captura_2023-09-27_14-23-12_png.rf.4ae2a3d363e883f583dba62c13d7113e.jpg,C:\Users\mviei\AppData\Local\Temp\aed_nativa\Placas-de-Transito-BR-1\valid\images\captura_2023-09-27_14-23-12_png.rf.4ae2a3d363e883f583dba62c13d7113e.jpg,valid,,,2,39
captura_2023-09-27_14-25-15_png.rf.97d23409bfa4d2ba2bfcc9476606a1cb.jpg,C:\Users\mviei\AppData\Local\Temp\aed_nativa\Placas-de-Transito-BR-1\valid\images\captura_2023-09-27_14-25-15_png.rf.97d23409bfa4d2ba2bfcc9476606a1cb.jpg,valid,,,1,49
captura_2023-09-27_14-25-23_png.rf.5a618c1f224a50dd3d80da9162851bca.jpg,C:\Users\mviei\AppData\Local\Temp\aed_nativa\Placas-de-Transito-BR-1\valid\images\captura_2023-09-27_14-25-23_png.rf.5a618c1f224a50dd3d80da9162851bca.jpg,valid,,,1,42
captura_2023-09-27_14-27-44_png.rf.4f7fb7c12dbb7b02d821dde6d180f47d.jpg,C:\Users\mviei\AppData\Local\Temp\aed_nativa\Placas-de-Transito-BR-1\valid\images\captura_2023-09-27_14-27-44_png.rf.4f7fb7c12dbb7b02d821dde6d180f47d.jpg,valid,,,1,16
captura_2023-09-27_14-28-06_png.rf.0859743e487938111c5272b2e94f0a35.jpg,C:\Users\mviei\AppData\Local\Temp\aed_nativa\Placas-de-Transito-BR-1\valid\images\captura_2023-09-27_14-28-06_png.rf.0859743e487938111c5272b2e94f0a35.jpg,valid,,,1,42
captura_2023-09-27_14-28-52_png.rf.ed25e8fed97e628b8d61e5c28a633954.jpg,C:\Users\mviei\AppData\Local\Temp\aed_nativa\Placas-de-Transito-BR-1\valid\images\captura_2023-09-27_14-28-52_png.rf.ed25e8fed97e628b8d61e5c28a633954.jpg,valid,,,1,46
captura_2023-09-27_14-33-36_png.rf.b9415d43b3d02079cdbf8c18c5422c6c.jpg,C:\Users\mviei\AppData\Local\Temp\aed_nativa\Placas-de-Transito-BR-1\valid\images\captura_2023-09-27_14-33-36_png.rf.b9415d43b3d02079cdbf8c18c5422c6c.jpg,valid,1013.0,631.0,2,53
captura_2023-09-27_14-34-26_png.rf.74b2d73f817cb89e13d59f81fe7e2b68.jpg,C:\Users\mviei\AppData\Local\Temp\aed_nativa\Placas-de-Transito-BR-1\valid\images\captura_2023-09-27_14-34-26_png.rf.74b2d73f817cb89e13d59f81fe7e2b68.jpg,valid,,,2,39
captura_2023-09-27_14-34-36_png.rf.1a84324442213bdb12f682085af86411.jpg,C:\Users\mviei\AppData\Local\Temp\aed_nativa\Placas-de-Transito-BR-1\valid\images\captura_2023-09-27_14-34-36_png.rf.1a84324442213bdb12f682085af86411.jpg,valid,,,1,39
captura_2023-09-27_14-35-09_png.rf.31f316f515b59c23cb948d1f4364ddda.jpg,C:\Users\mviei\AppData\Local\Temp\aed_nativa\Placas-de-Transito-BR-1\valid\images\captura_2023-09-27_14-35-09_png.rf.31f316f515b59c23cb948d1f4364ddda.jpg,valid,,,1,49
captura_2023-09-27_14-42-39_png.rf.537e111f9ae273ce8d483474ed353608.jpg,C:\Users\mviei\AppData\Local\Temp\aed_nativa\Placas-de-Transito-BR-1\valid\images\captura_2023-09-27_14-42-39_png.rf.537e111f9ae273ce8d483474ed353608.jpg,valid,,,2,39
captura_2023-09-27_14-45-41_png.rf.d740f3a814efc720e6a8e624e3eb02b4.jpg,C:\Users\mviei\AppData\Local\Temp\aed_nativa\Placas-de-Transito-BR-1\valid\images\captura_2023-09-27_14-45-41_png.rf.d740f3a814efc720e6a8e624e3eb02b4.jpg,valid,,,3,"39,59"
captura_2023-09-27_14-45-52_png.rf.c43d6e791a2cf65fc01a7ad6298583e9.jpg,C:\Users\mviei\AppData\Local\Temp\aed_nativa\Placas-de-Transito-BR-1\valid\images\captura_2023-09-27_14-45-52_png.rf.c43d6e791a2cf65fc01a7ad6298583e9.jpg,valid,,,2,42
captura_2023-09-28_15-01-25_png.rf.940a6c882f4263f4e0ef480ccc2fe3dc.jpg,C:\Users\mviei\AppData\Local\Temp\aed_nativa\Placas-de-Transito-BR-1\valid\images\captura_2023-09-28_15-01-25_png.rf.940a6c882f4263f4e0ef480ccc2fe3dc.jpg,valid,1253.0,636.0,1,48
captura_2023-09-28_15-01-28_png.rf.aa493fe09eaefb3c84698978d310bf17.jpg,C:\Users\mviei\AppData\Local\Temp\aed_nativa\Placas-de-Transito-BR-1\valid\images\captura_2023-09-28_15-01-28_png.rf.aa493fe09eaefb3c84698978d310bf17.jpg,valid,,,3,"42,53"
captura_2023-09-28_15-01-36_png.rf.aab639674a008a14fec8cef412ad199f.jpg,C:\Users\mviei\AppData\Local\Temp\aed_nativa\Placas-de-Transito-BR-1\valid\images\captura_2023-09-28_15-01-36_png.rf.aab639674a008a14fec8cef412ad199f.jpg,valid,,,0,
captura_2023-09-28_15-01-52_png.rf.7486a1753df50b9bc6ac9fd2bc4f85e7.jpg,C:\Users\mviei\AppData\Local\Temp\aed_nativa\Placas-de-Transito-BR-1\valid\images\captura_2023-09-28_15-01-52_png.rf.7486a1753df50b9bc6ac9fd2bc4f85e7.jpg,valid,,,1,42
captura_2023-09-28_15-02-00_png.rf.bf0c33dab9867133b362444d1afbb744.jpg,C:\Users\mviei\AppData\Local\Temp\aed_nativa\Placas-de-Transito-BR-1\valid\images\captura_2023-09-28_15-02-00_png.rf.bf0c33dab9867133b362444d1afbb744.jpg,valid,,,2,39
captura_2023-09-28_15-02-46_png.rf.9760b068ebafadabf4f31f682e8a22a0.jpg,C:\Users\mviei\AppData\Local\Temp\aed_nativa\Placas-de-Transito-BR-1\valid\images\captura_2023-09-28_15-02-46_png.rf.9760b068ebafadabf4f31f682e8a22a0.jpg,valid,,,1,39
captura_2023-09-28_15-03-16_png.rf.79995c75e29fbac0cddb3ff8c69f741d.jpg,C:\Users\mviei\AppData\Local\Temp\aed_nativa\Placas-de-Transito-BR-1\valid\images\captura_2023-09-28_15-03-16_png.rf.79995c75e29fbac0cddb3ff8c69f741d.jpg,valid,,,1,39
captura_2023-09-28_15-03-40_png.rf.07997c09a59a4068367f7f1f47047575.jpg,C:\Users\mviei\AppData\Local\Temp\aed_nativa\Placas-de-Transito-BR-1\valid\images\captura_2023-09-28_15-03-40_png.rf.07997c09a59a4068367f7f1f47047575.jpg,valid,1253.0,636.0,1,39
captura_2023-09-28_15-03-45_png.rf.bb4f21391600dcb8653221a6c5fe0586.jpg,C:\Users\mviei\AppData\Local\Temp\aed_nativa\Placas-de-Transito-BR-1\valid\images\captura_2023-09-28_15-03-45_png.rf.bb4f21391600dcb8653221a6c5fe0586.jpg,valid,,,1,39
captura_2023-09-28_15-05-03_png.rf.f50fd58ea7f227b2472d2c0fd7aa3886.jpg,C:\Users\mviei\AppData\Local\Temp\aed_nativa\Placas-de-Transito-BR-1\valid\images\captura_2023-09-28_15-05-03_png.rf.f50fd58ea7f227b2472d2c0fd7aa3886.jpg,valid,,,1,46
captura_2023-09-28_15-06-21_png.rf.18cb35c63a24f5cd338621ca119ee245.jpg,C:\Users\mviei\AppData\Local\Temp\aed_nativa\Placas-de-Transito-BR-1\valid\images\captura_2023-09-28_15-06-21_png.rf.18cb35c63a24f5cd338621ca119ee245.jpg,valid,,,1,48
captura_2023-09-28_15-07-11_png.rf.69a3e4e17e7bf1c8fe5a2d1d6d9cffff.jpg,C:\Users\mviei\AppData\Local\Temp\aed_nativa\Placas-de-Transito-BR-1\valid\images\captura_2023-09-28_15-07-11_png.rf.69a3e4e17e7bf1c8fe5a2d1d6d9cffff.jpg,valid,,,1,48
captura_2023-09-28_15-07-24_png.rf.aa2143105a51d542ede8cfeea1ba92d6.jpg,C:\Users\mviei\AppData\Local\Temp\aed_nativa\Placas-de-Transito-BR-1\valid\images\captura_2023-09-28_15-07-24_png.rf.aa2143105a51d542ede8cfeea1ba92d6.jpg,valid,,,1,53
captura_2023-09-28_15-09-25_png.rf.5a83aacec9899a102cbb09bd5c921d93.jpg,C:\Users\mviei\AppData\Local\Temp\aed_nativa\Placas-de-Transito-BR-1\valid\images\captura_2023-09-28_15-09-25_png.rf.5a83aacec9899a102cbb09bd5c921d93.jpg,valid,,,1,39
captura_2023-09-28_15-10-31_png.rf.d0d76bd09a9f7117f58bbc0f984b9d9f.jpg,C:\Users\mviei\AppData\Local\Temp\aed_nativa\Placas-de-Transito-BR-1\valid\images\captura_2023-09-28_15-10-31_png.rf.d0d76bd09a9f7117f58bbc0f984b9d9f.jpg,valid,1253.0,636.0,2,48
captura_2023-09-28_15-11-39_png.rf.2162cb5d22d1a381190d7c7ebaa308f7.jpg,C:\Users\mviei\AppData\Local\Temp\aed_nativa\Placas-de-Transito-BR-1\valid\images\captura_2023-09-28_15-11-39_png.rf.2162cb5d22d1a381190d7c7ebaa308f7.jpg,valid,,,1,48
captura_2023-09-28_15-13-05_png.rf.656e9653d6ac23f11776de37837d4229.jpg,C:\Users\mviei\AppData\Local\Temp\aed_nativa\Placas-de-Transito-BR-1\valid\images\captura_2023-09-28_15-13-05_png.rf.656e9653d6ac23f11776de37837d4229.jpg,valid,,,1,59
captura_2023-09-28_15-14-36_png.rf.bfe6487940ba93ef40f0a3b6ce081172.jpg,C:\Users\mviei\AppData\Local\Temp\aed_nativa\Placas-de-Transito-BR-1\valid\images\captura_2023-09-28_15-14-36_png.rf.bfe6487940ba93ef40f0a3b6ce081172.jpg,valid,,,1,42
captura_2023-09-28_15-20-48_png.rf.07cf90c152c88198583099cda4a7efcc.jpg,C:\Users\mviei\AppData\Local\Temp\aed_nativa\Placas-de-Transito-BR-1\valid\images\captura_2023-09-28_15-20-48_png.rf.07cf90c152c88198583099cda4a7efcc.jpg,valid,,,0,
captura_2023-09-28_15-20-54_png.rf.96b65935d67631b56738e3becf58ee70.jpg,C:\Users\mviei\AppData\Local\Temp\aed_nativa\Placas-de-Transito-BR-1\valid\images\captura_2023-09-28_15-20-54_png.rf.96b65935d67631b56738e3becf58ee70.jpg,valid,,,0,
captura_2023-09-28_15-23-09_png.rf.a2ddac5e55ea39793f86e5f6e2ef11d6.jpg,C:\Users\mviei\AppData\Local\Temp\aed_nativa\Placas-de-Transito-BR-1\valid\images\captura_2023-09-28_15-23-09_png.rf.a2ddac5e55ea39793f86e5f6e2ef11d6.jpg,valid,,,3,42
captura_2023-09-28_15-29-26_png.rf.30d720abc7328acc88af268465809d88.jpg,C:\Users\mviei\AppData\Local\Temp\aed_nativa\Placas-de-Transito-BR-1\valid\images\captura_2023-09-28_15-29-26_png.rf.30d720abc7328acc88af268465809d88.jpg,valid,1270.0,636.0,2,"46,57"
captura_2023-09-28_15-30-04_png.rf.55ffd51fde306681dfed8c64c3424e52.jpg,C:\Users\mviei\AppData\Local\Temp\aed_nativa\Placas-de-Transito-BR-1\valid\images\captura_2023-09-28_15-30-04_png.rf.55ffd51fde306681dfed8c64c3424e52.jpg,valid,,,0,
captura_2023-09-28_15-30-59_png.rf.171470bb87f303c1ad1cb6ef6b1c634c.jpg,C:\Users\mviei\AppData\Local\Temp\aed_nativa\Placas-de-Transito-BR-1\valid\images\captura_2023-09-28_15-30-59_png.rf.171470bb87f303c1ad1cb6ef6b1c634c.jpg,valid,,,0,
captura_2023-09-28_15-32-39_png.rf.963204c5bd2b50d3955b2d0c0a0ebd2f.jpg,C:\Users\mviei\AppData\Local\Temp\aed_nativa\Placas-de-Transito-BR-1\valid\images\captura_2023-09-28_15-32-39_png.rf.963204c5bd2b50d3955b2d0c0a0ebd2f.jpg,valid,,,1,53
captura_2023-09-28_15-32-41_png.rf.6cf5e4e8b281124601f2b801f903fd85.jpg,C:\Users\mviei\AppData\Local\Temp\aed_nativa\Placas-de-Transito-BR-1\valid\images\captura_2023-09-28_15-32-41_png.rf.6cf5e4e8b281124601f2b801f903fd85.jpg,valid,,,1,53
captura_2023-09-28_15-36-51_png.rf.1d852f12987fc81b0effe3d922143934.jpg,C:\Users\mviei\AppData\Local\Temp\aed_nativa\Placas-de-Transito-BR-1\valid\images\captura_2023-09-28_15-36-51_png.rf.1d852f12987fc81b0effe3d922143934.jpg,valid,,,1,19
captura_2023-09-28_15-36-56_png.rf.54db8b8f419e8bee4a2031cd4e6dc365.jpg,C:\Users\mviei\AppData\Local\Temp\aed_nativa\Placas-de-Transito-BR-1\valid\images\captura_2023-09-28_15-36-56_png.rf.54db8b8f419e8bee4a2031cd4e6dc365.jpg,valid,,,1,45
captura_2023-09-28_15-38-35_png.rf.16aa5ca56598dc182c3c334d59aca88f.jpg,C:\Users\mviei\AppData\Local\Temp\aed_nativa\Placas-de-Transito-BR-1\valid\images\captura_2023-09-28_15-38-35_png.rf.16aa5ca56598dc182c3c334d59aca88f.jpg,valid,1270.0,636.0,1,23
captura_2023-09-28_15-39-09_png.rf.71f33a551a50889c9b7973edf11a012d.jpg,C:\Users\mviei\AppData\Local\Temp\aed_nativa\Placas-de-Transito-BR-1\valid\images\captura_2023-09-28_15-39-09_png.rf.71f33a551a50889c9b7973edf11a012d.jpg,valid,,,0,
captura_2023-09-28_15-39-52_png.rf.74c6bdca5df54fb604899598a36f51bf.jpg,C:\Users\mviei\AppData\Local\Temp\aed_nativa\Placas-de-Transito-BR-1\valid\images\captura_2023-09-28_15-39-52_png.rf.74c6bdca5df54fb604899598a36f51bf.jpg,valid,,,0,
captura_2023-09-28_15-40-10_png.rf.641d3704e711142eba186beb967334b7.jpg,C:\Users\mviei\AppData\Local\Temp\aed_nativa\Placas-de-Transito-BR-1\valid\images\captura_2023-09-28_15-40-10_png.rf.641d3704e711142eba186beb967334b7.jpg,valid,,,2,39
captura_2023-09-28_15-40-35_png.rf.15cf70685398e178d097247523c84833.jpg,C:\Users\mviei\AppData\Local\Temp\aed_nativa\Placas-de-Transito-BR-1\valid\images\captura_2023-09-28_15-40-35_png.rf.15cf70685398e178d097247523c84833.jpg,valid,,,1,58
captura_2023-09-28_15-41-02_png.rf.f6803ba24fce6669f2f40796dde70748.jpg,C:\Users\mviei\AppData\Local\Temp\aed_nativa\Placas-de-Transito-BR-1\valid\images\captura_2023-09-28_15-41-02_png.rf.f6803ba24fce6669f2f40796dde70748.jpg,valid,,,1,54
captura_2023-09-28_15-41-20_png.rf.ad584f0595e379767656f51a062c7325.jpg,C:\Users\mviei\AppData\Local\Temp\aed_nativa\Placas-de-Transito-BR-1\valid\images\captura_2023-09-28_15-41-20_png.rf.ad584f0595e379767656f51a062c7325.jpg,valid,,,1,49
captura_2023-09-28_15-41-47_png.rf.f2cf0bf199d4bd8c7b6bcca0edeb78c9.jpg,C:\Users\mviei\AppData\Local\Temp\aed_nativa\Placas-de-Transito-BR-1\valid\images\captura_2023-09-28_15-41-47_png.rf.f2cf0bf199d4bd8c7b6bcca0edeb78c9.jpg,valid,1270.0,636.0,2,39
captura_2023-09-28_15-42-11_png.rf.f775f4f4f32e95c470025accbe6df5b3.jpg,C:\Users\mviei\AppData\Local\Temp\aed_nativa\Placas-de-Transito-BR-1\valid\images\captura_2023-09-28_15-42-11_png.rf.f775f4f4f32e95c470025accbe6df5b3.jpg,valid,,,1,48
captura_2023-09-28_15-42-57_png.rf.922ede51a9e28589caf33f397c65f98f.jpg,C:\Users\mviei\AppData\Local\Temp\aed_nativa\Placas-de-Transito-BR-1\valid\images\captura_2023-09-28_15-42-57_png.rf.922ede51a9e28589caf33f397c65f98f.jpg,valid,,,0,
captura_2023-09-28_15-43-50_png.rf.910e6490c49d04da2e13360a2c354ab5.jpg,C:\Users\mviei\AppData\Local\Temp\aed_nativa\Placas-de-Transito-BR-1\valid\images\captura_2023-09-28_15-43-50_png.rf.910e6490c49d04da2e13360a2c354ab5.jpg,valid,,,1,20
captura_2023-09-28_15-45-32_png.rf.33f2d3bfa150f3464b80335f1786c9e4.jpg,C:\Users\mviei\AppData\Local\Temp\aed_nativa\Placas-de-Transito-BR-1\valid\images\captura_2023-09-28_15-45-32_png.rf.33f2d3bfa150f3464b80335f1786c9e4.jpg,valid,,,1,49
captura_2023-09-28_15-45-48_png.rf.517f4bcea2e37e9049483bfc5fc62bae.jpg,C:\Users\mviei\AppData\Local\Temp\aed_nativa\Placas-de-Transito-BR-1\valid\images\captura_2023-09-28_15-45-48_png.rf.517f4bcea2e37e9049483bfc5fc62bae.jpg,valid,,,0,
captura_2023-09-28_15-46-07_png.rf.51277393a6885d83ee8d8abe2c053200.jpg,C:\Users\mviei\AppData\Local\Temp\aed_nativa\Placas-de-Transito-BR-1\valid\images\captura_2023-09-28_15-46-07_png.rf.51277393a6885d83ee8d8abe2c053200.jpg,valid,,,1,48
captura_2023-09-28_15-46-12_png.rf.156c15f2eaa974106ad73a790f466755.jpg,C:\Users\mviei\AppData\Local\Temp\aed_nativa\Placas-de-Transito-BR-1\valid\images\captura_2023-09-28_15-46-12_png.rf.156c15f2eaa974106ad73a790f466755.jpg,valid,1270.0,636.0,0,
captura_2023-09-28_15-46-23_png.rf.19cf0006132b659280a5f073420bfc72.jpg,C:\Users\mviei\AppData\Local\Temp\aed_nativa\Placas-de-Transito-BR-1\valid\images\captura_2023-09-28_15-46-23_png.rf.19cf0006132b659280a5f073420bfc72.jpg,valid,,,1,48
captura_2023-09-28_15-46-52_png.rf.a01de0a18bf321ad37d27a1a6cfddc00.jpg,C:\Users\mviei\AppData\Local\Temp\aed_nativa\Placas-de-Transito-BR-1\valid\images\captura_2023-09-28_15-46-52_png.rf.a01de0a18bf321ad37d27a1a6cfddc00.jpg,valid,,,1,51
captura_2023-09-28_15-47-00_png.rf.da0d6628b915ed175228289c97131822.jpg,C:\Users\mviei\AppData\Local\Temp\aed_nativa\Placas-de-Transito-BR-1\valid\images\captura_2023-09-28_15-47-00_png.rf.da0d6628b915ed175228289c97131822.jpg,valid,,,1,48
captura_2023-09-28_15-47-24_png.rf.af27d575721a7b6cb0862c7350e24dff.jpg,C:\Users\mviei\AppData\Local\Temp\aed_nativa\Placas-de-Transito-BR-1\valid\images\captura_2023-09-28_15-47-24_png.rf.af27d575721a7b6cb0862c7350e24dff.jpg,valid,,,0,
captura_2023-09-28_15-47-27_png.rf.75fb6c022ba193716899325fd7ae969d.jpg,C:\Users\mviei\AppData\Local\Temp\aed_nativa\Placas-de-Transito-BR-1\valid\images\captura_2023-09-28_15-47-27_png.rf.75fb6c022ba193716899325fd7ae969d.jpg,valid,,,1,63
captura_2023-09-28_15-47-42_png.rf.67bf28a032b2e066fc8477b25a439c45.jpg,C:\Users\mviei\AppData\Local\Temp\aed_nativa\Placas-de-Transito-BR-1\valid\images\captura_2023-09-28_15-47-42_png.rf.67bf28a032b2e066fc8477b25a439c45.jpg,valid,,,1,40
captura_2023-09-28_15-47-53_png.rf.f1256e7e80825c1c9801f05a5ab0a5c4.jpg,C:\Users\mviei\AppData\Local\Temp\aed_nativa\Placas-de-Transito-BR-1\valid\images\captura_2023-09-28_15-47-53_png.rf.f1256e7e80825c1c9801f05a5ab0a5c4.jpg,valid,1270.0,636.0,0,
captura_2023-09-28_15-47-58_png.rf.0c245ace73c19898b0588ca4577b4e62.jpg,C:\Users\mviei\AppData\Local\Temp\aed_nativa\Placas-de-Transito-BR-1\valid\images\captura_2023-09-28_15-47-58_png.rf.0c245ace73c19898b0588ca4577b4e62.jpg,valid,,,0,
captura_2023-09-28_15-48-28_png.rf.e316133bc978d67c5d5729a4635158a6.jpg,C:\Users\mviei\AppData\Local\Temp\aed_nativa\Placas-de-Transito-BR-1\valid\images\captura_2023-09-28_15-48-28_png.rf.e316133bc978d67c5d5729a4635158a6.jpg,valid,,,1,63
captura_2023-09-28_15-48-33_png.rf.3a4c1667ab1b39bacbce17ee7c04e67c.jpg,C:\Users\mviei\AppData\Local\Temp\aed_nativa\Placas-de-Transito-BR-1\valid\images\captura_2023-09-28_15-48-33_png.rf.3a4c1667ab1b39bacbce17ee7c04e67c.jpg,valid,,,1,40
captura_2023-09-28_15-48-44_png.rf.c5b224b43e4a5474375a2bcb6fb1bf03.jpg,C:\Users\mviei\AppData\Local\Temp\aed_nativa\Placas-de-Transito-BR-1\valid\images\captura_2023-09-28_15-48-44_png.rf.c5b224b43e4a5474375a2bcb6fb1bf03.jpg,valid,,,1,40
captura_2023-09-28_15-48-49_png.rf.7b748b5660f8637fa591165e63df08ab.jpg,C:\Users\mviei\AppData\Local\Temp\aed_nativa\Placas-de-Transito-BR-1\valid\images\captura_2023-09-28_15-48-49_png.rf.7b748b5660f8637fa591165e63df08ab.jpg,valid,,,0,
captura_2023-09-28_15-49-08_png.rf.ace0dd6f541617da9384833c7928dfb2.jpg,C:\Users\mviei\AppData\Local\Temp\aed_nativa\Placas-de-Transito-BR-1\valid\images\captura_2023-09-28_15-49-08_png.rf.ace0dd6f541617da9384833c7928dfb2.jpg,valid,,,3,39
captura_2023-09-28_15-49-21_png.rf.b6ea7b9c5747e9b1dce49fe66b1b9662.jpg,C:\Users\mviei\AppData\Local\Temp\aed_nativa\Placas-de-Transito-BR-1\valid\images\captura_2023-09-28_15-49-21_png.rf.b6ea7b9c5747e9b1dce49fe66b1b9662.jpg,valid,1270.0,636.0,1,40
captura_2023-09-28_15-49-26_png.rf.00b7bfe2537a525885ff6564ad52a60e.jpg,C:\Users\mviei\AppData\Local\Temp\aed_nativa\Placas-de-Transito-BR-1\valid\images\captura_2023-09-28_15-49-26_png.rf.00b7bfe2537a525885ff6564ad52a60e.jpg,valid,,,0,
captura_2023-09-28_15-50-11_png.rf.1e3e8f7b3f4fefeb4b655d44619139db.jpg,C:\Users\mviei\AppData\Local\Temp\aed_nativa\Placas-de-Transito-BR-1\valid\images\captura_2023-09-28_15-50-11_png.rf.1e3e8f7b3f4fefeb4b655d44619139db.jpg,valid,,,0,
captura_2023-09-28_15-52-24_png.rf.5db9f52cb2bffa395bb229a83d678820.jpg,C:\Users\mviei\AppData\Local\Temp\aed_nativa\Placas-de-Transito-BR-1\valid\images\captura_2023-09-28_15-52-24_png.rf.5db9f52cb2bffa395bb229a83d678820.jpg,valid,,,1,39
captura_2023-09-28_15-53-17_png.rf.c84515e671880dca7733663b352b105b.jpg,C:\Users\mviei\AppData\Local\Temp\aed_nativa\Placas-de-Transito-BR-1\valid\images\captura_2023-09-28_15-53-17_png.rf.c84515e671880dca7733663b352b105b.jpg,valid,,,1,9
captura_2023-09-28_15-53-51_png.rf.1e957829edef7e9e76a7760034f13c95.jpg,C:\Users\mviei\AppData\Local\Temp\aed_nativa\Placas-de-Transito-BR-1\valid\images\captura_2023-09-28_15-53-51_png.rf.1e957829edef7e9e76a7760034f13c95.jpg,valid,,,1,39
captura_2023-09-28_15-54-57_png.rf.c64c1b34928cb39eee5e65c4e1db4012.jpg,C:\Users\mviei\AppData\Local\Temp\aed_nativa\Placas-de-Transito-BR-1\valid\images\captura_2023-09-28_15-54-57_png.rf.c64c1b34928cb39eee5e65c4e1db4012.jpg,valid,,,1,65
captura_2023-09-28_15-57-01_png.rf.9628679cec849169ab0022e26b27559b.jpg,C:\Users\mviei\AppData\Local\Temp\aed_nativa\Placas-de-Transito-BR-1\valid\images\captura_2023-09-28_15-57-01_png.rf.9628679cec849169ab0022e26b27559b.jpg,valid,1270.0,636.0,1,17
captura_2023-09-28_15-58-02_png.rf.b83022c1638c617a0e2c91e5ac18c2ba.jpg,C:\Users\mviei\AppData\Local\Temp\aed_nativa\Placas-de-Transito-BR-1\valid\images\captura_2023-09-28_15-58-02_png.rf.b83022c1638c617a0e2c91e5ac18c2ba.jpg,valid,,,1,39
captura_2023-09-28_15-59-43_png.rf.250232031ba09100eb60bada65e70f64.jpg,C:\Users\mviei\AppData\Local\Temp\aed_nativa\Placas-de-Transito-BR-1\valid\images\captura_2023-09-28_15-59-43_png.rf.250232031ba09100eb60bada65e70f64.jpg,valid,,,1,12
captura_2023-09-28_16-00-31_png.rf.af965428499081194aeaa669a4ba7742.jpg,C:\Users\mviei\AppData\Local\Temp\aed_nativa\Placas-de-Transito-BR-1\valid\images\captura_2023-09-28_16-00-31_png.rf.af965428499081194aeaa669a4ba7742.jpg,valid,,,1,8
captura_2023-09-28_16-03-25_png.rf.14f21aafc9a4b14284bbb6e47b92957a.jpg,C:\Users\mviei\AppData\Local\Temp\aed_nativa\Placas-de-Transito-BR-1\valid\images\captura_2023-09-28_16-03-25_png.rf.14f21aafc9a4b14284bbb6e47b92957a.jpg,valid,,,0,
captura_2023-09-28_16-03-33_png.rf.deb6bc6d42d28d22381ea7354c698aa6.jpg,C:\Users\mviei\AppData\Local\Temp\aed_nativa\Placas-de-Transito-BR-1\valid\images\captura_2023-09-28_16-03-33_png.rf.deb6bc6d42d28d22381ea7354c698aa6.jpg,valid,,,4,"35,39"
captura_2023-09-28_16-04-20_png.rf.debc365e70b88a587a162fb9ac4d0259.jpg,C:\Users\mviei\AppData\Local\Temp\aed_nativa\Placas-de-Transito-BR-1\valid\images\captura_2023-09-28_16-04-20_png.rf.debc365e70b88a587a162fb9ac4d0259.jpg,valid,,,1,23
captura_2023-09-28_16-05-40_png.rf.134ad0779c66512a437b9bf2dba369c2.jpg,C:\Users\mviei\AppData\Local\Temp\aed_nativa\Placas-de-Transito-BR-1\valid\images\captura_2023-09-28_16-05-40_png.rf.134ad0779c66512a437b9bf2dba369c2.jpg,valid,1270.0,636.0,1,14
captura_2023-09-28_16-05-53_png.rf.4835c4614df47793b6b6984d5397c29a.jpg,C:\Users\mviei\AppData\Local\Temp\aed_nativa\Placas-de-Transito-BR-1\valid\images\captura_2023-09-28_16-05-53_png.rf.4835c4614df47793b6b6984d5397c29a.jpg,valid,,,1,20
captura_2023-09-28_16-06-09_png.rf.16bdfe9d612955ffa3a0ab1b9b69eb14.jpg,C:\Users\mviei\AppData\Local\Temp\aed_nativa\Placas-de-Transito-BR-1\valid\images\captura_2023-09-28_16-06-09_png.rf.16bdfe9d612955ffa3a0ab1b9b69eb14.jpg,valid,,,2,39
captura_2023-09-28_16-06-14_png.rf.8f903bc8d5562f08d44c9e97f643cc22.jpg,C:\Users\mviei\AppData\Local\Temp\aed_nativa\Placas-de-Transito-BR-1\valid\images\captura_2023-09-28_16-06-14_png.rf.8f903bc8d5562f08d44c9e97f643cc22.jpg,valid,,,3,"39,40"
captura_2023-09-28_16-06-19_png.rf.c791539a91e21d337a062fc3da2cc29f.jpg,C:\Users\mviei\AppData\Local\Temp\aed_nativa\Placas-de-Transito-BR-1\valid\images\captura_2023-09-28_16-06-19_png.rf.c791539a91e21d337a062fc3da2cc29f.jpg,valid,,,0,
captura_2023-09-28_16-06-30_png.rf.6178820a536b275dc20f791eebf60682.jpg,C:\Users\mviei\AppData\Local\Temp\aed_nativa\Placas-de-Transito-BR-1\valid\images\captura_2023-09-28_16-06-30_png.rf.6178820a536b275dc20f791eebf60682.jpg,valid,,,1,12
captura_2023-09-28_16-07-31_png.rf.4b77f7d8c8780c79f84695440f665bb8.jpg,C:\Users\mviei\AppData\Local\Temp\aed_nativa\Placas-de-Transito-BR-1\valid\images\captura_2023-09-28_16-07-31_png.rf.4b77f7d8c8780c79f84695440f665bb8.jpg,valid,,,1,45
captura_2023-09-28_16-07-36_png.rf.61879c64cc20b49ab6a1e4858c437d91.jpg,C:\Users\mviei\AppData\Local\Temp\aed_nativa\Placas-de-Transito-BR-1\valid\images\captura_2023-09-28_16-07-36_png.rf.61879c64cc20b49ab6a1e4858c437d91.jpg,valid,1270.0,636.0,0,
captura_2023-09-28_16-08-53_png.rf.4d72a49bafdf79ad15b0d48cdd085b9c.jpg,C:\Users\mviei\AppData\Local\Temp\aed_nativa\Placas-de-Transito-BR-1\valid\images\captura_2023-09-28_16-08-53_png.rf.4d72a49bafdf79ad15b0d48cdd085b9c.jpg,valid,,,1,8
captura_2023-09-28_16-10-10_png.rf.e947fc2e06ee85492d97538eeec7513c.jpg,C:\Users\mviei\AppData\Local\Temp\aed_nativa\Placas-de-Transito-BR-1\valid\images\captura_2023-09-28_16-10-10_png.rf.e947fc2e06ee85492d97538eeec7513c.jpg,valid,,,1,42
captura_2023-09-29_15-43-29_png.rf.c45830ba8b38c57852ee9a9ef6d16c2d.jpg,C:\Users\mviei\AppData\Local\Temp\aed_nativa\Placas-de-Transito-BR-1\valid\images\captura_2023-09-29_15-43-29_png.rf.c45830ba8b38c57852ee9a9ef6d16c2d.jpg,valid,,,0,
captura_2023-09-29_15-43-35_png.rf.711e42d28421a6350a66d0783f581c24.jpg,C:\Users\mviei\AppData\Local\Temp\aed_nativa\Placas-de-Transito-BR-1\valid\images\captura_2023-09-29_15-43-35_png.rf.711e42d28421a6350a66d0783f581c24.jpg,valid,,,1,20
captura_2023-09-29_15-43-47_png.rf.fe60c54dc06ec23924694d2393a126ba.jpg,C:\Users\mviei\AppData\Local\Temp\aed_nativa\Placas-de-Transito-BR-1\valid\images\captura_2023-09-29_15-43-47_png.rf.fe60c54dc06ec23924694d2393a126ba.jpg,valid,,,0,
captura_2023-09-29_15-43-54_png.rf.22a9cb8c610551666f1af1d5689814b7.jpg,C:\Users\mviei\AppData\Local\Temp\aed_nativa\Placas-de-Transito-BR-1\valid\images\captura_2023-09-29_15-43-54_png.rf.22a9cb8c610551666f1af1d5689814b7.jpg,valid,,,0,
captura_2023-09-29_15-44-01_png.rf.0804c0bfdf012c83edb1dab2a7b5beaf.jpg,C:\Users\mviei\AppData\Local\Temp\aed_nativa\Placas-de-Transito-BR-1\valid\images\captura_2023-09-29_15-44-01_png.rf.0804c0bfdf012c83edb1dab2a7b5beaf.jpg,valid,1270.0,636.0,1,42
captura_2023-09-29_15-44-06_png.rf.3496e11d6125d0ef739da32d05e02219.jpg,C:\Users\mviei\AppData\Local\Temp\aed_nativa\Placas-de-Transito-BR-1\valid\images\captura_2023-09-29_15-44-06_png.rf.3496e11d6125d0ef739da32d05e02219.jpg,valid,,,0,
captura_2023-09-29_15-44-20_png.rf.09a83d5a5f8342621307005f509e7ca5.jpg,C:\Users\mviei\AppData\Local\Temp\aed_nativa\Placas-de-Transito-BR-1\valid\images\captura_2023-09-29_15-44-20_png.rf.09a83d5a5f8342621307005f509e7ca5.jpg,valid,,,0,
captura_2023-09-29_15-44-21_png.rf.df90376c970f157659717087d01cb1b9.jpg,C:\Users\mviei\AppData\Local\Temp\aed_nativa\Placas-de-Transito-BR-1\valid\images\captura_2023-09-29_15-44-21_png.rf.df90376c970f157659717087d01cb1b9.jpg,valid,,,1,42
captura_2023-09-29_15-44-30_png.rf.c0f10285a6cc29f4d5d351c0e50e5546.jpg,C:\Users\mviei\AppData\Local\Temp\aed_nativa\Placas-de-Transito-BR-1\valid\images\captura_2023-09-29_15-44-30_png.rf.c0f10285a6cc29f4d5d351c0e50e5546.jpg,valid,,,0,
captura_2023-09-29_15-44-32_png.rf.fb461dfd8ed886b33c6cddf68c79af70.jpg,C:\Users\mviei\AppData\Local\Temp\aed_nativa\Placas-de-Transito-BR-1\valid\images\captura_2023-09-29_15-44-32_png.rf.fb461dfd8ed886b33c6cddf68c79af70.jpg,valid,,,0,
captura_2023-09-29_15-44-35_png.rf.f79af38b06021c5ae1b1a4d808f3e166.jpg,C:\Users\mviei\AppData\Local\Temp\aed_nativa\Placas-de-Transito-BR-1\valid\images\captura_2023-09-29_15-44-35_png.rf.f79af38b06021c5ae1b1a4d808f3e166.jpg,valid,,,0,
captura_2023-09-29_15-44-41_png.rf.4ca00fdaa519495740bddb3f0e83b47b.jpg,C:\Users\mviei\AppData\Local\Temp\aed_nativa\Placas-de-Transito-BR-1\valid\images\captura_2023-09-29_15-44-41_png.rf.4ca00fdaa519495740bddb3f0e83b47b.jpg,valid,1270.0,636.0,0,
captura_2023-09-29_15-44-46_png.rf.7abebc1b3769899584d82ef86aa6dc46.jpg,C:\Users\mviei\AppData\Local\Temp\aed_nativa\Placas-de-Transito-BR-1\valid\images\captura_2023-09-29_15-44-46_png.rf.7abebc1b3769899584d82ef86aa6dc46.jpg,valid,,,2,42
captura_2023-09-29_15-44-48_png.rf.edbe8889812373d36feacc48308b965c.jpg,C:\Users\mviei\AppData\Local\Temp\aed_nativa\Placas-de-Transito-BR-1\valid\images\captura_2023-09-29_15-44-48_png.rf.edbe8889812373d36feacc48308b965c.jpg,valid,,,1,42
captura_2023-09-29_15-44-53_png.rf.b1749d630f52e72ef8adad97aec8ec49.jpg,C:\Users\mviei\AppData\Local\Temp\aed_nativa\Placas-de-Transito-BR-1\valid\images\captura_2023-09-29_15-44-53_png.rf.b1749d630f52e72ef8adad97aec8ec49.jpg,valid,,,0,
captura_2023-09-29_15-45-00_png.rf.8c6124fba22f8d38dca3c189f821061f.jpg,C:\Users\mviei\AppData\Local\Temp\aed_nativa\Placas-de-Transito-BR-1\valid\images\captura_2023-09-29_15-45-00_png.rf.8c6124fba22f8d38dca3c189f821061f.jpg,valid,,,1,20
captura_2023-09-29_15-45-14_png.rf.170e75b7edeead922ce83b5580d778ef.jpg,C:\Users\mviei\AppData\Local\Temp\aed_nativa\Placas-de-Transito-BR-1\valid\images\captura_2023-09-29_15-45-14_png.rf.170e75b7edeead922ce83b5580d778ef.jpg,valid,,,1,66
captura_2023-09-29_15-45-40_png.rf.42fce4de250f382dda9900f72faea1d0.jpg,C:\Users\mviei\AppData\Local\Temp\aed_nativa\Placas-de-Transito-BR-1\valid\images\captura_2023-09-29_15-45-40_png.rf.42fce4de250f382dda9900f72faea1d0.jpg,valid,,,3,"43,46"
captura_2023-09-29_15-45-55_png.rf.dd963cbed01748fbd1e8af3cea1b5a5a.jpg,C:\Users\mviei\AppData\Local\Temp\aed_nativa\Placas-de-Transito-BR-1\valid\images\captura_2023-09-29_15-45-55_png.rf.dd963cbed01748fbd1e8af3cea1b5a5a.jpg,valid,1270.0,636.0,2,46
captura_2023-09-29_15-46-03_png.rf.a3cadaff65288ac2f4cb183277e3c40b.jpg,C:\Users\mviei\AppData\Local\Temp\aed_nativa\Placas-de-Transito-BR-1\valid\images\captura_2023-09-29_15-46-03_png.rf.a3cadaff65288ac2f4cb183277e3c40b.jpg,valid,,,1,43
captura_2023-09-29_15-46-22_png.rf.e3d6381f130d7308699def754ad8b6e9.jpg,C:\Users\mviei\AppData\Local\Temp\aed_nativa\Placas-de-Transito-BR-1\valid\images\captura_2023-09-29_15-46-22_png.rf.e3d6381f130d7308699def754ad8b6e9.jpg,valid,,,1,40
captura_2023-09-29_15-47-01_png.rf.c5ef0b29e942d07f3dfbd154e5a98f82.jpg,C:\Users\mviei\AppData\Local\Temp\aed_nativa\Placas-de-Transito-BR-1\valid\images\captura_2023-09-29_15-47-01_png.rf.c5ef0b29e942d07f3dfbd154e5a98f82.jpg,valid,,,1,27
captura_2023-09-29_15-47-09_png.rf.d099296effb38aa0cff61e30ecfec0ab.jpg,C:\Users\mviei\AppData\Local\Temp\aed_nativa\Placas-de-Transito-BR-1\valid\images\captura_2023-09-29_15-47-09_png.rf.d099296effb38aa0cff61e30ecfec0ab.jpg,valid,,,1,20
captura_2023-09-29_15-47-11_png.rf.e6caeea3a420e5a3b1d44c58933bc41e.jpg,C:\Users\mviei\AppData\Local\Temp\aed_nativa\Placas-de-Transito-BR-1\valid\images\captura_2023-09-29_15-47-11_png.rf.e6caeea3a420e5a3b1d44c58933bc41e.jpg,valid,,,2,"39,42"
captura_2023-09-29_15-47-20_png.rf.b307cf90a7ae01c79d7a5c9f0a24abf8.jpg,C:\Users\mviei\AppData\Local\Temp\aed_nativa\Placas-de-Transito-BR-1\valid\images\captura_2023-09-29_15-47-20_png.rf.b307cf90a7ae01c79d7a5c9f0a24abf8.jpg,valid,,,2,39
captura_2023-09-29_15-47-23_png.rf.b3f32f83743cd7df192f1e40ea279e4a.jpg,C:\Users\mviei\AppData\Local\Temp\aed_nativa\Placas-de-Transito-BR-1\valid\images\captura_2023-09-29_15-47-23_png.rf.b3f32f83743cd7df192f1e40ea279e4a.jpg,valid,1270.0,636.0,1,39
captura_2023-09-29_15-47-28_png.rf.4d7b4dd2deb04e3ac4b3410b01878074.jpg,C:\Users\mviei\AppData\Local\Temp\aed_nativa\Placas-de-Transito-BR-1\valid\images\captura_2023-09-29_15-47-28_png.rf.4d7b4dd2deb04e3ac4b3410b01878074.jpg,valid,,,1,39
captura_2023-09-29_15-47-48_png.rf.6b89fd0a1bd806e676588cd7aaa562b0.jpg,C:\Users\mviei\AppData\Local\Temp\aed_nativa\Placas-de-Transito-BR-1\valid\images\captura_2023-09-29_15-47-48_png.rf.6b89fd0a1bd806e676588cd7aaa562b0.jpg,valid,,,2,39
captura_2023-09-29_15-47-49_png.rf.749bec44089c06c1b0dda24f552647ea.jpg,C:\Users\mviei\AppData\Local\Temp\aed_nativa\Placas-de-Transito-BR-1\valid\images\captura_2023-09-29_15-47-49_png.rf.749bec44089c06c1b0dda24f552647ea.jpg,valid,,,1,39
captura_2023-09-29_15-48-28_png.rf.03c94f158a19893e28fae3a5d9da2bfd.jpg,C:\Users\mviei\AppData\Local\Temp\aed_nativa\Placas-de-Transito-BR-1\valid\images\captura_2023-09-29_15-48-28_png.rf.03c94f158a19893e28fae3a5d9da2bfd.jpg,valid,,,1,19
captura_2023-09-29_15-49-05_png.rf.86a39809be9f9fe2514c695d82dfb96e.jpg,C:\Users\mviei\AppData\Local\Temp\aed_nativa\Placas-de-Transito-BR-1\valid\images\captura_2023-09-29_15-49-05_png.rf.86a39809be9f9fe2514c695d82dfb96e.jpg,valid,,,0,
captura_2023-09-29_15-49-14_png.rf.6c02c3f40dbf87e12531b8fd0a27234e.jpg,C:\Users\mviei\AppData\Local\Temp\aed_nativa\Placas-de-Transito-BR-1\valid\images\captura_2023-09-29_15-49-14_png.rf.6c02c3f40dbf87e12531b8fd0a27234e.jpg,valid,,,1,22
captura_2023-09-29_15-50-10_png.rf.e0c1f05295ef2f00fc6fbff8697c02fb.jpg,C:\Users\mviei\AppData\Local\Temp\aed_nativa\Placas-de-Transito-BR-1\valid\images\captura_2023-09-29_15-50-10_png.rf.e0c1f05295ef2f00fc6fbff8697c02fb.jpg,valid,1270.0,636.0,1,63
captura_2023-09-29_15-50-52_png.rf.9ccdd4a7dabf1a18ee34fc86c65b8a16.jpg,C:\Users\mviei\AppData\Local\Temp\aed_nativa\Placas-de-Transito-BR-1\valid\images\captura_2023-09-29_15-50-52_png.rf.9ccdd4a7dabf1a18ee34fc86c65b8a16.jpg,valid,,,1,20
captura_2023-09-29_15-51-22_png.rf.621a2144f34ee74a76abcb479c17e38f.jpg,C:\Users\mviei\AppData\Local\Temp\aed_nativa\Placas-de-Transito-BR-1\valid\images\captura_2023-09-29_15-51-22_png.rf.621a2144f34ee74a76abcb479c17e38f.jpg,valid,,,1,39
captura_2023-09-29_15-51-27_png.rf.9bdd7a188092d58acadf0e99afce0d73.jpg,C:\Users\mviei\AppData\Local\Temp\aed_nativa\Placas-de-Transito-BR-1\valid\images\captura_2023-09-29_15-51-27_png.rf.9bdd7a188092d58acadf0e99afce0d73.jpg,valid,,,1,20
captura_2023-09-29_15-51-42_png.rf.a18750a5dfd2d0f9c5aa661317fde4e3.jpg,C:\Users\mviei\AppData\Local\Temp\aed_nativa\Placas-de-Transito-BR-1\valid\images\captura_2023-09-29_15-51-42_png.rf.a18750a5dfd2d0f9c5aa661317fde4e3.jpg,valid,,,2,39
captura_2023-09-29_15-51-47_png.rf.22e42440e92df5dc15cf83d4bb808527.jpg,C:\Users\mviei\AppData\Local\Temp\aed_nativa\Placas-de-Transito-BR-1\valid\images\captura_2023-09-29_15-51-47_png.rf.22e42440e92df5dc15cf83d4bb808527.jpg,valid,,,1,37
captura_2023-09-29_15-52-52_png.rf.ac0cf4c13d86595c6a13da1624cfdb60.jpg,C:\Users\mviei\AppData\Local\Temp\aed_nativa\Placas-de-Transito-BR-1\valid\images\captura_2023-09-29_15-52-52_png.rf.ac0cf4c13d86595c6a13da1624cfdb60.jpg,valid,,,1,35
captura_2023-09-29_15-52-53_png.rf.7dd40aa277e3259101243de3fd18c80c.jpg,C:\Users\mviei\AppData\Local\Temp\aed_nativa\Placas-de-Transito-BR-1\valid\images\captura_2023-09-29_15-52-53_png.rf.7dd40aa277e3259101243de3fd18c80c.jpg,valid,1270.0,636.0,1,26
captura_2023-09-29_15-53-03_png.rf.4530450d1d13af8f2dfd41576fca3946.jpg,C:\Users\mviei\AppData\Local\Temp\aed_nativa\Placas-de-Transito-BR-1\valid\images\captura_2023-09-29_15-53-03_png.rf.4530450d1d13af8f2dfd41576fca3946.jpg,valid,,,1,39
captura_2023-09-29_15-53-07_png.rf.296ad12cdb4e703fbe0d3f0c81ad7671.jpg,C:\Users\mviei\AppData\Local\Temp\aed_nativa\Placas-de-Transito-BR-1\valid\images\captura_2023-09-29_15-53-07_png.rf.296ad12cdb4e703fbe0d3f0c81ad7671.jpg,valid,,,2,39
captura_2023-09-29_15-53-33_png.rf.195a01de27553497ec9ecb2ba8976867.jpg,C:\Users\mviei\AppData\Local\Temp\aed_nativa\Placas-de-Transito-BR-1\valid\images\captura_2023-09-29_15-53-33_png.rf.195a01de27553497ec9ecb2ba8976867.jpg,valid,,,1,9
captura_2023-09-29_15-54-15_png.rf.d08740671c483e938d3053aff582aa2d.jpg,C:\Users\mviei\AppData\Local\Temp\aed_nativa\Placas-de-Transito-BR-1\valid\images\captura_2023-09-29_15-54-15_png.rf.d08740671c483e938d3053aff582aa2d.jpg,valid,,,1,65
captura_2023-09-29_15-54-35_png.rf.52be719e6fd85eb9ff955cfaf2049e77.jpg,C:\Users\mviei\AppData\Local\Temp\aed_nativa\Placas-de-Transito-BR-1\valid\images\captura_2023-09-29_15-54-35_png.rf.52be719e6fd85eb9ff955cfaf2049e77.jpg,valid,,,1,40
captura_2023-09-29_15-55-03_png.rf.b6e86ed3241b79005b832663c259f0a4.jpg,C:\Users\mviei\AppData\Local\Temp\aed_nativa\Placas-de-Transito-BR-1\valid\images\captura_2023-09-29_15-55-03_png.rf.b6e86ed3241b79005b832663c259f0a4.jpg,valid,,,1,39
captura_2023-09-29_15-55-11_png.rf.4a9c713b2a51a39acabd4e5aea794c7c.jpg,C:\Users\mviei\AppData\Local\Temp\aed_nativa\Placas-de-Transito-BR-1\valid\images\captura_2023-09-29_15-55-11_png.rf.4a9c713b2a51a39acabd4e5aea794c7c.jpg,valid,1270.0,636.0,1,39
captura_2023-09-29_15-56-08_png.rf.aa4e2c1294ea0f07c11a951e6ef2ca00.jpg,C:\Users\mviei\AppData\Local\Temp\aed_nativa\Placas-de-Transito-BR-1\valid\images\captura_2023-09-29_15-56-08_png.rf.aa4e2c1294ea0f07c11a951e6ef2ca00.jpg,valid,,,1,30
captura_2023-09-29_15-58-27_png.rf.e46024093d90c13b0b2f63f40a15b4c9.jpg,C:\Users\mviei\AppData\Local\Temp\aed_nativa\Placas-de-Transito-BR-1\valid\images\captura_2023-09-29_15-58-27_png.rf.e46024093d90c13b0b2f63f40a15b4c9.jpg,valid,,,1,39
captura_2023-09-29_15-58-38_png.rf.34b9015ac40d067a367cb3cdbb9b2ee5.jpg,C:\Users\mviei\AppData\Local\Temp\aed_nativa\Placas-de-Transito-BR-1\valid\images\captura_2023-09-29_15-58-38_png.rf.34b9015ac40d067a367cb3cdbb9b2ee5.jpg,valid,,,1,39
captura_2023-09-29_15-58-46_png.rf.329a1786b0d8c958f3f84dc6d6092a58.jpg,C:\Users\mviei\AppData\Local\Temp\aed_nativa\Placas-de-Transito-BR-1\valid\images\captura_2023-09-29_15-58-46_png.rf.329a1786b0d8c958f3f84dc6d6092a58.jpg,valid,,,1,40
captura_2023-09-29_15-58-53_png.rf.1d0b3b6982423e3c9d4b9cee9348574a.jpg,C:\Users\mviei\AppData\Local\Temp\aed_nativa\Placas-de-Transito-BR-1\valid\images\captura_2023-09-29_15-58-53_png.rf.1d0b3b6982423e3c9d4b9cee9348574a.jpg,valid,,,0,
captura_2023-09-29_16-00-37_png.rf.5fd833f54f28d49efac1980cf9ebc079.jpg,C:\Users\mviei\AppData\Local\Temp\aed_nativa\Placas-de-Transito-BR-1\valid\images\captura_2023-09-29_16-00-37_png.rf.5fd833f54f28d49efac1980cf9ebc079.jpg,valid,,,1,48
captura_2023-09-29_16-01-06_png.rf.c8eb6bcb2c095435c48f7056df3a3037.jpg,C:\Users\mviei\AppData\Local\Temp\aed_nativa\Placas-de-Transito-BR-1\valid\images\captura_2023-09-29_16-01-06_png.rf.c8eb6bcb2c095435c48f7056df3a3037.jpg,valid,1270.0,636.0,1,48
captura_2023-09-29_16-02-00_png.rf.596ca4e1f61c8ae302cf07a7a365cc09.jpg,C:\Users\mviei\AppData\Local\Temp\aed_nativa\Placas-de-Transito-BR-1\valid\images\captura_2023-09-29_16-02-00_png.rf.596ca4e1f61c8ae302cf07a7a365cc09.jpg,valid,,,1,19
captura_2023-09-29_16-03-25_png.rf.58d3450062de10f14c4f6e38b74ca8a5.jpg,C:\Users\mviei\AppData\Local\Temp\aed_nativa\Placas-de-Transito-BR-1\valid\images\captura_2023-09-29_16-03-25_png.rf.58d3450062de10f14c4f6e38b74ca8a5.jpg,valid,,,2,"39,48"
captura_2023-09-29_16-03-47_png.rf.2f9419321d2363adb998387fad453d9b.jpg,C:\Users\mviei\AppData\Local\Temp\aed_nativa\Placas-de-Transito-BR-1\valid\images\captura_2023-09-29_16-03-47_png.rf.2f9419321d2363adb998387fad453d9b.jpg,valid,,,1,63
captura_2023-09-29_16-04-45_png.rf.e6484fe91f957a7fde6bc91537d7e968.jpg,C:\Users\mviei\AppData\Local\Temp\aed_nativa\Placas-de-Transito-BR-1\valid\images\captura_2023-09-29_16-04-45_png.rf.e6484fe91f957a7fde6bc91537d7e968.jpg,valid,,,1,65
captura_2023-09-29_16-05-06_png.rf.98a9de06e854a3fcee54329b7c30b26a.jpg,C:\Users\mviei\AppData\Local\Temp\aed_nativa\Placas-de-Transito-BR-1\valid\images\captura_2023-09-29_16-05-06_png.rf.98a9de06e854a3fcee54329b7c30b26a.jpg,valid,,,0,
captura_2023-09-29_16-05-08_png.rf.ed6a7580e4fc8c7b0b0f84b89fc6f08f.jpg,C:\Users\mviei\AppData\Local\Temp\aed_nativa\Placas-de-Transito-BR-1\valid\images\captura_2023-09-29_16-05-08_png.rf.ed6a7580e4fc8c7b0b0f84b89fc6f08f.jpg,valid,,,1,8
captura_2023-09-29_16-05-19_png.rf.ad49097240c9a75d9cc6d4cea97e29bf.jpg,C:\Users\mviei\AppData\Local\Temp\aed_nativa\Placas-de-Transito-BR-1\valid\images\captura_2023-09-29_16-05-19_png.rf.ad49097240c9a75d9cc6d4cea97e29bf.jpg,valid,1270.0,636.0,0,
captura_2023-09-29_16-05-25_png.rf.894182729ae52a4dbec9e73edf3fc323.jpg,C:\Users\mviei\AppData\Local\Temp\aed_nativa\Placas-de-Transito-BR-1\valid\images\captura_2023-09-29_16-05-25_png.rf.894182729ae52a4dbec9e73edf3fc323.jpg,valid,,,0,
captura_2023-09-29_16-06-24_png.rf.ded582310827a5874d7815b17a39d8cb.jpg,C:\Users\mviei\AppData\Local\Temp\aed_nativa\Placas-de-Transito-BR-1\valid\images\captura_2023-09-29_16-06-24_png.rf.ded582310827a5874d7815b17a39d8cb.jpg,valid,,,1,64
captura_2023-09-29_16-06-40_png.rf.d8cdb644341145bb9f8d845eb2f7e9bc.jpg,C:\Users\mviei\AppData\Local\Temp\aed_nativa\Placas-de-Transito-BR-1\valid\images\captura_2023-09-29_16-06-40_png.rf.d8cdb644341145bb9f8d845eb2f7e9bc.jpg,valid,,,1,17
captura_2023-09-29_16-06-42_png.rf.2823b2396bb51d1845afbdffd0742b43.jpg,C:\Users\mviei\AppData\Local\Temp\aed_nativa\Placas-de-Transito-BR-1\valid\images\captura_2023-09-29_16-06-42_png.rf.2823b2396bb51d1845afbdffd0742b43.jpg,valid,,,1,10
captura_2023-09-29_16-07-29_png.rf.80ceb2a8ff12cf1a75e65a02d35a35a3.jpg,C:\Users\mviei\AppData\Local\Temp\aed_nativa\Placas-de-Transito-BR-1\valid\images\captura_2023-09-29_16-07-29_png.rf.80ceb2a8ff12cf1a75e65a02d35a35a3.jpg,valid,,,1,20
captura_2023-09-29_16-07-32_png.rf.e506cbb10291923a280399ae7d2131b6.jpg,C:\Users\mviei\AppData\Local\Temp\aed_nativa\Placas-de-Transito-BR-1\valid\images\captura_2023-09-29_16-07-32_png.rf.e506cbb10291923a280399ae7d2131b6.jpg,valid,,,1,53
captura_2023-09-29_16-08-16_png.rf.9820a670467c65f53141b1f8b65b0829.jpg,C:\Users\mviei\AppData\Local\Temp\aed_nativa\Placas-de-Transito-BR-1\valid\images\captura_2023-09-29_16-08-16_png.rf.9820a670467c65f53141b1f8b65b0829.jpg,valid,1270.0,636.0,1,9
captura_2023-09-29_16-08-41_png.rf.cc95b5993c901fab7c22460a9c2c93d6.jpg,C:\Users\mviei\AppData\Local\Temp\aed_nativa\Placas-de-Transito-BR-1\valid\images\captura_2023-09-29_16-08-41_png.rf.cc95b5993c901fab7c22460a9c2c93d6.jpg,valid,,,2,39
captura_2023-09-29_16-08-51_png.rf.77d2d740568c9de2a95439bc646848d3.jpg,C:\Users\mviei\AppData\Local\Temp\aed_nativa\Placas-de-Transito-BR-1\valid\images\captura_2023-09-29_16-08-51_png.rf.77d2d740568c9de2a95439bc646848d3.jpg,valid,,,2,"17,39"
captura_2023-09-29_16-08-54_png.rf.3e39fd8d97858840cd86ea5f8e4595ed.jpg,C:\Users\mviei\AppData\Local\Temp\aed_nativa\Placas-de-Transito-BR-1\valid\images\captura_2023-09-29_16-08-54_png.rf.3e39fd8d97858840cd86ea5f8e4595ed.jpg,valid,,,1,9
captura_2023-09-29_16-09-32_png.rf.13f0664bd7553edd04784cd5b0315a2f.jpg,C:\Users\mviei\AppData\Local\Temp\aed_nativa\Placas-de-Transito-BR-1\valid\images\captura_2023-09-29_16-09-32_png.rf.13f0664bd7553edd04784cd5b0315a2f.jpg,valid,,,1,12
captura_2023-09-29_16-09-34_png.rf.5b8698b9f39de8a0dfffb0f1daa9050b.jpg,C:\Users\mviei\AppData\Local\Temp\aed_nativa\Placas-de-Transito-BR-1\valid\images\captura_2023-09-29_16-09-34_png.rf.5b8698b9f39de8a0dfffb0f1daa9050b.jpg,valid,,,2,39
captura_2023-09-29_16-09-52_png.rf.2eaa901d4fdd12d7b62ff8a484b63d32.jpg,C:\Users\mviei\AppData\Local\Temp\aed_nativa\Placas-de-Transito-BR-1\valid\images\captura_2023-09-29_16-09-52_png.rf.2eaa901d4fdd12d7b62ff8a484b63d32.jpg,valid,,,2,"24,39"
captura_2023-09-29_16-10-05_png.rf.ca7e28bfcf445868ec395ea5f1035692.jpg,C:\Users\mviei\AppData\Local\Temp\aed_nativa\Placas-de-Transito-BR-1\valid\images\captura_2023-09-29_16-10-05_png.rf.ca7e28bfcf445868ec395ea5f1035692.jpg,valid,1270.0,636.0,0,
captura_2023-09-29_16-10-09_png.rf.e65f0f9b12551b10fd0bffc41d27a1b4.jpg,C:\Users\mviei\AppData\Local\Temp\aed_nativa\Placas-de-Transito-BR-1\valid\images\captura_2023-09-29_16-10-09_png.rf.e65f0f9b12551b10fd0bffc41d27a1b4.jpg,valid,,,0,
captura_2023-09-29_16-10-26_png.rf.96fc6b173cce469258663686ed54e461.jpg,C:\Users\mviei\AppData\Local\Temp\aed_nativa\Placas-de-Transito-BR-1\valid\images\captura_2023-09-29_16-10-26_png.rf.96fc6b173cce469258663686ed54e461.jpg,valid,,,0,
captura_2023-09-29_16-10-48_png.rf.066601c94da2daed5ef7e83e4d462b9d.jpg,C:\Users\mviei\AppData\Local\Temp\aed_nativa\Placas-de-Transito-BR-1\valid\images\captura_2023-09-29_16-10-48_png.rf.066601c94da2daed5ef7e83e4d462b9d.jpg,valid,,,2,"40,48"
captura_2023-09-29_16-10-55_png.rf.8642b53d08e7e573b59a1a75f97438a2.jpg,C:\Users\mviei\AppData\Local\Temp\aed_nativa\Placas-de-Transito-BR-1\valid\images\captura_2023-09-29_16-10-55_png.rf.8642b53d08e7e573b59a1a75f97438a2.jpg,valid,,,1,48
captura_2023-09-29_16-11-02_png.rf.e9bddae87a68b3624457d78fac97e929.jpg,C:\Users\mviei\AppData\Local\Temp\aed_nativa\Placas-de-Transito-BR-1\valid\images\captura_2023-09-29_16-11-02_png.rf.e9bddae87a68b3624457d78fac97e929.jpg,valid,,,1,43
captura_2023-09-29_16-11-39_png.rf.57abcd3f1afbdc4b87113b476f234250.jpg,C:\Users\mviei\AppData\Local\Temp\aed_nativa\Placas-de-Transito-BR-1\valid\images\captura_2023-09-29_16-11-39_png.rf.57abcd3f1afbdc4b87113b476f234250.jpg,valid,,,0,
captura_2023-09-29_16-11-42_png.rf.a407f0b160d6cbf6cbc7f5dc7c8b86be.jpg,C:\Users\mviei\AppData\Local\Temp\aed_nativa\Placas-de-Transito-BR-1\valid\images\captura_2023-09-29_16-11-42_png.rf.a407f0b160d6cbf6cbc7f5dc7c8b86be.jpg,valid,1270.0,636.0,1,48
captura_2023-09-29_16-11-51_png.rf.2426462282774ebcb0b3dc537001df60.jpg,C:\Users\mviei\AppData\Local\Temp\aed_nativa\Placas-de-Transito-BR-1\valid\images\captura_2023-09-29_16-11-51_png.rf.2426462282774ebcb0b3dc537001df60.jpg,valid,,,1,48
captura_2023-09-29_16-12-57_png.rf.6bcbc4894fbd5372a56be9806105327c.jpg,C:\Users\mviei\AppData\Local\Temp\aed_nativa\Placas-de-Transito-BR-1\valid\images\captura_2023-09-29_16-12-57_png.rf.6bcbc4894fbd5372a56be9806105327c.jpg,valid,,,1,42
captura_2023-09-29_16-13-39_png.rf.7fa2748870f66903d21d9f832a42671f.jpg,C:\Users\mviei\AppData\Local\Temp\aed_nativa\Placas-de-Transito-BR-1\valid\images\captura_2023-09-29_16-13-39_png.rf.7fa2748870f66903d21d9f832a42671f.jpg,valid,,,1,20
captura_2023-09-29_16-14-34_png.rf.4cb0a7d4983418d3147d760eda5b0988.jpg,C:\Users\mviei\AppData\Local\Temp\aed_nativa\Placas-de-Transito-BR-1\valid\images\captura_2023-09-29_16-14-34_png.rf.4cb0a7d4983418d3147d760eda5b0988.jpg,valid,,,0,
captura_2023-09-29_16-14-53_png.rf.1560d492b87fb9f895abc7fec2c355c6.jpg,C:\Users\mviei\AppData\Local\Temp\aed_nativa\Placas-de-Transito-BR-1\valid\images\captura_2023-09-29_16-14-53_png.rf.1560d492b87fb9f895abc7fec2c355c6.jpg,valid,,,2,39
captura_2023-09-29_16-15-08_png.rf.6d8a76f322115ce29677eb39103ecb8e.jpg,C:\Users\mviei\AppData\Local\Temp\aed_nativa\Placas-de-Transito-BR-1\valid\images\captura_2023-09-29_16-15-08_png.rf.6d8a76f322115ce29677eb39103ecb8e.jpg,valid,,,0,
captura_2023-09-29_16-15-33_png.rf.6f5d7d48aa1cc030c7d37aafe79124aa.jpg,C:\Users\mviei\AppData\Local\Temp\aed_nativa\Placas-de-Transito-BR-1\valid\images\captura_2023-09-29_16-15-33_png.rf.6f5d7d48aa1cc030c7d37aafe79124aa.jpg,valid,1270.0,636.0,2,"39,48"
captura_2023-09-29_16-15-37_png.rf.56cc17a585f8b8691c456904e92f19a5.jpg,C:\Users\mviei\AppData\Local\Temp\aed_nativa\Placas-de-Transito-BR-1\valid\images\captura_2023-09-29_16-15-37_png.rf.56cc17a585f8b8691c456904e92f19a5.jpg,valid,,,1,27
captura_2023-09-29_16-15-52_png.rf.185d39cb7477e85dbea0605c0132adcf.jpg,C:\Users\mviei\AppData\Local\Temp\aed_nativa\Placas-de-Transito-BR-1\valid\images\captura_2023-09-29_16-15-52_png.rf.185d39cb7477e85dbea0605c0132adcf.jpg,valid,,,2,39
captura_2023-09-29_16-16-14_png.rf.f132b2be56adc6ea0d7691d354beafe8.jpg,C:\Users\mviei\AppData\Local\Temp\aed_nativa\Placas-de-Transito-BR-1\valid\images\captura_2023-09-29_16-16-14_png.rf.f132b2be56adc6ea0d7691d354beafe8.jpg,valid,,,1,48
captura_2023-09-29_16-16-22_png.rf.47d13d127606fc7a0a8a8a21336c09da.jpg,C:\Users\mviei\AppData\Local\Temp\aed_nativa\Placas-de-Transito-BR-1\valid\images\captura_2023-09-29_16-16-22_png.rf.47d13d127606fc7a0a8a8a21336c09da.jpg,valid,,,0,
captura_2023-09-29_16-16-31_png.rf.16d577d28589d0c637333dcb4ec6c448.jpg,C:\Users\mviei\AppData\Local\Temp\aed_nativa\Placas-de-Transito-BR-1\valid\images\captura_2023-09-29_16-16-31_png.rf.16d577d28589d0c637333dcb4ec6c448.jpg,valid,,,0,
captura_2023-09-29_16-16-48_png.rf.e312250fa486ae059757f4de3cb5fd78.jpg,C:\Users\mviei\AppData\Local\Temp\aed_nativa\Placas-de-Transito-BR-1\valid\images\captura_2023-09-29_16-16-48_png.rf.e312250fa486ae059757f4de3cb5fd78.jpg,valid,,,2,"20,48"
captura_2023-09-29_16-17-17_png.rf.4f04c24e6ac56e453089339382a86f9d.jpg,C:\Users\mviei\AppData\Local\Temp\aed_nativa\Placas-de-Transito-BR-1\valid\images\captura_2023-09-29_16-17-17_png.rf.4f04c24e6ac56e453089339382a86f9d.jpg,valid,1270.0,636.0,1,42
captura_2023-09-29_16-17-39_png.rf.e083a66d6a05597dc0551e84fc14e183.jpg,C:\Users\mviei\AppData\Local\Temp\aed_nativa\Placas-de-Transito-BR-1\valid\images\captura_2023-09-29_16-17-39_png.rf.e083a66d6a05597dc0551e84fc14e183.jpg,valid,,,2,"42,66"
captura_2023-09-29_16-17-47_png.rf.73f0f3f2c3a94cad6d639a513bcafdd1.jpg,C:\Users\mviei\AppData\Local\Temp\aed_nativa\Placas-de-Transito-BR-1\valid\images\captura_2023-09-29_16-17-47_png.rf.73f0f3f2c3a94cad6d639a513bcafdd1.jpg,valid,,,0,
captura_2023-09-29_16-18-14_png.rf.ca660457bd488d13e99f7d27269c34db.jpg,C:\Users\mviei\AppData\Local\Temp\aed_nativa\Placas-de-Transito-BR-1\valid\images\captura_2023-09-29_16-18-14_png.rf.ca660457bd488d13e99f7d27269c34db.jpg,valid,,,0,
captura_2023-09-29_16-18-16_png.rf.5ec12d8b48bcbdd79c747320aee95b72.jpg,C:\Users\mviei\AppData\Local\Temp\aed_nativa\Placas-de-Transito-BR-1\valid\images\captura_2023-09-29_16-18-16_png.rf.5ec12d8b48bcbdd79c747320aee95b72.jpg,valid,,,0,
captura_2023-09-29_16-18-18_png.rf.8c2d58cd6abfd80d0fc58f2f14323277.jpg,C:\Users\mviei\AppData\Local\Temp\aed_nativa\Placas-de-Transito-BR-1\valid\images\captura_2023-09-29_16-18-18_png.rf.8c2d58cd6abfd80d0fc58f2f14323277.jpg,valid,,,0,
captura_2023-09-29_16-19-02_png.rf.31385b24dfc6f86df807bc5ad0c907f7.jpg,C:\Users\mviei\AppData\Local\Temp\aed_nativa\Placas-de-Transito-BR-1\valid\images\captura_2023-09-29_16-19-02_png.rf.31385b24dfc6f86df807bc5ad0c907f7.jpg,valid,,,1,63
captura_2023-09-29_16-19-10_png.rf.404575dfa902a55c9dbb0cd3a6484289.jpg,C:\Users\mviei\AppData\Local\Temp\aed_nativa\Placas-de-Transito-BR-1\valid\images\captura_2023-09-29_16-19-10_png.rf.404575dfa902a55c9dbb0cd3a6484289.jpg,valid,1270.0,636.0,2,39
captura_2023-09-29_16-19-23_png.rf.49eff45a15a90c70b5a701e937b6efff.jpg,C:\Users\mviei\AppData\Local\Temp\aed_nativa\Placas-de-Transito-BR-1\valid\images\captura_2023-09-29_16-19-23_png.rf.49eff45a15a90c70b5a701e937b6efff.jpg,valid,,,1,9
captura_2023-09-29_16-19-45_png.rf.a384af387e3f510be231041c284c7027.jpg,C:\Users\mviei\AppData\Local\Temp\aed_nativa\Placas-de-Transito-BR-1\valid\images\captura_2023-09-29_16-19-45_png.rf.a384af387e3f510be231041c284c7027.jpg,valid,,,1,8
captura_2023-09-29_16-19-48_png.rf.f7ba6447d032ed761cf9a73eebb16bc1.jpg,C:\Users\mviei\AppData\Local\Temp\aed_nativa\Placas-de-Transito-BR-1\valid\images\captura_2023-09-29_16-19-48_png.rf.f7ba6447d032ed761cf9a73eebb16bc1.jpg,valid,,,3,"12,39"
captura_2023-09-29_16-19-55_png.rf.664a9b3ee14813e3635d5abec50a1009.jpg,C:\Users\mviei\AppData\Local\Temp\aed_nativa\Placas-de-Transito-BR-1\valid\images\captura_2023-09-29_16-19-55_png.rf.664a9b3ee14813e3635d5abec50a1009.jpg,valid,,,1,43
captura_2023-09-29_16-20-08_png.rf.72c420670a286f0767e43eee4fe2c262.jpg,C:\Users\mviei\AppData\Local\Temp\aed_nativa\Placas-de-Transito-BR-1\valid\images\captura_2023-09-29_16-20-08_png.rf.72c420670a286f0767e43eee4fe2c262.jpg,valid,,,0,
captura_2023-09-29_16-20-29_png.rf.b91e10e8091d8625e69c90054bc65711.jpg,C:\Users\mviei\AppData\Local\Temp\aed_nativa\Placas-de-Transito-BR-1\valid\images\captura_2023-09-29_16-20-29_png.rf.b91e10e8091d8625e69c90054bc65711.jpg,valid,,,1,48
captura_2023-09-29_16-20-37_png.rf.2324c7aff47c053e0510345ad9a795b1.jpg,C:\Users\mviei\AppData\Local\Temp\aed_nativa\Placas-de-Transito-BR-1\valid\images\captura_2023-09-29_16-20-37_png.rf.2324c7aff47c053e0510345ad9a795b1.jpg,valid,1270.0,636.0,2,49
captura_2023-09-29_16-20-44_png.rf.1507814f9be856b634695bc281ac453c.jpg,C:\Users\mviei\AppData\Local\Temp\aed_nativa\Placas-de-Transito-BR-1\valid\images\captura_2023-09-29_16-20-44_png.rf.1507814f9be856b634695bc281ac453c.jpg,valid,,,1,65
captura_2023-09-29_16-20-51_png.rf.c6b7ac23756cd82f5e67a340cb878407.jpg,C:\Users\mviei\AppData\Local\Temp\aed_nativa\Placas-de-Transito-BR-1\valid\images\captura_2023-09-29_16-20-51_png.rf.c6b7ac23756cd82f5e67a340cb878407.jpg,valid,,,0,
captura_2023-09-29_16-21-01_png.rf.81119dfa0296c06ebf14aa306777e97c.jpg,C:\Users\mviei\AppData\Local\Temp\aed_nativa\Placas-de-Transito-BR-1\valid\images\captura_2023-09-29_16-21-01_png.rf.81119dfa0296c06ebf14aa306777e97c.jpg,valid,,,0,
captura_2023-09-29_16-21-11_png.rf.0968314d501c4e02d9e4a5121db3037d.jpg,C:\Users\mviei\AppData\Local\Temp\aed_nativa\Placas-de-Transito-BR-1\valid\images\captura_2023-09-29_16-21-11_png.rf.0968314d501c4e02d9e4a5121db3037d.jpg,valid,,,0,
captura_2023-09-29_16-21-42_png.rf.e41f71917162f9734f8ef862408a2e31.jpg,C:\Users\mviei\AppData\Local\Temp\aed_nativa\Placas-de-Transito-BR-1\valid\images\captura_2023-09-29_16-21-42_png.rf.e41f71917162f9734f8ef862408a2e31.jpg,valid,,,0,
captura_2023-09-29_16-21-48_png.rf.420fb7e47db99e7964b12c98d2d2c293.jpg,C:\Users\mviei\AppData\Local\Temp\aed_nativa\Placas-de-Transito-BR-1\valid\images\captura_2023-09-29_16-21-48_png.rf.420fb7e47db99e7964b12c98d2d2c293.jpg,valid,,,1,48
captura_2023-09-29_16-22-09_png.rf.412e99264e02b8c991030733f1680b32.jpg,C:\Users\mviei\AppData\Local\Temp\aed_nativa\Placas-de-Transito-BR-1\valid\images\captura_2023-09-29_16-22-09_png.rf.412e99264e02b8c991030733f1680b32.jpg,valid,1270.0,636.0,1,19
captura_2023-09-29_16-22-19_png.rf.1293e461cd3c3b383fed335ca8dd093d.jpg,C:\Users\mviei\AppData\Local\Temp\aed_nativa\Placas-de-Transito-BR-1\valid\images\captura_2023-09-29_16-22-19_png.rf.1293e461cd3c3b383fed335ca8dd093d.jpg,valid,,,0,
captura_2023-09-29_16-22-21_png.rf.7a6ab55fcf25ce25e9bef0a9683aa0cb.jpg,C:\Users\mviei\AppData\Local\Temp\aed_nativa\Placas-de-Transito-BR-1\valid\images\captura_2023-09-29_16-22-21_png.rf.7a6ab55fcf25ce25e9bef0a9683aa0cb.jpg,valid,,,0,
captura_2023-09-29_16-22-22_png.rf.1fc92d0ec8f890b6484a6c7dbc9f2031.jpg,C:\Users\mviei\AppData\Local\Temp\aed_nativa\Placas-de-Transito-BR-1\valid\images\captura_2023-09-29_16-22-22_png.rf.1fc92d0ec8f890b6484a6c7dbc9f2031.jpg,valid,,,1,42
captura_2023-09-29_16-23-21_png.rf.fb8c666488fd04645db5b9dfc26086bd.jpg,C:\Users\mviei\AppData\Local\Temp\aed_nativa\Placas-de-Transito-BR-1\valid\images\captura_2023-09-29_16-23-21_png.rf.fb8c666488fd04645db5b9dfc26086bd.jpg,valid,,,1,9
captura_2023-09-29_16-23-48_png.rf.e1e542a2abf93ef7d931b97ffe673335.jpg,C:\Users\mviei\AppData\Local\Temp\aed_nativa\Placas-de-Transito-BR-1\valid\images\captura_2023-09-29_16-23-48_png.rf.e1e542a2abf93ef7d931b97ffe673335.jpg,valid,,,1,20
captura_2023-09-29_16-24-12_png.rf.4a8e2a7beb7868e0e9ad43f74a6a5c6a.jpg,C:\Users\mviei\AppData\Local\Temp\aed_nativa\Placas-de-Transito-BR-1\valid\images\captura_2023-09-29_16-24-12_png.rf.4a8e2a7beb7868e0e9ad43f74a6a5c6a.jpg,valid,,,1,19
captura_2023-09-29_16-24-14_png.rf.7910fb3641ab63191e388f457f93d406.jpg,C:\Users\mviei\AppData\Local\Temp\aed_nativa\Placas-de-Transito-BR-1\valid\images\captura_2023-09-29_16-24-14_png.rf.7910fb3641ab63191e388f457f93d406.jpg,valid,1270.0,636.0,1,65
captura_2023-09-29_16-24-17_png.rf.ad0c73416cf3730d345cb79e8d14b38d.jpg,C:\Users\mviei\AppData\Local\Temp\aed_nativa\Placas-de-Transito-BR-1\valid\images\captura_2023-09-29_16-24-17_png.rf.ad0c73416cf3730d345cb79e8d14b38d.jpg,valid,,,0,
captura_2023-09-29_16-25-09_png.rf.9b8a0d47fe3fe6ed37c459e19d6c84df.jpg,C:\Users\mviei\AppData\Local\Temp\aed_nativa\Placas-de-Transito-BR-1\valid\images\captura_2023-09-29_16-25-09_png.rf.9b8a0d47fe3fe6ed37c459e19d6c84df.jpg,valid,,,0,
captura_2023-09-29_16-25-55_png.rf.73caccd54cd34628600c658d80be4db9.jpg,C:\Users\mviei\AppData\Local\Temp\aed_nativa\Placas-de-Transito-BR-1\valid\images\captura_2023-09-29_16-25-55_png.rf.73caccd54cd34628600c658d80be4db9.jpg,valid,,,3,"42,46,55"
captura_2023-10-02_14-56-28_png.rf.772d0450071b286c1cc4218753fc0ad9.jpg,C:\Users\mviei\AppData\Local\Temp\aed_nativa\Placas-de-Transito-BR-1\valid\images\captura_2023-10-02_14-56-28_png.rf.772d0450071b286c1cc4218753fc0ad9.jpg,valid,,,1,65
captura_2023-10-02_14-58-21_png.rf.748b1e0e977bcda61ed936b1c7d4f461.jpg,C:\Users\mviei\AppData\Local\Temp\aed_nativa\Placas-de-Transito-BR-1\valid\images\captura_2023-10-02_14-58-21_png.rf.748b1e0e977bcda61ed936b1c7d4f461.jpg,valid,,,0,
captura_2023-10-02_14-58-49_png.rf.4b36c88c322733cf8e03afc37165a1e2.jpg,C:\Users\mviei\AppData\Local\Temp\aed_nativa\Placas-de-Transito-BR-1\valid\images\captura_2023-10-02_14-58-49_png.rf.4b36c88c322733cf8e03afc37165a1e2.jpg,valid,,,0,
captura_2023-10-02_14-58-51_png.rf.7cdbe798bb95e1a080ea6f87184074e6.jpg,C:\Users\mviei\AppData\Local\Temp\aed_nativa\Placas-de-Transito-BR-1\valid\images\captura_2023-10-02_14-58-51_png.rf.7cdbe798bb95e1a080ea6f87184074e6.jpg,valid,1270.0,636.0,2,39
captura_2023-10-02_14-59-00_png.rf.6def07dfc90f714db3e2b1c823fc4fd6.jpg,C:\Users\mviei\AppData\Local\Temp\aed_nativa\Placas-de-Transito-BR-1\valid\images\captura_2023-10-02_14-59-00_png.rf.6def07dfc90f714db3e2b1c823fc4fd6.jpg,valid,,,0,
captura_2023-10-02_15-00-08_png.rf.8eefea021c3e2ef940bc65e9b29f6e25.jpg,C:\Users\mviei\AppData\Local\Temp\aed_nativa\Placas-de-Transito-BR-1\valid\images\captura_2023-10-02_15-00-08_png.rf.8eefea021c3e2ef940bc65e9b29f6e25.jpg,valid,,,0,
captura_2023-10-02_15-01-39_png.rf.b8877304d7ef2e1f582d7db01faf18af.jpg,C:\Users\mviei\AppData\Local\Temp\aed_nativa\Placas-de-Transito-BR-1\valid\images\captura_2023-10-02_15-01-39_png.rf.b8877304d7ef2e1f582d7db01faf18af.jpg,valid,,,1,48
captura_2023-10-02_15-02-36_png.rf.221bf0236971b15de0841484e141ad7c.jpg,C:\Users\mviei\AppData\Local\Temp\aed_nativa\Placas-de-Transito-BR-1\valid\images\captura_2023-10-02_15-02-36_png.rf.221bf0236971b15de0841484e141ad7c.jpg,valid,,,0,
captura_2023-10-02_15-02-38_png.rf.6d1b7d73b91c78a89d1c65f9a026a553.jpg,C:\Users\mviei\AppData\Local\Temp\aed_nativa\Placas-de-Transito-BR-1\valid\images\captura_2023-10-02_15-02-38_png.rf.6d1b7d73b91c78a89d1c65f9a026a553.jpg,valid,,,0,
captura_2023-10-02_15-04-59_png.rf.82b15bc4d4694891f212bb87c7c775eb.jpg,C:\Users\mviei\AppData\Local\Temp\aed_nativa\Placas-de-Transito-BR-1\valid\images\captura_2023-10-02_15-04-59_png.rf.82b15bc4d4694891f212bb87c7c775eb.jpg,valid,,,1,39
captura_2023-10-02_15-05-33_png.rf.d719dfb56094bd2c84a13209a3e92af4.jpg,C:\Users\mviei\AppData\Local\Temp\aed_nativa\Placas-de-Transito-BR-1\valid\images\captura_2023-10-02_15-05-33_png.rf.d719dfb56094bd2c84a13209a3e92af4.jpg,valid,1270.0,636.0,0,
captura_2023-10-02_15-06-44_png.rf.8cfaa6a9cbd7d8b118665b2172b86fc1.jpg,C:\Users\mviei\AppData\Local\Temp\aed_nativa\Placas-de-Transito-BR-1\valid\images\captura_2023-10-02_15-06-44_png.rf.8cfaa6a9cbd7d8b118665b2172b86fc1.jpg,valid,,,0,
captura_2023-10-02_15-07-25_png.rf.ccff1a888ed01800f9a8ea08b6b0c136.jpg,C:\Users\mviei\AppData\Local\Temp\aed_nativa\Placas-de-Transito-BR-1\valid\images\captura_2023-10-02_15-07-25_png.rf.ccff1a888ed01800f9a8ea08b6b0c136.jpg,valid,,,1,39
captura_2023-10-02_15-07-41_png.rf.8f601974f82ea11016e314167027cb0d.jpg,C:\Users\mviei\AppData\Local\Temp\aed_nativa\Placas-de-Transito-BR-1\valid\images\captura_2023-10-02_15-07-41_png.rf.8f601974f82ea11016e314167027cb0d.jpg,valid,,,1,20
captura_2023-10-02_15-07-58_png.rf.c26236bb636bc2348c724e5833641e7d.jpg,C:\Users\mviei\AppData\Local\Temp\aed_nativa\Placas-de-Transito-BR-1\valid\images\captura_2023-10-02_15-07-58_png.rf.c26236bb636bc2348c724e5833641e7d.jpg,valid,,,1,65
captura_2023-10-02_15-08-45_png.rf.c30e3d17e731ffef6f6abecd1bde9107.jpg,C:\Users\mviei\AppData\Local\Temp\aed_nativa\Placas-de-Transito-BR-1\valid\images\captura_2023-10-02_15-08-45_png.rf.c30e3d17e731ffef6f6abecd1bde9107.jpg,valid,,,1,39
captura_2023-10-02_15-08-48_png.rf.8356fe1d16d27acfb11df831b01b0e70.jpg,C:\Users\mviei\AppData\Local\Temp\aed_nativa\Placas-de-Transito-BR-1\valid\images\captura_2023-10-02_15-08-48_png.rf.8356fe1d16d27acfb11df831b01b0e70.jpg,valid,,,2,"39,42"
captura_2023-10-02_15-08-50_png.rf.2a0bf86caecfc626a75bf5a922dfb75b.jpg,C:\Users\mviei\AppData\Local\Temp\aed_nativa\Placas-de-Transito-BR-1\valid\images\captura_2023-10-02_15-08-50_png.rf.2a0bf86caecfc626a75bf5a922dfb75b.jpg,valid,1270.0,636.0,1,39
captura_2023-10-02_15-10-11_png.rf.513f35e1f9261563ea6317fd4eb30ce5.jpg,C:\Users\mviei\AppData\Local\Temp\aed_nativa\Placas-de-Transito-BR-1\valid\images\captura_2023-10-02_15-10-11_png.rf.513f35e1f9261563ea6317fd4eb30ce5.jpg,valid,,,1,39
captura_2023-10-02_15-10-42_png.rf.ec8a99acc72088bd51172126c8d5c95e.jpg,C:\Users\mviei\AppData\Local\Temp\aed_nativa\Placas-de-Transito-BR-1\valid\images\captura_2023-10-02_15-10-42_png.rf.ec8a99acc72088bd51172126c8d5c95e.jpg,valid,,,1,36
captura_2023-10-02_15-12-04_png.rf.3126021646c3cf8c29ce13931617ec27.jpg,C:\Users\mviei\AppData\Local\Temp\aed_nativa\Placas-de-Transito-BR-1\valid\images\captura_2023-10-02_15-12-04_png.rf.3126021646c3cf8c29ce13931617ec27.jpg,valid,,,0,
captura_2023-10-02_15-13-41_png.rf.cbd8d118046bd12a0ca55cf041e27e8c.jpg,C:\Users\mviei\AppData\Local\Temp\aed_nativa\Placas-de-Transito-BR-1\valid\images\captura_2023-10-02_15-13-41_png.rf.cbd8d118046bd12a0ca55cf041e27e8c.jpg,valid,,,1,49
captura_2023-10-02_15-13-45_png.rf.71ae1d4931647bb2b75030ce1ef9afca.jpg,C:\Users\mviei\AppData\Local\Temp\aed_nativa\Placas-de-Transito-BR-1\valid\images\captura_2023-10-02_15-13-45_png.rf.71ae1d4931647bb2b75030ce1ef9afca.jpg,valid,,,1,5
captura_2023-10-02_15-13-48_png.rf.b7e7801c5fbfe140ec3e220c56656f0c.jpg,C:\Users\mviei\AppData\Local\Temp\aed_nativa\Placas-de-Transito-BR-1\valid\images\captura_2023-10-02_15-13-48_png.rf.b7e7801c5fbfe140ec3e220c56656f0c.jpg,valid,,,1,23
captura_2023-10-02_15-14-00_png.rf.90d257e8ad704b71afc6a0b453cfe1df.jpg,C:\Users\mviei\AppData\Local\Temp\aed_nativa\Placas-de-Transito-BR-1\valid\images\captura_2023-10-02_15-14-00_png.rf.90d257e8ad704b71afc6a0b453cfe1df.jpg,valid,1270.0,636.0,1,65
captura_2023-10-02_15-14-04_png.rf.ea9c516cfb6cf8294f3311ef3a88a78a.jpg,C:\Users\mviei\AppData\Local\Temp\aed_nativa\Placas-de-Transito-BR-1\valid\images\captura_2023-10-02_15-14-04_png.rf.ea9c516cfb6cf8294f3311ef3a88a78a.jpg,valid,,,1,46
captura_2023-10-02_15-14-24_png.rf.3321e73f59dc1df18eeea1b5f17c1121.jpg,C:\Users\mviei\AppData\Local\Temp\aed_nativa\Placas-de-Transito-BR-1\valid\images\captura_2023-10-02_15-14-24_png.rf.3321e73f59dc1df18eeea1b5f17c1121.jpg,valid,,,1,20
captura_2023-10-02_15-14-34_png.rf.8f0b5a5b8e9f7731443f46a9f2d91982.jpg,C:\Users\mviei\AppData\Local\Temp\aed_nativa\Placas-de-Transito-BR-1\valid\images\captura_2023-10-02_15-14-34_png.rf.8f0b5a5b8e9f7731443f46a9f2d91982.jpg,valid,,,0,
captura_2023-10-02_15-14-39_png.rf.5c18b3dee4f23ae2d053db4d5421d7e5.jpg,C:\Users\mviei\AppData\Local\Temp\aed_nativa\Placas-de-Transito-BR-1\valid\images\captura_2023-10-02_15-14-39_png.rf.5c18b3dee4f23ae2d053db4d5421d7e5.jpg,valid,,,1,8
captura_2023-10-02_15-16-33_png.rf.805da7bba7cddf34c9e55ba959c7a338.jpg,C:\Users\mviei\AppData\Local\Temp\aed_nativa\Placas-de-Transito-BR-1\valid\images\captura_2023-10-02_15-16-33_png.rf.805da7bba7cddf34c9e55ba959c7a338.jpg,valid,,,1,43
captura_2023-10-02_15-16-34_png.rf.9fc794823a5db723a595fa659988dea3.jpg,C:\Users\mviei\AppData\Local\Temp\aed_nativa\Placas-de-Transito-BR-1\valid\images\captura_2023-10-02_15-16-34_png.rf.9fc794823a5db723a595fa659988dea3.jpg,valid,,,1,39
captura_2023-10-02_15-16-36_png.rf.6ff1b4243380e50f81a907f0d37dd36b.jpg,C:\Users\mviei\AppData\Local\Temp\aed_nativa\Placas-de-Transito-BR-1\valid\images\captura_2023-10-02_15-16-36_png.rf.6ff1b4243380e50f81a907f0d37dd36b.jpg,valid,1270.0,636.0,1,48
captura_2023-10-02_15-19-23_png.rf.11c57752edb87fc78939dc25a744df5f.jpg,C:\Users\mviei\AppData\Local\Temp\aed_nativa\Placas-de-Transito-BR-1\valid\images\captura_2023-10-02_15-19-23_png.rf.11c57752edb87fc78939dc25a744df5f.jpg,valid,,,1,49
captura_2023-10-02_15-19-45_png.rf.29c5fa9ae61e50a9b3bb9b413e431028.jpg,C:\Users\mviei\AppData\Local\Temp\aed_nativa\Placas-de-Transito-BR-1\valid\images\captura_2023-10-02_15-19-45_png.rf.29c5fa9ae61e50a9b3bb9b413e431028.jpg,valid,,,2,"40,48"
captura_2023-10-02_15-20-33_png.rf.74f0f64b2e2a3b1afea156c8ffcbc95f.jpg,C:\Users\mviei\AppData\Local\Temp\aed_nativa\Placas-de-Transito-BR-1\valid\images\captura_2023-10-02_15-20-33_png.rf.74f0f64b2e2a3b1afea156c8ffcbc95f.jpg,valid,,,0,
captura_2023-10-02_15-20-48_png.rf.225780ffabef8cd73a18cb381d4ac7ec.jpg,C:\Users\mviei\AppData\Local\Temp\aed_nativa\Placas-de-Transito-BR-1\valid\images\captura_2023-10-02_15-20-48_png.rf.225780ffabef8cd73a18cb381d4ac7ec.jpg,valid,,,1,35
captura_2023-10-02_15-21-06_png.rf.3e47227c217b51a897fd75c3aafaed59.jpg,C:\Users\mviei\AppData\Local\Temp\aed_nativa\Placas-de-Transito-BR-1\valid\images\captura_2023-10-02_15-21-06_png.rf.3e47227c217b51a897fd75c3aafaed59.jpg,valid,,,0,
captura_2023-10-02_15-21-11_png.rf.360e4a00f64ccc27daccd38aaacc2dc7.jpg,C:\Users\mviei\AppData\Local\Temp\aed_nativa\Placas-de-Transito-BR-1\valid\images\captura_2023-10-02_15-21-11_png.rf.360e4a00f64ccc27daccd38aaacc2dc7.jpg,valid,,,0,
captura_2023-10-02_15-22-03_png.rf.a8aef0e1d2e732e8aad05af7974e8959.jpg,C:\Users\mviei\AppData\Local\Temp\aed_nativa\Placas-de-Transito-BR-1\valid\images\captura_2023-10-02_15-22-03_png.rf.a8aef0e1d2e732e8aad05af7974e8959.jpg,valid,1270.0,636.0,1,48
captura_2023-10-02_15-22-08_png.rf.1392b65320ac48fc9304e4ede62cddd3.jpg,C:\Users\mviei\AppData\Local\Temp\aed_nativa\Placas-de-Transito-BR-1\valid\images\captura_2023-10-02_15-22-08_png.rf.1392b65320ac48fc9304e4ede62cddd3.jpg,valid,,,1,28
captura_2023-10-02_15-23-05_png.rf.777451c2e8fbe16e7f8b462aea2c999e.jpg,C:\Users\mviei\AppData\Local\Temp\aed_nativa\Placas-de-Transito-BR-1\valid\images\captura_2023-10-02_15-23-05_png.rf.777451c2e8fbe16e7f8b462aea2c999e.jpg,valid,,,1,45
captura_2023-10-02_15-25-10_png.rf.ea1642c8b1951ed07a48010e591533e6.jpg,C:\Users\mviei\AppData\Local\Temp\aed_nativa\Placas-de-Transito-BR-1\valid\images\captura_2023-10-02_15-25-10_png.rf.ea1642c8b1951ed07a48010e591533e6.jpg,valid,,,1,36
captura_2023-10-02_15-25-13_png.rf.c45ee8ce3969f55b62a8df1b72d815a4.jpg,C:\Users\mviei\AppData\Local\Temp\aed_nativa\Placas-de-Transito-BR-1\valid\images\captura_2023-10-02_15-25-13_png.rf.c45ee8ce3969f55b62a8df1b72d815a4.jpg,valid,,,1,42
captura_2023-10-02_15-27-23_png.rf.aaa6606a0878117bc421e7973555754c.jpg,C:\Users\mviei\AppData\Local\Temp\aed_nativa\Placas-de-Transito-BR-1\valid\images\captura_2023-10-02_15-27-23_png.rf.aaa6606a0878117bc421e7973555754c.jpg,valid,,,1,63
captura_2023-10-02_15-28-09_png.rf.54483ae91a01f5a2b1ee6c93983d8647.jpg,C:\Users\mviei\AppData\Local\Temp\aed_nativa\Placas-de-Transito-BR-1\valid\images\captura_2023-10-02_15-28-09_png.rf.54483ae91a01f5a2b1ee6c93983d8647.jpg,valid,,,1,42
captura_2023-10-02_15-29-16_png.rf.54825787856a93c8e5a41608eabb188a.jpg,C:\Users\mviei\AppData\Local\Temp\aed_nativa\Placas-de-Transito-BR-1\valid\images\captura_2023-10-02_15-29-16_png.rf.54825787856a93c8e5a41608eabb188a.jpg,valid,1270.0,636.0,1,42
captura_2023-10-02_15-29-42_png.rf.2e380415c86f94879951ff0032a4609a.jpg,C:\Users\mviei\AppData\Local\Temp\aed_nativa\Placas-de-Transito-BR-1\valid\images\captura_2023-10-02_15-29-42_png.rf.2e380415c86f94879951ff0032a4609a.jpg,valid,,,1,42
captura_2023-10-02_15-29-55_png.rf.544f06a9f6bebb120119ac22fdde3da7.jpg,C:\Users\mviei\AppData\Local\Temp\aed_nativa\Placas-de-Transito-BR-1\valid\images\captura_2023-10-02_15-29-55_png.rf.544f06a9f6bebb120119ac22fdde3da7.jpg,valid,,,1,63
captura_2023-10-02_15-34-22_png.rf.89068270a6bdb39cc299da18c3d8bda2.jpg,C:\Users\mviei\AppData\Local\Temp\aed_nativa\Placas-de-Transito-BR-1\valid\images\captura_2023-10-02_15-34-22_png.rf.89068270a6bdb39cc299da18c3d8bda2.jpg,valid,,,1,63
captura_2023-10-02_15-34-47_png.rf.a234c9ea4d8f123091c7b6f9c9a0c717.jpg,C:\Users\mviei\AppData\Local\Temp\aed_nativa\Placas-de-Transito-BR-1\valid\images\captura_2023-10-02_15-34-47_png.rf.a234c9ea4d8f123091c7b6f9c9a0c717.jpg,valid,,,1,65
captura_2023-10-02_15-34-52_png.rf.e0a51e255ec36029f62452a0eec16565.jpg,C:\Users\mviei\AppData\Local\Temp\aed_nativa\Placas-de-Transito-BR-1\valid\images\captura_2023-10-02_15-34-52_png.rf.e0a51e255ec36029f62452a0eec16565.jpg,valid,,,1,49
captura_2023-10-02_15-35-18_png.rf.a2b3e6c7615de1bb2c5a959078d91e7b.jpg,C:\Users\mviei\AppData\Local\Temp\aed_nativa\Placas-de-Transito-BR-1\valid\images\captura_2023-10-02_15-35-18_png.rf.a2b3e6c7615de1bb2c5a959078d91e7b.jpg,valid,,,1,64
captura_2023-10-02_15-35-26_png.rf.a1ce20d47ab6756417695336ac89940e.jpg,C:\Users\mviei\AppData\Local\Temp\aed_nativa\Placas-de-Transito-BR-1\valid\images\captura_2023-10-02_15-35-26_png.rf.a1ce20d47ab6756417695336ac89940e.jpg,valid,1270.0,636.0,1,63
captura_2023-10-02_15-35-35_png.rf.e2a013d1c26ac2425fd4f42016b9cfe0.jpg,C:\Users\mviei\AppData\Local\Temp\aed_nativa\Placas-de-Transito-BR-1\valid\images\captura_2023-10-02_15-35-35_png.rf.e2a013d1c26ac2425fd4f42016b9cfe0.jpg,valid,,,2,39
captura_2023-10-02_15-36-29_png.rf.055e6fbcc5ce06baf1774089fef9e4d5.jpg,C:\Users\mviei\AppData\Local\Temp\aed_nativa\Placas-de-Transito-BR-1\valid\images\captura_2023-10-02_15-36-29_png.rf.055e6fbcc5ce06baf1774089fef9e4d5.jpg,valid,,,0,
captura_2023-10-02_15-36-37_png.rf.529901e3c0d28fef94bab307fcde7355.jpg,C:\Users\mviei\AppData\Local\Temp\aed_nativa\Placas-de-Transito-BR-1\valid\images\captura_2023-10-02_15-36-37_png.rf.529901e3c0d28fef94bab307fcde7355.jpg,valid,,,0,
captura_2023-10-02_15-36-41_png.rf.c00be3cb8c6a5b6e01b373e930c16da3.jpg,C:\Users\mviei\AppData\Local\Temp\aed_nativa\Placas-de-Transito-BR-1\valid\images\captura_2023-10-02_15-36-41_png.rf.c00be3cb8c6a5b6e01b373e930c16da3.jpg,valid,,,0,
captura_2023-10-02_15-37-17_png.rf.5acb0b1a440acf4cdcc0b4246e3dfe3f.jpg,C:\Users\mviei\AppData\Local\Temp\aed_nativa\Placas-de-Transito-BR-1\valid\images\captura_2023-10-02_15-37-17_png.rf.5acb0b1a440acf4cdcc0b4246e3dfe3f.jpg,valid,,,1,48
captura_2023-10-02_15-37-42_png.rf.506b7f8eedd5fb90c3b651f5d8e01b1d.jpg,C:\Users\mviei\AppData\Local\Temp\aed_nativa\Placas-de-Transito-BR-1\valid\images\captura_2023-10-02_15-37-42_png.rf.506b7f8eedd5fb90c3b651f5d8e01b1d.jpg,valid,,,1,49
captura_2023-10-02_15-37-47_png.rf.3a0c30d1e3ebb373fbfce7dfecdb2235.jpg,C:\Users\mviei\AppData\Local\Temp\aed_nativa\Placas-de-Transito-BR-1\valid\images\captura_2023-10-02_15-37-47_png.rf.3a0c30d1e3ebb373fbfce7dfecdb2235.jpg,valid,1270.0,636.0,1,20
captura_2023-10-02_15-37-59_png.rf.4938a025684172119833993533f558d2.jpg,C:\Users\mviei\AppData\Local\Temp\aed_nativa\Placas-de-Transito-BR-1\valid\images\captura_2023-10-02_15-37-59_png.rf.4938a025684172119833993533f558d2.jpg,valid,,,1,20
captura_2023-10-02_15-39-06_png.rf.2016d950a44f919b05d29405ef67b440.jpg,C:\Users\mviei\AppData\Local\Temp\aed_nativa\Placas-de-Transito-BR-1\valid\images\captura_2023-10-02_15-39-06_png.rf.2016d950a44f919b05d29405ef67b440.jpg,valid,,,1,40
captura_2023-10-02_15-39-38_png.rf.d9f383c38b1168fa01f975a09fa6a705.jpg,C:\Users\mviei\AppData\Local\Temp\aed_nativa\Placas-de-Transito-BR-1\valid\images\captura_2023-10-02_15-39-38_png.rf.d9f383c38b1168fa01f975a09fa6a705.jpg,valid,,,1,20
captura_2023-10-02_15-40-35_png.rf.d81fa8d4ce1e29e58cb0640b31a22d59.jpg,C:\Users\mviei\AppData\Local\Temp\aed_nativa\Placas-de-Transito-BR-1\valid\images\captura_2023-10-02_15-40-35_png.rf.d81fa8d4ce1e29e58cb0640b31a22d59.jpg,valid,,,2,"35,46"
captura_2023-10-02_15-40-41_png.rf.1e0b793e4bed0224168eeba6fafe0891.jpg,C:\Users\mviei\AppData\Local\Temp\aed_nativa\Placas-de-Transito-BR-1\valid\images\captura_2023-10-02_15-40-41_png.rf.1e0b793e4bed0224168eeba6fafe0891.jpg,valid,,,1,35
captura_2023-10-02_15-40-58_png.rf.92644e9335af805949db5a0eab9e4cb6.jpg,C:\Users\mviei\AppData\Local\Temp\aed_nativa\Placas-de-Transito-BR-1\valid\images\captura_2023-10-02_15-40-58_png.rf.92644e9335af805949db5a0eab9e4cb6.jpg,valid,,,1,28
captura_2023-10-02_15-41-41_png.rf.d6574aba96a9a763b8df0d5bb9648400.jpg,C:\Users\mviei\AppData\Local\Temp\aed_nativa\Placas-de-Transito-BR-1\valid\images\captura_2023-10-02_15-41-41_png.rf.d6574aba96a9a763b8df0d5bb9648400.jpg,valid,1270.0,636.0,1,49
captura_2023-10-02_15-42-36_png.rf.a0a239e5287f84841c6994608bee7677.jpg,C:\Users\mviei\AppData\Local\Temp\aed_nativa\Placas-de-Transito-BR-1\valid\images\captura_2023-10-02_15-42-36_png.rf.a0a239e5287f84841c6994608bee7677.jpg,valid,,,1,49
captura_2023-10-02_15-42-48_png.rf.281c0576ade144b7cc44540c129c9b9f.jpg,C:\Users\mviei\AppData\Local\Temp\aed_nativa\Placas-de-Transito-BR-1\valid\images\captura_2023-10-02_15-42-48_png.rf.281c0576ade144b7cc44540c129c9b9f.jpg,valid,,,0,
captura_2023-10-02_15-42-50_png.rf.d583e1a6bd3cfc74a9c9f4177609333c.jpg,C:\Users\mviei\AppData\Local\Temp\aed_nativa\Placas-de-Transito-BR-1\valid\images\captura_2023-10-02_15-42-50_png.rf.d583e1a6bd3cfc74a9c9f4177609333c.jpg,valid,,,1,43
captura_2023-10-02_15-43-01_png.rf.c3d76d6f8db9ae955f5d58551dd35901.jpg,C:\Users\mviei\AppData\Local\Temp\aed_nativa\Placas-de-Transito-BR-1\valid\images\captura_2023-10-02_15-43-01_png.rf.c3d76d6f8db9ae955f5d58551dd35901.jpg,valid,,,1,20
captura_2023-10-02_15-43-03_png.rf.ceb75b1938162aad19ff2a1c0e2f1709.jpg,C:\Users\mviei\AppData\Local\Temp\aed_nativa\Placas-de-Transito-BR-1\valid\images\captura_2023-10-02_15-43-03_png.rf.ceb75b1938162aad19ff2a1c0e2f1709.jpg,valid,,,1,60
captura_2023-10-02_15-43-31_png.rf.11bb4e8154e2de7b184775c95ad46814.jpg,C:\Users\mviei\AppData\Local\Temp\aed_nativa\Placas-de-Transito-BR-1\valid\images\captura_2023-10-02_15-43-31_png.rf.11bb4e8154e2de7b184775c95ad46814.jpg,valid,,,1,46
captura_2023-10-02_15-44-37_png.rf.2ab1d539ce9c069a81e93c7f56b13dc3.jpg,C:\Users\mviei\AppData\Local\Temp\aed_nativa\Placas-de-Transito-BR-1\valid\images\captura_2023-10-02_15-44-37_png.rf.2ab1d539ce9c069a81e93c7f56b13dc3.jpg,valid,1270.0,636.0,1,23
captura_2023-10-02_15-44-44_png.rf.3a5bf08b887b25426e13fb40dd96256f.jpg,C:\Users\mviei\AppData\Local\Temp\aed_nativa\Placas-de-Transito-BR-1\valid\images\captura_2023-10-02_15-44-44_png.rf.3a5bf08b887b25426e13fb40dd96256f.jpg,valid,,,2,"46,65"
captura_2023-10-02_15-44-50_png.rf.4e78b246ee396a5b7c526926624c960a.jpg,C:\Users\mviei\AppData\Local\Temp\aed_nativa\Placas-de-Transito-BR-1\valid\images\captura_2023-10-02_15-44-50_png.rf.4e78b246ee396a5b7c526926624c960a.jpg,valid,,,1,48
captura_2023-10-02_15-44-55_png.rf.817e80330779bc4504747d2b779bdcf2.jpg,C:\Users\mviei\AppData\Local\Temp\aed_nativa\Placas-de-Transito-BR-1\valid\images\captura_2023-10-02_15-44-55_png.rf.817e80330779bc4504747d2b779bdcf2.jpg,valid,,,2,39
captura_2023-10-02_15-44-57_png.rf.56ea51cf9e6a4de6b120823f3f55c598.jpg,C:\Users\mviei\AppData\Local\Temp\aed_nativa\Placas-de-Transito-BR-1\valid\images\captura_2023-10-02_15-44-57_png.rf.56ea51cf9e6a4de6b120823f3f55c598.jpg,valid,,,4,"39,48"
captura_2023-10-02_15-44-58_png.rf.fa503dc44ef608ae44df8358d554b323.jpg,C:\Users\mviei\AppData\Local\Temp\aed_nativa\Placas-de-Transito-BR-1\valid\images\captura_2023-10-02_15-44-58_png.rf.fa503dc44ef608ae44df8358d554b323.jpg,valid,,,1,39
captura_2023-10-02_15-45-00_png.rf.7a64538092c5d59910fc4317bcf83b6d.jpg,C:\Users\mviei\AppData\Local\Temp\aed_nativa\Placas-de-Transito-BR-1\valid\images\captura_2023-10-02_15-45-00_png.rf.7a64538092c5d59910fc4317bcf83b6d.jpg,valid,,,1,42
captura_2023-10-02_15-45-05_png.rf.f80659d33f051daaa9e33317bd2c2d65.jpg,C:\Users\mviei\AppData\Local\Temp\aed_nativa\Placas-de-Transito-BR-1\valid\images\captura_2023-10-02_15-45-05_png.rf.f80659d33f051daaa9e33317bd2c2d65.jpg,valid,1270.0,636.0,1,48
captura_2023-10-02_15-45-07_png.rf.939ba7f123a1ed44cc5f1d9893306b99.jpg,C:\Users\mviei\AppData\Local\Temp\aed_nativa\Placas-de-Transito-BR-1\valid\images\captura_2023-10-02_15-45-07_png.rf.939ba7f123a1ed44cc5f1d9893306b99.jpg,valid,,,1,19
captura_2023-10-02_15-45-10_png.rf.396feaf8df068220315fd264f6b577fb.jpg,C:\Users\mviei\AppData\Local\Temp\aed_nativa\Placas-de-Transito-BR-1\valid\images\captura_2023-10-02_15-45-10_png.rf.396feaf8df068220315fd264f6b577fb.jpg,valid,,,1,42
captura_2023-10-02_15-45-36_png.rf.c98e1802db558cfe5ea2f37c1593221b.jpg,C:\Users\mviei\AppData\Local\Temp\aed_nativa\Placas-de-Transito-BR-1\valid\images\captura_2023-10-02_15-45-36_png.rf.c98e1802db558cfe5ea2f37c1593221b.jpg,valid,,,1,19
captura_2023-10-02_15-45-40_png.rf.3269f2af9d17e62d49dfa125d5a8c082.jpg,C:\Users\mviei\AppData\Local\Temp\aed_nativa\Placas-de-Transito-BR-1\valid\images\captura_2023-10-02_15-45-40_png.rf.3269f2af9d17e62d49dfa125d5a8c082.jpg,valid,,,1,48
captura_2023-10-02_15-46-52_png.rf.8fa70038bfe08335a5bbd4f611505bd5.jpg,C:\Users\mviei\AppData\Local\Temp\aed_nativa\Placas-de-Transito-BR-1\valid\images\captura_2023-10-02_15-46-52_png.rf.8fa70038bfe08335a5bbd4f611505bd5.jpg,valid,,,1,65
captura_2023-10-02_15-47-09_png.rf.33082cd9cd28d50ed60adad9803531e2.jpg,C:\Users\mviei\AppData\Local\Temp\aed_nativa\Placas-de-Transito-BR-1\valid\images\captura_2023-10-02_15-47-09_png.rf.33082cd9cd28d50ed60adad9803531e2.jpg,valid,,,1,19
captura_2023-10-02_15-47-34_png.rf.f54f510a1873a51291bb4810c33def9a.jpg,C:\Users\mviei\AppData\Local\Temp\aed_nativa\Placas-de-Transito-BR-1\valid\images\captura_2023-10-02_15-47-34_png.rf.f54f510a1873a51291bb4810c33def9a.jpg,valid,1270.0,636.0,1,22
captura_2023-10-02_15-47-41_png.rf.e00e48d2e2578884ffe3c33e7520ff93.jpg,C:\Users\mviei\AppData\Local\Temp\aed_nativa\Placas-de-Transito-BR-1\valid\images\captura_2023-10-02_15-47-41_png.rf.e00e48d2e2578884ffe3c33e7520ff93.jpg,valid,,,1,42
captura_2023-10-02_15-48-11_png.rf.192f0ef7abea73d8d6c8e1fbfbb36287.jpg,C:\Users\mviei\AppData\Local\Temp\aed_nativa\Placas-de-Transito-BR-1\valid\images\captura_2023-10-02_15-48-11_png.rf.192f0ef7abea73d8d6c8e1fbfbb36287.jpg,valid,,,1,48
captura_2023-10-02_15-48-40_png.rf.54b7a0a65ff1fb6240c480f2a0b56e49.jpg,C:\Users\mviei\AppData\Local\Temp\aed_nativa\Placas-de-Transito-BR-1\valid\images\captura_2023-10-02_15-48-40_png.rf.54b7a0a65ff1fb6240c480f2a0b56e49.jpg,valid,,,1,42
captura_2023-10-02_15-49-08_png.rf.3cce0672100c4dad4fbb48f3ddf7454f.jpg,C:\Users\mviei\AppData\Local\Temp\aed_nativa\Placas-de-Transito-BR-1\valid\images\captura_2023-10-02_15-49-08_png.rf.3cce0672100c4dad4fbb48f3ddf7454f.jpg,valid,,,1,5
captura_2023-10-02_15-49-11_png.rf.ec0fafbbed745d0002bead4af921a619.jpg,C:\Users\mviei\AppData\Local\Temp\aed_nativa\Placas-de-Transito-BR-1\valid\images\captura_2023-10-02_15-49-11_png.rf.ec0fafbbed745d0002bead4af921a619.jpg,valid,,,1,5
captura_2023-10-02_15-50-01_png.rf.9fe512254983f89ffff4d700e9f0e9fe.jpg,C:\Users\mviei\AppData\Local\Temp\aed_nativa\Placas-de-Transito-BR-1\valid\images\captura_2023-10-02_15-50-01_png.rf.9fe512254983f89ffff4d700e9f0e9fe.jpg,valid,,,2,"39,58"
captura_2023-10-02_15-50-36_png.rf.6e325e26ae2e231d45c69e7825110c66.jpg,C:\Users\mviei\AppData\Local\Temp\aed_nativa\Placas-de-Transito-BR-1\valid\images\captura_2023-10-02_15-50-36_png.rf.6e325e26ae2e231d45c69e7825110c66.jpg,valid,1270.0,636.0,0,
captura_2023-10-02_15-50-55_png.rf.5e195b9e2eea4ce880c5adf78d4737d7.jpg,C:\Users\mviei\AppData\Local\Temp\aed_nativa\Placas-de-Transito-BR-1\valid\images\captura_2023-10-02_15-50-55_png.rf.5e195b9e2eea4ce880c5adf78d4737d7.jpg,valid,,,1,29
captura_2023-10-02_15-51-41_png.rf.1b7e96f44342e36396534f2e6b6eb56d.jpg,C:\Users\mviei\AppData\Local\Temp\aed_nativa\Placas-de-Transito-BR-1\valid\images\captura_2023-10-02_15-51-41_png.rf.1b7e96f44342e36396534f2e6b6eb56d.jpg,valid,,,1,29
captura_2023-10-02_15-52-22_png.rf.881e098162255217c5a649000c0f9c1f.jpg,C:\Users\mviei\AppData\Local\Temp\aed_nativa\Placas-de-Transito-BR-1\valid\images\captura_2023-10-02_15-52-22_png.rf.881e098162255217c5a649000c0f9c1f.jpg,valid,,,1,20
captura_2023-10-02_15-52-25_png.rf.876596caedafdb9ecadafdefcfbbf7ba.jpg,C:\Users\mviei\AppData\Local\Temp\aed_nativa\Placas-de-Transito-BR-1\valid\images\captura_2023-10-02_15-52-25_png.rf.876596caedafdb9ecadafdefcfbbf7ba.jpg,valid,,,0,
captura_2023-10-02_15-52-48_png.rf.fdc95e4aa5b49c8589ff7eb0e97b4a48.jpg,C:\Users\mviei\AppData\Local\Temp\aed_nativa\Placas-de-Transito-BR-1\valid\images\captura_2023-10-02_15-52-48_png.rf.fdc95e4aa5b49c8589ff7eb0e97b4a48.jpg,valid,,,3,"37,39"
captura_2023-10-02_15-53-06_png.rf.83e64a5e66a671b1dbba2bc80af93c8b.jpg,C:\Users\mviei\AppData\Local\Temp\aed_nativa\Placas-de-Transito-BR-1\valid\images\captura_2023-10-02_15-53-06_png.rf.83e64a5e66a671b1dbba2bc80af93c8b.jpg,valid,,,0,
captura_2023-10-02_15-53-34_png.rf.81814d8730fd8b8951211063edc6c172.jpg,C:\Users\mviei\AppData\Local\Temp\aed_nativa\Placas-de-Transito-BR-1\valid\images\captura_2023-10-02_15-53-34_png.rf.81814d8730fd8b8951211063edc6c172.jpg,valid,1270.0,636.0,0,
captura_2023-10-02_15-54-35_png.rf.3d492776ca734ff7dc05aa9350879026.jpg,C:\Users\mviei\AppData\Local\Temp\aed_nativa\Placas-de-Transito-BR-1\valid\images\captura_2023-10-02_15-54-35_png.rf.3d492776ca734ff7dc05aa9350879026.jpg,valid,,,0,
captura_2023-10-02_15-54-42_png.rf.f22d11958dbd4470f2ead00071a49541.jpg,C:\Users\mviei\AppData\Local\Temp\aed_nativa\Placas-de-Transito-BR-1\valid\images\captura_2023-10-02_15-54-42_png.rf.f22d11958dbd4470f2ead00071a49541.jpg,valid,,,0,
captura_2023-10-02_15-54-44_png.rf.42ed6692fd7252ea929d03361a86dd9d.jpg,C:\Users\mviei\AppData\Local\Temp\aed_nativa\Placas-de-Transito-BR-1\valid\images\captura_2023-10-02_15-54-44_png.rf.42ed6692fd7252ea929d03361a86dd9d.jpg,valid,,,1,64
captura_2023-10-02_15-54-54_png.rf.f93983b94e9fd63327c292cc33c6129f.jpg,C:\Users\mviei\AppData\Local\Temp\aed_nativa\Placas-de-Transito-BR-1\valid\images\captura_2023-10-02_15-54-54_png.rf.f93983b94e9fd63327c292cc33c6129f.jpg,valid,,,0,
captura_2023-10-02_15-54-55_png.rf.8346e732046ee251e86fe71de005da24.jpg,C:\Users\mviei\AppData\Local\Temp\aed_nativa\Placas-de-Transito-BR-1\valid\images\captura_2023-10-02_15-54-55_png.rf.8346e732046ee251e86fe71de005da24.jpg,valid,,,1,40
captura_2023-10-02_15-55-05_png.rf.ef2d94ba0785ba42cdf5d39c1ea7b8f9.jpg,C:\Users\mviei\AppData\Local\Temp\aed_nativa\Placas-de-Transito-BR-1\valid\images\captura_2023-10-02_15-55-05_png.rf.ef2d94ba0785ba42cdf5d39c1ea7b8f9.jpg,valid,,,1,42
captura_2023-10-02_15-55-22_png.rf.3d78bdf10f58f6e319999b84d77084a0.jpg,C:\Users\mviei\AppData\Local\Temp\aed_nativa\Placas-de-Transito-BR-1\valid\images\captura_2023-10-02_15-55-22_png.rf.3d78bdf10f58f6e319999b84d77084a0.jpg,valid,1270.0,636.0,2,39
captura_2023-10-02_15-55-34_png.rf.490a30fd6cc9aad2bbb60c25f68ac183.jpg,C:\Users\mviei\AppData\Local\Temp\aed_nativa\Placas-de-Transito-BR-1\valid\images\captura_2023-10-02_15-55-34_png.rf.490a30fd6cc9aad2bbb60c25f68ac183.jpg,valid,,,0,
captura_2023-10-02_15-56-06_png.rf.5794e8dbff034c131457810a6fee4aaf.jpg,C:\Users\mviei\AppData\Local\Temp\aed_nativa\Placas-de-Transito-BR-1\valid\images\captura_2023-10-02_15-56-06_png.rf.5794e8dbff034c131457810a6fee4aaf.jpg,valid,,,1,48
captura_2023-10-02_15-56-51_png.rf.f544b3163528e76669b999d4cbed02c0.jpg,C:\Users\mviei\AppData\Local\Temp\aed_nativa\Placas-de-Transito-BR-1\valid\images\captura_2023-10-02_15-56-51_png.rf.f544b3163528e76669b999d4cbed02c0.jpg,valid,,,1,39
captura_2023-10-02_15-57-27_png.rf.63fae1582d1c727246cd1ad2512b364f.jpg,C:\Users\mviei\AppData\Local\Temp\aed_nativa\Placas-de-Transito-BR-1\valid\images\captura_2023-10-02_15-57-27_png.rf.63fae1582d1c727246cd1ad2512b364f.jpg,valid,,,0,
captura_2023-10-02_15-57-30_png.rf.920dcc666cb84009d7f49b31b83c3cc4.jpg,C:\Users\mviei\AppData\Local\Temp\aed_nativa\Placas-de-Transito-BR-1\valid\images\captura_2023-10-02_15-57-30_png.rf.920dcc666cb84009d7f49b31b83c3cc4.jpg,valid,,,0,
captura_2023-10-02_15-58-49_png.rf.8ed38ea1ef2a9960fd90ef7cea93a8bf.jpg,C:\Users\mviei\AppData\Local\Temp\aed_nativa\Placas-de-Transito-BR-1\valid\images\captura_2023-10-02_15-58-49_png.rf.8ed38ea1ef2a9960fd90ef7cea93a8bf.jpg,valid,,,1,39
captura_2023-10-02_15-59-07_png.rf.bcabb5a45c1028b43ef9bcbbdbef0feb.jpg,C:\Users\mviei\AppData\Local\Temp\aed_nativa\Placas-de-Transito-BR-1\valid\images\captura_2023-10-02_15-59-07_png.rf.bcabb5a45c1028b43ef9bcbbdbef0feb.jpg,valid,1270.0,636.0,0,
captura_2023-10-02_15-59-12_png.rf.720326dbe781842132984c0bb67d6ca0.jpg,C:\Users\mviei\AppData\Local\Temp\aed_nativa\Placas-de-Transito-BR-1\valid\images\captura_2023-10-02_15-59-12_png.rf.720326dbe781842132984c0bb67d6ca0.jpg,valid,,,1,39
captura_2023-10-02_15-59-14_png.rf.c26efa65ba567eae0fe388c172bd1586.jpg,C:\Users\mviei\AppData\Local\Temp\aed_nativa\Placas-de-Transito-BR-1\valid\images\captura_2023-10-02_15-59-14_png.rf.c26efa65ba567eae0fe388c172bd1586.jpg,valid,,,0,
captura_2023-10-02_15-59-37_png.rf.1d980ef3c8b8f83c371aaf28fb801b1c.jpg,C:\Users\mviei\AppData\Local\Temp\aed_nativa\Placas-de-Transito-BR-1\valid\images\captura_2023-10-02_15-59-37_png.rf.1d980ef3c8b8f83c371aaf28fb801b1c.jpg,valid,,,1,39
captura_2023-10-02_15-59-41_png.rf.203868967fdd406e7f1f618e3b9c821c.jpg,C:\Users\mviei\AppData\Local\Temp\aed_nativa\Placas-de-Transito-BR-1\valid\images\captura_2023-10-02_15-59-41_png.rf.203868967fdd406e7f1f618e3b9c821c.jpg,valid,,,0,
captura_2023-10-02_15-59-49_png.rf.dd7d81c9c98d00c58fe62e43db7de4e2.jpg,C:\Users\mviei\AppData\Local\Temp\aed_nativa\Placas-de-Transito-BR-1\valid\images\captura_2023-10-02_15-59-49_png.rf.dd7d81c9c98d00c58fe62e43db7de4e2.jpg,valid,,,0,
captura_2023-10-02_16-00-24_png.rf.3db76e9b16933b1ccedffb56654d492f.jpg,C:\Users\mviei\AppData\Local\Temp\aed_nativa\Placas-de-Transito-BR-1\valid\images\captura_2023-10-02_16-00-24_png.rf.3db76e9b16933b1ccedffb56654d492f.jpg,valid,,,1,39
captura_2023-10-02_16-00-43_png.rf.369f5ec63d646fc3757ff9468fef0026.jpg,C:\Users\mviei\AppData\Local\Temp\aed_nativa\Placas-de-Transito-BR-1\valid\images\captura_2023-10-02_16-00-43_png.rf.369f5ec63d646fc3757ff9468fef0026.jpg,valid,1270.0,636.0,1,39
captura_2023-10-02_16-00-47_png.rf.b455d7c24ed9ef07e53db4fd378b3029.jpg,C:\Users\mviei\AppData\Local\Temp\aed_nativa\Placas-de-Transito-BR-1\valid\images\captura_2023-10-02_16-00-47_png.rf.b455d7c24ed9ef07e53db4fd378b3029.jpg,valid,,,1,48
captura_2023-10-02_16-00-55_png.rf.3f93b1e29bc09d0f115de9e2d897bf14.jpg,C:\Users\mviei\AppData\Local\Temp\aed_nativa\Placas-de-Transito-BR-1\valid\images\captura_2023-10-02_16-00-55_png.rf.3f93b1e29bc09d0f115de9e2d897bf14.jpg,valid,,,0,
captura_2023-10-02_16-01-15_png.rf.8200e5e6a58306a25382d29762660200.jpg,C:\Users\mviei\AppData\Local\Temp\aed_nativa\Placas-de-Transito-BR-1\valid\images\captura_2023-10-02_16-01-15_png.rf.8200e5e6a58306a25382d29762660200.jpg,valid,,,1,39
captura_2023-10-02_16-02-20_png.rf.79779a6051d010da068e3b8bce60450a.jpg,C:\Users\mviei\AppData\Local\Temp\aed_nativa\Placas-de-Transito-BR-1\valid\images\captura_2023-10-02_16-02-20_png.rf.79779a6051d010da068e3b8bce60450a.jpg,valid,,,0,
captura_2023-10-02_16-02-40_png.rf.71bdd03cb60aea5e2a70e0483217d198.jpg,C:\Users\mviei\AppData\Local\Temp\aed_nativa\Placas-de-Transito-BR-1\valid\images\captura_2023-10-02_16-02-40_png.rf.71bdd03cb60aea5e2a70e0483217d198.jpg,valid,,,0,
captura_2023-10-02_16-03-09_png.rf.be5ade2d1d098a02e6ac44644f443456.jpg,C:\Users\mviei\AppData\Local\Temp\aed_nativa\Placas-de-Transito-BR-1\valid\images\captura_2023-10-02_16-03-09_png.rf.be5ade2d1d098a02e6ac44644f443456.jpg,valid,,,1,39
captura_2023-10-02_16-03-10_png.rf.09c945627fb2de53ae3a3011eb5526d6.jpg,C:\Users\mviei\AppData\Local\Temp\aed_nativa\Placas-de-Transito-BR-1\valid\images\captura_2023-10-02_16-03-10_png.rf.09c945627fb2de53ae3a3011eb5526d6.jpg,valid,1270.0,636.0,1,39
captura_2023-10-02_16-03-14_png.rf.f8c02b86120a3703a09729b58ab5f5a5.jpg,C:\Users\mviei\AppData\Local\Temp\aed_nativa\Placas-de-Transito-BR-1\valid\images\captura_2023-10-02_16-03-14_png.rf.f8c02b86120a3703a09729b58ab5f5a5.jpg,valid,,,1,39
captura_2023-10-02_16-04-09_png.rf.66c8f4ac648b1fdac24677cab1219607.jpg,C:\Users\mviei\AppData\Local\Temp\aed_nativa\Placas-de-Transito-BR-1\valid\images\captura_2023-10-02_16-04-09_png.rf.66c8f4ac648b1fdac24677cab1219607.jpg,valid,,,1,39
captura_2023-10-02_16-04-10_png.rf.2a00cf815d7b6f2e0afc36e272df3fc5.jpg,C:\Users\mviei\AppData\Local\Temp\aed_nativa\Placas-de-Transito-BR-1\valid\images\captura_2023-10-02_16-04-10_png.rf.2a00cf815d7b6f2e0afc36e272df3fc5.jpg,valid,,,1,39
captura_2023-10-02_16-04-37_png.rf.23bb26857be4290f64d5e41911e53f0f.jpg,C:\Users\mviei\AppData\Local\Temp\aed_nativa\Placas-de-Transito-BR-1\valid\images\captura_2023-10-02_16-04-37_png.rf.23bb26857be4290f64d5e41911e53f0f.jpg,valid,,,0,
captura_2023-10-02_16-04-39_png.rf.423d15ae5d191cbb30029f62f12fa6f8.jpg,C:\Users\mviei\AppData\Local\Temp\aed_nativa\Placas-de-Transito-BR-1\valid\images\captura_2023-10-02_16-04-39_png.rf.423d15ae5d191cbb30029f62f12fa6f8.jpg,valid,,,1,39
captura_2023-10-02_16-04-42_png.rf.4580fe4775b339ba3b3124768387ac4f.jpg,C:\Users\mviei\AppData\Local\Temp\aed_nativa\Placas-de-Transito-BR-1\valid\images\captura_2023-10-02_16-04-42_png.rf.4580fe4775b339ba3b3124768387ac4f.jpg,valid,,,1,19
captura_2023-10-02_16-06-25_png.rf.6a8e9b7d9aa27c6df86f1f0601090d90.jpg,C:\Users\mviei\AppData\Local\Temp\aed_nativa\Placas-de-Transito-BR-1\valid\images\captura_2023-10-02_16-06-25_png.rf.6a8e9b7d9aa27c6df86f1f0601090d90.jpg,valid,1270.0,636.0,0,
captura_2023-10-05_15-18-00_png.rf.e69ed41bee443a353e801e64808fe8fc.jpg,C:\Users\mviei\AppData\Local\Temp\aed_nativa\Placas-de-Transito-BR-1\valid\images\captura_2023-10-05_15-18-00_png.rf.e69ed41bee443a353e801e64808fe8fc.jpg,valid,,,0,
captura_2023-10-05_15-19-19_png.rf.5b7a0be1a0e50c73be05d55a0e7f585d.jpg,C:\Users\mviei\AppData\Local\Temp\aed_nativa\Placas-de-Transito-BR-1\valid\images\captura_2023-10-05_15-19-19_png.rf.5b7a0be1a0e50c73be05d55a0e7f585d.jpg,valid,,,1,48
captura_2023-10-05_15-20-02_png.rf.49091bb581693afa7e64dee35a5f688d.jpg,C:\Users\mviei\AppData\Local\Temp\aed_nativa\Placas-de-Transito-BR-1\valid\images\captura_2023-10-05_15-20-02_png.rf.49091bb581693afa7e64dee35a5f688d.jpg,valid,,,0,
captura_2023-10-05_15-20-05_png.rf.24b3f473fe0d4ec839459dca1fff9db2.jpg,C:\Users\mviei\AppData\Local\Temp\aed_nativa\Placas-de-Transito-BR-1\valid\images\captura_2023-10-05_15-20-05_png.rf.24b3f473fe0d4ec839459dca1fff9db2.jpg,valid,,,0,
captura_2023-10-05_15-21-59_png.rf.a848d42404025ac4e1106d461d8ebcaf.jpg,C:\Users\mviei\AppData\Local\Temp\aed_nativa\Placas-de-Transito-BR-1\valid\images\captura_2023-10-05_15-21-59_png.rf.a848d42404025ac4e1106d461d8ebcaf.jpg,valid,,,1,37
captura_2023-10-05_15-23-55_png.rf.d8ca736848d57e48468b4763a37b49be.jpg,C:\Users\mviei\AppData\Local\Temp\aed_nativa\Placas-de-Transito-BR-1\valid\images\captura_2023-10-05_15-23-55_png.rf.d8ca736848d57e48468b4763a37b49be.jpg,valid,,,1,21
captura_2023-10-05_15-24-57_png.rf.1c9608a0b9a97a1dc396dc8874cbb001.jpg,C:\Users\mviei\AppData\Local\Temp\aed_nativa\Placas-de-Transito-BR-1\valid\images\captura_2023-10-05_15-24-57_png.rf.1c9608a0b9a97a1dc396dc8874cbb001.jpg,valid,1270.0,636.0,1,36
captura_2023-10-05_15-27-27_png.rf.e69cd011f24a7ab06328d6bdb06b47f2.jpg,C:\Users\mviei\AppData\Local\Temp\aed_nativa\Placas-de-Transito-BR-1\valid\images\captura_2023-10-05_15-27-27_png.rf.e69cd011f24a7ab06328d6bdb06b47f2.jpg,valid,,,1,20
captura_2023-10-05_15-29-19_png.rf.bfacda73056aac73e0a636b2ab3bf71b.jpg,C:\Users\mviei\AppData\Local\Temp\aed_nativa\Placas-de-Transito-BR-1\valid\images\captura_2023-10-05_15-29-19_png.rf.bfacda73056aac73e0a636b2ab3bf71b.jpg,valid,,,1,41
captura_2023-10-05_15-29-25_png.rf.a37da01c9f3dfa7e9a4dafb9529d9743.jpg,C:\Users\mviei\AppData\Local\Temp\aed_nativa\Placas-de-Transito-BR-1\valid\images\captura_2023-10-05_15-29-25_png.rf.a37da01c9f3dfa7e9a4dafb9529d9743.jpg,valid,,,0,
captura_2023-10-05_15-33-47_png.rf.de9b4c469a6ee553076087781aa3c58a.jpg,C:\Users\mviei\AppData\Local\Temp\aed_nativa\Placas-de-Transito-BR-1\valid\images\captura_2023-10-05_15-33-47_png.rf.de9b4c469a6ee553076087781aa3c58a.jpg,valid,,,1,65
captura_2023-10-05_15-36-00_png.rf.d6b32a1b7cd44164f43d194af73241ce.jpg,C:\Users\mviei\AppData\Local\Temp\aed_nativa\Placas-de-Transito-BR-1\valid\images\captura_2023-10-05_15-36-00_png.rf.d6b32a1b7cd44164f43d194af73241ce.jpg,valid,,,0,
captura_2023-10-05_15-36-08_png.rf.5f72653caee71bdfe592c518dfc1a76e.jpg,C:\Users\mviei\AppData\Local\Temp\aed_nativa\Placas-de-Transito-BR-1\valid\images\captura_2023-10-05_15-36-08_png.rf.5f72653caee71bdfe592c518dfc1a76e.jpg,valid,,,0,
captura_2023-10-05_15-36-14_png.rf.160764d1a2195fb7fa651ba1ffccc4fa.jpg,C:\Users\mviei\AppData\Local\Temp\aed_nativa\Placas-de-Transito-BR-1\valid\images\captura_2023-10-05_15-36-14_png.rf.160764d1a2195fb7fa651ba1ffccc4fa.jpg,valid,1270.0,636.0,0,
captura_2023-10-05_15-36-19_png.rf.463bc6b4805eab230ce4cf527f50a2a7.jpg,C:\Users\mviei\AppData\Local\Temp\aed_nativa\Placas-de-Transito-BR-1\valid\images\captura_2023-10-05_15-36-19_png.rf.463bc6b4805eab230ce4cf527f50a2a7.jpg,valid,,,0,
captura_2023-10-05_15-36-35_png.rf.537bd0a49a533176a547777c285d3683.jpg,C:\Users\mviei\AppData\Local\Temp\aed_nativa\Placas-de-Transito-BR-1\valid\images\captura_2023-10-05_15-36-35_png.rf.537bd0a49a533176a547777c285d3683.jpg,valid,,,1,63
captura_2023-10-05_15-36-36_png.rf.c84fda579dd0f1b84601c7f54bd88699.jpg,C:\Users\mviei\AppData\Local\Temp\aed_nativa\Placas-de-Transito-BR-1\valid\images\captura_2023-10-05_15-36-36_png.rf.c84fda579dd0f1b84601c7f54bd88699.jpg,valid,,,0,
captura_2023-10-05_15-36-40_png.rf.cbc3e232eabb122473638b65e3c12766.jpg,C:\Users\mviei\AppData\Local\Temp\aed_nativa\Placas-de-Transito-BR-1\valid\images\captura_2023-10-05_15-36-40_png.rf.cbc3e232eabb122473638b65e3c12766.jpg,valid,,,0,
captura_2023-10-05_15-36-45_png.rf.de8a99d4c00ee336edeb928a4325a7d7.jpg,C:\Users\mviei\AppData\Local\Temp\aed_nativa\Placas-de-Transito-BR-1\valid\images\captura_2023-10-05_15-36-45_png.rf.de8a99d4c00ee336edeb928a4325a7d7.jpg,valid,,,0,
captura_2023-10-05_15-36-46_png.rf.7ab8c72edf8880bebea3fe683ffc0de4.jpg,C:\Users\mviei\AppData\Local\Temp\aed_nativa\Placas-de-Transito-BR-1\valid\images\captura_2023-10-05_15-36-46_png.rf.7ab8c72edf8880bebea3fe683ffc0de4.jpg,valid,,,0,
captura_2023-10-05_15-36-50_png.rf.76b6b4389a0f65e440ba68cfde936a5a.jpg,C:\Users\mviei\AppData\Local\Temp\aed_nativa\Placas-de-Transito-BR-1\valid\images\captura_2023-10-05_15-36-50_png.rf.76b6b4389a0f65e440ba68cfde936a5a.jpg,valid,1270.0,636.0,1,20
captura_2023-10-05_15-37-00_png.rf.1301d6b84c578dac21ca6e40c129de41.jpg,C:\Users\mviei\AppData\Local\Temp\aed_nativa\Placas-de-Transito-BR-1\valid\images\captura_2023-10-05_15-37-00_png.rf.1301d6b84c578dac21ca6e40c129de41.jpg,valid,,,0,
captura_2023-10-05_15-37-02_png.rf.f0d7f846614c054c6fdf16b6595d5f84.jpg,C:\Users\mviei\AppData\Local\Temp\aed_nativa\Placas-de-Transito-BR-1\valid\images\captura_2023-10-05_15-37-02_png.rf.f0d7f846614c054c6fdf16b6595d5f84.jpg,valid,,,0,
captura_2023-10-05_15-37-04_png.rf.7007d4226f898d9900601174425c1f17.jpg,C:\Users\mviei\AppData\Local\Temp\aed_nativa\Placas-de-Transito-BR-1\valid\images\captura_2023-10-05_15-37-04_png.rf.7007d4226f898d9900601174425c1f17.jpg,valid,,,0,
captura_2023-10-05_15-37-17_png.rf.dacc522f0d424108dc657b103ffc7b81.jpg,C:\Users\mviei\AppData\Local\Temp\aed_nativa\Placas-de-Transito-BR-1\valid\images\captura_2023-10-05_15-37-17_png.rf.dacc522f0d424108dc657b103ffc7b81.jpg,valid,,,0,
captura_2023-10-05_15-37-21_png.rf.521ca48128dc74fa5e066314597dcdd1.jpg,C:\Users\mviei\AppData\Local\Temp\aed_nativa\Placas-de-Transito-BR-1\valid\images\captura_2023-10-05_15-37-21_png.rf.521ca48128dc74fa5e066314597dcdd1.jpg,valid,,,0,
captura_2023-10-05_15-37-24_png.rf.d8685820118728b7ecec3b9739f47609.jpg,C:\Users\mviei\AppData\Local\Temp\aed_nativa\Placas-de-Transito-BR-1\valid\images\captura_2023-10-05_15-37-24_png.rf.d8685820118728b7ecec3b9739f47609.jpg,valid,,,0,
captura_2023-10-05_15-37-26_png.rf.8b5a4e9c73cace73a39801c4d07a04fa.jpg,C:\Users\mviei\AppData\Local\Temp\aed_nativa\Placas-de-Transito-BR-1\valid\images\captura_2023-10-05_15-37-26_png.rf.8b5a4e9c73cace73a39801c4d07a04fa.jpg,valid,1270.0,636.0,0,
captura_2023-10-05_15-37-37_png.rf.6b7a5da2b206244d44e13ffb1f0042d0.jpg,C:\Users\mviei\AppData\Local\Temp\aed_nativa\Placas-de-Transito-BR-1\valid\images\captura_2023-10-05_15-37-37_png.rf.6b7a5da2b206244d44e13ffb1f0042d0.jpg,valid,,,0,
captura_2023-10-05_15-37-41_png.rf.cccf440dd4beb2906cccfef9543cdc2b.jpg,C:\Users\mviei\AppData\Local\Temp\aed_nativa\Placas-de-Transito-BR-1\valid\images\captura_2023-10-05_15-37-41_png.rf.cccf440dd4beb2906cccfef9543cdc2b.jpg,valid,,,0,
captura_2023-10-05_15-37-47_png.rf.b7bb94fe468692447a6d2cef90331cad.jpg,C:\Users\mviei\AppData\Local\Temp\aed_nativa\Placas-de-Transito-BR-1\valid\images\captura_2023-10-05_15-37-47_png.rf.b7bb94fe468692447a6d2cef90331cad.jpg,valid,,,0,
captura_2023-10-05_15-37-56_png.rf.a68979d37e94171711432d6c55aaa5f4.jpg,C:\Users\mviei\AppData\Local\Temp\aed_nativa\Placas-de-Transito-BR-1\valid\images\captura_2023-10-05_15-37-56_png.rf.a68979d37e94171711432d6c55aaa5f4.jpg,valid,,,0,
captura_2023-10-05_15-38-01_png.rf.8394eae0444ddb76e6a90ddb2e0b52ff.jpg,C:\Users\mviei\AppData\Local\Temp\aed_nativa\Placas-de-Transito-BR-1\valid\images\captura_2023-10-05_15-38-01_png.rf.8394eae0444ddb76e6a90ddb2e0b52ff.jpg,valid,,,0,
captura_2023-10-05_15-38-20_png.rf.1a5ac6582d855fabb4ac562946faa336.jpg,C:\Users\mviei\AppData\Local\Temp\aed_nativa\Placas-de-Transito-BR-1\valid\images\captura_2023-10-05_15-38-20_png.rf.1a5ac6582d855fabb4ac562946faa336.jpg,valid,,,0,
captura_2023-10-05_15-38-23_png.rf.105798b7a84b28e96e69618e97bcd928.jpg,C:\Users\mviei\AppData\Local\Temp\aed_nativa\Placas-de-Transito-BR-1\valid\images\captura_2023-10-05_15-38-23_png.rf.105798b7a84b28e96e69618e97bcd928.jpg,valid,1270.0,636.0,0,
captura_2023-10-05_15-38-27_png.rf.9bad65796cc79d3b8829ab284049c973.jpg,C:\Users\mviei\AppData\Local\Temp\aed_nativa\Placas-de-Transito-BR-1\valid\images\captura_2023-10-05_15-38-27_png.rf.9bad65796cc79d3b8829ab284049c973.jpg,valid,,,0,
captura_2023-10-05_15-40-42_png.rf.6e7ed1379e99775f8bd6e53aec8f1b87.jpg,C:\Users\mviei\AppData\Local\Temp\aed_nativa\Placas-de-Transito-BR-1\valid\images\captura_2023-10-05_15-40-42_png.rf.6e7ed1379e99775f8bd6e53aec8f1b87.jpg,valid,,,1,20
captura_2023-10-05_15-41-30_png.rf.a26d5d555a7780b9c1a6135c858c73e0.jpg,C:\Users\mviei\AppData\Local\Temp\aed_nativa\Placas-de-Transito-BR-1\valid\images\captura_2023-10-05_15-41-30_png.rf.a26d5d555a7780b9c1a6135c858c73e0.jpg,valid,,,0,
captura_2023-10-05_15-41-55_png.rf.216eb971dccdd52f41e3b297b9a37182.jpg,C:\Users\mviei\AppData\Local\Temp\aed_nativa\Placas-de-Transito-BR-1\valid\images\captura_2023-10-05_15-41-55_png.rf.216eb971dccdd52f41e3b297b9a37182.jpg,valid,,,0,
captura_2023-10-05_15-41-57_png.rf.182a58de0c7c38460ac3f48c90124b90.jpg,C:\Users\mviei\AppData\Local\Temp\aed_nativa\Placas-de-Transito-BR-1\valid\images\captura_2023-10-05_15-41-57_png.rf.182a58de0c7c38460ac3f48c90124b90.jpg,valid,,,0,
captura_2023-10-05_15-42-00_png.rf.d6db9e4fe122e7060dc058d5a0104308.jpg,C:\Users\mviei\AppData\Local\Temp\aed_nativa\Placas-de-Transito-BR-1\valid\images\captura_2023-10-05_15-42-00_png.rf.d6db9e4fe122e7060dc058d5a0104308.jpg,valid,,,0,
captura_2023-10-05_15-42-10_png.rf.7ae42f0ff2f157c6ab59e374f935d430.jpg,C:\Users\mviei\AppData\Local\Temp\aed_nativa\Placas-de-Transito-BR-1\valid\images\captura_2023-10-05_15-42-10_png.rf.7ae42f0ff2f157c6ab59e374f935d430.jpg,valid,1270.0,636.0,0,
captura_2023-10-05_15-42-12_png.rf.1045e15d477a558d56c622e7537f6426.jpg,C:\Users\mviei\AppData\Local\Temp\aed_nativa\Placas-de-Transito-BR-1\valid\images\captura_2023-10-05_15-42-12_png.rf.1045e15d477a558d56c622e7537f6426.jpg,valid,,,0,
captura_2023-10-05_15-43-12_png.rf.d7df40923785df221ec1fc8ff5b7479e.jpg,C:\Users\mviei\AppData\Local\Temp\aed_nativa\Placas-de-Transito-BR-1\valid\images\captura_2023-10-05_15-43-12_png.rf.d7df40923785df221ec1fc8ff5b7479e.jpg,valid,,,1,8
captura_2023-10-05_15-46-06_png.rf.b2daa1ebeedef7eb4f1f04f2a42b3e44.jpg,C:\Users\mviei\AppData\Local\Temp\aed_nativa\Placas-de-Transito-BR-1\valid\images\captura_2023-10-05_15-46-06_png.rf.b2daa1ebeedef7eb4f1f04f2a42b3e44.jpg,valid,,,1,46
captura_2023-10-05_15-49-25_png.rf.04718a74be6a206167cf4d82fe96e1a3.jpg,C:\Users\mviei\AppData\Local\Temp\aed_nativa\Placas-de-Transito-BR-1\valid\images\captura_2023-10-05_15-49-25_png.rf.04718a74be6a206167cf4d82fe96e1a3.jpg,valid,,,0,
captura_2023-10-05_15-50-08_png.rf.552c4ef8eacbc071ffb6396a6a894c5d.jpg,C:\Users\mviei\AppData\Local\Temp\aed_nativa\Placas-de-Transito-BR-1\valid\images\captura_2023-10-05_15-50-08_png.rf.552c4ef8eacbc071ffb6396a6a894c5d.jpg,valid,,,1,20
captura_2023-10-05_15-50-28_png.rf.766e41b67388a39e6b93590cebfadf8b.jpg,C:\Users\mviei\AppData\Local\Temp\aed_nativa\Placas-de-Transito-BR-1\valid\images\captura_2023-10-05_15-50-28_png.rf.766e41b67388a39e6b93590cebfadf8b.jpg,valid,,,1,65
captura_2023-10-05_15-52-36_png.rf.c1173789e2ce972fe7a0cd0080552f63.jpg,C:\Users\mviei\AppData\Local\Temp\aed_nativa\Placas-de-Transito-BR-1\valid\images\captura_2023-10-05_15-52-36_png.rf.c1173789e2ce972fe7a0cd0080552f63.jpg,valid,1270.0,636.0,1,36
captura_2023-10-05_15-54-35_png.rf.c496b63d4e4a01919d2c6f04f2f84cdc.jpg,C:\Users\mviei\AppData\Local\Temp\aed_nativa\Placas-de-Transito-BR-1\valid\images\captura_2023-10-05_15-54-35_png.rf.c496b63d4e4a01919d2c6f04f2f84cdc.jpg,valid,,,1,20
captura_2023-10-05_15-55-46_png.rf.1ad28f4c95f9e733923a7733914646b7.jpg,C:\Users\mviei\AppData\Local\Temp\aed_nativa\Placas-de-Transito-BR-1\valid\images\captura_2023-10-05_15-55-46_png.rf.1ad28f4c95f9e733923a7733914646b7.jpg,valid,,,1,15
captura_2023-10-05_15-55-49_png.rf.dad4b7a8afee3a7d64ebca546bf98862.jpg,C:\Users\mviei\AppData\Local\Temp\aed_nativa\Placas-de-Transito-BR-1\valid\images\captura_2023-10-05_15-55-49_png.rf.dad4b7a8afee3a7d64ebca546bf98862.jpg,valid,,,1,42
captura_2023-10-05_15-57-22_png.rf.dc7d77ba57b618d88a60239a6407569b.jpg,C:\Users\mviei\AppData\Local\Temp\aed_nativa\Placas-de-Transito-BR-1\valid\images\captura_2023-10-05_15-57-22_png.rf.dc7d77ba57b618d88a60239a6407569b.jpg,valid,,,1,20
captura_2023-10-05_16-02-10_png.rf.c542c611d6941d9588cda454a05838ff.jpg,C:\Users\mviei\AppData\Local\Temp\aed_nativa\Placas-de-Transito-BR-1\valid\images\captura_2023-10-05_16-02-10_png.rf.c542c611d6941d9588cda454a05838ff.jpg,valid,,,1,65
captura_2023-10-05_16-03-24_png.rf.f5468979a0ab274f17ea829ba9d60f5b.jpg,C:\Users\mviei\AppData\Local\Temp\aed_nativa\Placas-de-Transito-BR-1\valid\images\captura_2023-10-05_16-03-24_png.rf.f5468979a0ab274f17ea829ba9d60f5b.jpg,valid,,,0,
captura_2023-10-05_16-04-42_png.rf.532d8c7c343f43f677176b990f3092d2.jpg,C:\Users\mviei\AppData\Local\Temp\aed_nativa\Placas-de-Transito-BR-1\valid\images\captura_2023-10-05_16-04-42_png.rf.532d8c7c343f43f677176b990f3092d2.jpg,valid,1270.0,636.0,1,65
captura_2023-10-05_16-06-17_png.rf.407bfddddc4e576fb4e2291482744252.jpg,C:\Users\mviei\AppData\Local\Temp\aed_nativa\Placas-de-Transito-BR-1\valid\images\captura_2023-10-05_16-06-17_png.rf.407bfddddc4e576fb4e2291482744252.jpg,valid,,,1,19
captura_2023-10-05_16-06-35_png.rf.23ad5d34f2a58504cc62dd57ebbb2c5f.jpg,C:\Users\mviei\AppData\Local\Temp\aed_nativa\Placas-de-Transito-BR-1\valid\images\captura_2023-10-05_16-06-35_png.rf.23ad5d34f2a58504cc62dd57ebbb2c5f.jpg,valid,,,0,
captura_2023-10-05_16-08-09_png.rf.d3c63fc2be5b6ec5940c7322d5ef3b31.jpg,C:\Users\mviei\AppData\Local\Temp\aed_nativa\Placas-de-Transito-BR-1\valid\images\captura_2023-10-05_16-08-09_png.rf.d3c63fc2be5b6ec5940c7322d5ef3b31.jpg,valid,,,0,
captura_2023-10-05_16-08-17_png.rf.6d6b142cbe1f11a0d8600ac03442622a.jpg,C:\Users\mviei\AppData\Local\Temp\aed_nativa\Placas-de-Transito-BR-1\valid\images\captura_2023-10-05_16-08-17_png.rf.6d6b142cbe1f11a0d8600ac03442622a.jpg,valid,,,1,48
captura_2023-10-05_16-10-34_png.rf.4356f1e1466a0f2dc77bfbbcb406e42c.jpg,C:\Users\mviei\AppData\Local\Temp\aed_nativa\Placas-de-Transito-BR-1\valid\images\captura_2023-10-05_16-10-34_png.rf.4356f1e1466a0f2dc77bfbbcb406e42c.jpg,valid,,,1,19
captura_2023-10-05_16-11-47_png.rf.900dffb2777cec4e31bd9db5c039bb91.jpg,C:\Users\mviei\AppData\Local\Temp\aed_nativa\Placas-de-Transito-BR-1\valid\images\captura_2023-10-05_16-11-47_png.rf.900dffb2777cec4e31bd9db5c039bb91.jpg,valid,,,1,65
captura_2023-10-05_16-12-06_png.rf.ee1b0f66b5140df5d913e2ab0d5be054.jpg,C:\Users\mviei\AppData\Local\Temp\aed_nativa\Placas-de-Transito-BR-1\valid\images\captura_2023-10-05_16-12-06_png.rf.ee1b0f66b5140df5d913e2ab0d5be054.jpg,valid,1270.0,636.0,0,
captura_2023-10-05_16-12-35_png.rf.b68a8fa9b7ffa8470095fe9da639567a.jpg,C:\Users\mviei\AppData\Local\Temp\aed_nativa\Placas-de-Transito-BR-1\valid\images\captura_2023-10-05_16-12-35_png.rf.b68a8fa9b7ffa8470095fe9da639567a.jpg,valid,,,1,19
captura_2023-10-05_17-43-42_png.rf.8c01171da6af2d2c78fd1c93745d1ea8.jpg,C:\Users\mviei\AppData\Local\Temp\aed_nativa\Placas-de-Transito-BR-1\valid\images\captura_2023-10-05_17-43-42_png.rf.8c01171da6af2d2c78fd1c93745d1ea8.jpg,valid,,,1,65
captura_2023-10-05_17-44-44_png.rf.98d1e9d42f56ce3cc27a3514d5f1bb2e.jpg,C:\Users\mviei\AppData\Local\Temp\aed_nativa\Placas-de-Transito-BR-1\valid\images\captura_2023-10-05_17-44-44_png.rf.98d1e9d42f56ce3cc27a3514d5f1bb2e.jpg,valid,,,2,48
captura_2023-10-05_17-45-13_png.rf.195a4c79b3375c00ed126e1518680989.jpg,C:\Users\mviei\AppData\Local\Temp\aed_nativa\Placas-de-Transito-BR-1\valid\images\captura_2023-10-05_17-45-13_png.rf.195a4c79b3375c00ed126e1518680989.jpg,valid,,,1,59
captura_2023-10-05_17-45-26_png.rf.080e9280395504e557bb60010c86fa07.jpg,C:\Users\mviei\AppData\Local\Temp\aed_nativa\Placas-de-Transito-BR-1\valid\images\captura_2023-10-05_17-45-26_png.rf.080e9280395504e557bb60010c86fa07.jpg,valid,,,0,
captura_2023-10-05_17-46-20_png.rf.3120177ab566aa06e862609732d580a9.jpg,C:\Users\mviei\AppData\Local\Temp\aed_nativa\Placas-de-Transito-BR-1\valid\images\captura_2023-10-05_17-46-20_png.rf.3120177ab566aa06e862609732d580a9.jpg,valid,,,0,
captura_2023-10-05_17-47-04_png.rf.f46abc3f8080a160809422e0679f9a85.jpg,C:\Users\mviei\AppData\Local\Temp\aed_nativa\Placas-de-Transito-BR-1\valid\images\captura_2023-10-05_17-47-04_png.rf.f46abc3f8080a160809422e0679f9a85.jpg,valid,1257.0,631.0,3,"40,42"
captura_2023-10-05_17-47-37_png.rf.43990b23340c3c7743faff145a5eea9d.jpg,C:\Users\mviei\AppData\Local\Temp\aed_nativa\Placas-de-Transito-BR-1\valid\images\captura_2023-10-05_17-47-37_png.rf.43990b23340c3c7743faff145a5eea9d.jpg,valid,,,1,41
captura_2023-10-05_17-47-39_png.rf.37430fc76acb9c37d13faf2c9a4b7dd6.jpg,C:\Users\mviei\AppData\Local\Temp\aed_nativa\Placas-de-Transito-BR-1\valid\images\captura_2023-10-05_17-47-39_png.rf.37430fc76acb9c37d13faf2c9a4b7dd6.jpg,valid,,,0,
captura_2023-10-05_17-48-04_png.rf.0ef9efb33231a3b3852fac1e42271318.jpg,C:\Users\mviei\AppData\Local\Temp\aed_nativa\Placas-de-Transito-BR-1\valid\images\captura_2023-10-05_17-48-04_png.rf.0ef9efb33231a3b3852fac1e42271318.jpg,valid,,,0,
captura_2023-10-05_17-48-42_png.rf.a4ee7f8f5bbfc7652a81b5b241a4d9a0.jpg,C:\Users\mviei\AppData\Local\Temp\aed_nativa\Placas-de-Transito-BR-1\valid\images\captura_2023-10-05_17-48-42_png.rf.a4ee7f8f5bbfc7652a81b5b241a4d9a0.jpg,valid,,,0,
captura_2023-10-05_17-49-01_png.rf.cdc6788265080abf2172e206a1256ba2.jpg,C:\Users\mviei\AppData\Local\Temp\aed_nativa\Placas-de-Transito-BR-1\valid\images\captura_2023-10-05_17-49-01_png.rf.cdc6788265080abf2172e206a1256ba2.jpg,valid,,,0,
captura_2023-10-05_17-49-31_png.rf.900ce738263069d9987a9358080e9fd8.jpg,C:\Users\mviei\AppData\Local\Temp\aed_nativa\Placas-de-Transito-BR-1\valid\images\captura_2023-10-05_17-49-31_png.rf.900ce738263069d9987a9358080e9fd8.jpg,valid,,,0,
captura_2023-10-05_17-50-55_png.rf.3cbeaa24359e9a86e6293c8470c6763c.jpg,C:\Users\mviei\AppData\Local\Temp\aed_nativa\Placas-de-Transito-BR-1\valid\images\captura_2023-10-05_17-50-55_png.rf.3cbeaa24359e9a86e6293c8470c6763c.jpg,valid,1257.0,631.0,0,
captura_2023-10-05_17-51-16_png.rf.7c62784d490c333a43e11cc4a3e89f9d.jpg,C:\Users\mviei\AppData\Local\Temp\aed_nativa\Placas-de-Transito-BR-1\valid\images\captura_2023-10-05_17-51-16_png.rf.7c62784d490c333a43e11cc4a3e89f9d.jpg,valid,,,2,"42,46"
captura_2023-10-05_17-54-17_png.rf.53ee57fdae19a8a30eaeed30e93deb15.jpg,C:\Users\mviei\AppData\Local\Temp\aed_nativa\Placas-de-Transito-BR-1\valid\images\captura_2023-10-05_17-54-17_png.rf.53ee57fdae19a8a30eaeed30e93deb15.jpg,valid,,,0,
captura_2023-10-05_17-55-02_png.rf.c2c28996ee5c2de34b2aad3ce65f607b.jpg,C:\Users\mviei\AppData\Local\Temp\aed_nativa\Placas-de-Transito-BR-1\valid\images\captura_2023-10-05_17-55-02_png.rf.c2c28996ee5c2de34b2aad3ce65f607b.jpg,valid,,,0,
captura_2023-10-05_17-55-59_png.rf.eefb768c9ee0f7e0e3ab9ec56719edbb.jpg,C:\Users\mviei\AppData\Local\Temp\aed_nativa\Placas-de-Transito-BR-1\valid\images\captura_2023-10-05_17-55-59_png.rf.eefb768c9ee0f7e0e3ab9ec56719edbb.jpg,valid,,,0,
captura_2023-10-05_17-56-14_png.rf.11c83975329895f6ef8d51d73a213c52.jpg,C:\Users\mviei\AppData\Local\Temp\aed_nativa\Placas-de-Transito-BR-1\valid\images\captura_2023-10-05_17-56-14_png.rf.11c83975329895f6ef8d51d73a213c52.jpg,valid,,,1,23
captura_2023-10-05_17-56-37_png.rf.f46f0eccad6172d1382fc2fc80f6d2a9.jpg,C:\Users\mviei\AppData\Local\Temp\aed_nativa\Placas-de-Transito-BR-1\valid\images\captura_2023-10-05_17-56-37_png.rf.f46f0eccad6172d1382fc2fc80f6d2a9.jpg,valid,,,0,
captura_2023-10-05_17-57-53_png.rf.a4f98bf95e7466193b0676f3869b0923.jpg,C:\Users\mviei\AppData\Local\Temp\aed_nativa\Placas-de-Transito-BR-1\valid\images\captura_2023-10-05_17-57-53_png.rf.a4f98bf95e7466193b0676f3869b0923.jpg,valid,1257.0,631.0,1,15
captura_2023-10-05_17-58-26_png.rf.33761e70dc5b2f77de856efff35e8312.jpg,C:\Users\mviei\AppData\Local\Temp\aed_nativa\Placas-de-Transito-BR-1\valid\images\captura_2023-10-05_17-58-26_png.rf.33761e70dc5b2f77de856efff35e8312.jpg,valid,,,0,
captura_2023-10-05_17-58-28_png.rf.001f0f129e63ac5ba1d48049c652bd91.jpg,C:\Users\mviei\AppData\Local\Temp\aed_nativa\Placas-de-Transito-BR-1\valid\images\captura_2023-10-05_17-58-28_png.rf.001f0f129e63ac5ba1d48049c652bd91.jpg,valid,,,0,
captura_2023-10-05_18-03-00_png.rf.d0f1444cd078bf3ce198bf1752d5ccfb.jpg,C:\Users\mviei\AppData\Local\Temp\aed_nativa\Placas-de-Transito-BR-1\valid\images\captura_2023-10-05_18-03-00_png.rf.d0f1444cd078bf3ce198bf1752d5ccfb.jpg,valid,,,0,
captura_2023-10-05_18-04-06_png.rf.19564ef9707c4f50d3020919e85dc648.jpg,C:\Users\mviei\AppData\Local\Temp\aed_nativa\Placas-de-Transito-BR-1\valid\images\captura_2023-10-05_18-04-06_png.rf.19564ef9707c4f50d3020919e85dc648.jpg,valid,,,2,"45,51"
captura_2023-10-05_18-05-30_png.rf.749660f59b708aa7615e8965fce87f8b.jpg,C:\Users\mviei\AppData\Local\Temp\aed_nativa\Placas-de-Transito-BR-1\valid\images\captura_2023-10-05_18-05-30_png.rf.749660f59b708aa7615e8965fce87f8b.jpg,valid,,,0,
captura_2023-10-05_18-05-49_png.rf.3b24f42c1613b795a4c1d5605796b788.jpg,C:\Users\mviei\AppData\Local\Temp\aed_nativa\Placas-de-Transito-BR-1\valid\images\captura_2023-10-05_18-05-49_png.rf.3b24f42c1613b795a4c1d5605796b788.jpg,valid,,,0,
captura_2023-10-05_18-07-05_png.rf.672b551fe41afd9420ede3800ee888b4.jpg,C:\Users\mviei\AppData\Local\Temp\aed_nativa\Placas-de-Transito-BR-1\valid\images\captura_2023-10-05_18-07-05_png.rf.672b551fe41afd9420ede3800ee888b4.jpg,valid,1257.0,631.0,0,
captura_2023-10-05_18-10-33_png.rf.92ab08c074858e36c6f181ca12e53367.jpg,C:\Users\mviei\AppData\Local\Temp\aed_nativa\Placas-de-Transito-BR-1\valid\images\captura_2023-10-05_18-10-33_png.rf.92ab08c074858e36c6f181ca12e53367.jpg,valid,,,0,
captura_2023-10-05_18-10-40_png.rf.70d78c2d8b05996f160dc14992012f18.jpg,C:\Users\mviei\AppData\Local\Temp\aed_nativa\Placas-de-Transito-BR-1\valid\images\captura_2023-10-05_18-10-40_png.rf.70d78c2d8b05996f160dc14992012f18.jpg,valid,,,0,
captura_2023-10-05_18-11-18_png.rf.db7c830c18c974b75c734fc84cdb8f99.jpg,C:\Users\mviei\AppData\Local\Temp\aed_nativa\Placas-de-Transito-BR-1\valid\images\captura_2023-10-05_18-11-18_png.rf.db7c830c18c974b75c734fc84cdb8f99.jpg,valid,,,1,63
captura_2023-10-05_18-11-28_png.rf.25aa63b95ef5514fa7806b140a53a8b2.jpg,C:\Users\mviei\AppData\Local\Temp\aed_nativa\Placas-de-Transito-BR-1\valid\images\captura_2023-10-05_18-11-28_png.rf.25aa63b95ef5514fa7806b140a53a8b2.jpg,valid,,,0,
captura_2023-10-05_18-12-01_png.rf.fa96d3e90decfee86597e27a64a71b07.jpg,C:\Users\mviei\AppData\Local\Temp\aed_nativa\Placas-de-Transito-BR-1\valid\images\captura_2023-10-05_18-12-01_png.rf.fa96d3e90decfee86597e27a64a71b07.jpg,valid,,,0,
captura_2023-10-05_18-12-06_png.rf.3b6816e1e1e52a9808db2e31e538f741.jpg,C:\Users\mviei\AppData\Local\Temp\aed_nativa\Placas-de-Transito-BR-1\valid\images\captura_2023-10-05_18-12-06_png.rf.3b6816e1e1e52a9808db2e31e538f741.jpg,valid,,,0,
captura_2023-10-05_18-14-37_png.rf.c95cf3a56efa3c73b990b013ddc4f622.jpg,C:\Users\mviei\AppData\Local\Temp\aed_nativa\Placas-de-Transito-BR-1\valid\images\captura_2023-10-05_18-14-37_png.rf.c95cf3a56efa3c73b990b013ddc4f622.jpg,valid,1257.0,631.0,1,63
captura_2023-10-05_18-14-42_png.rf.62f0a3b8ea01e11b00fa673a4234e03d.jpg,C:\Users\mviei\AppData\Local\Temp\aed_nativa\Placas-de-Transito-BR-1\valid\images\captura_2023-10-05_18-14-42_png.rf.62f0a3b8ea01e11b00fa673a4234e03d.jpg,valid,,,1,19
captura_2023-10-05_18-14-53_png.rf.a8a8fdbbf826745b563d82e19b8a49bd.jpg,C:\Users\mviei\AppData\Local\Temp\aed_nativa\Placas-de-Transito-BR-1\valid\images\captura_2023-10-05_18-14-53_png.rf.a8a8fdbbf826745b563d82e19b8a49bd.jpg,valid,,,1,48
captura_2023-10-05_18-15-16_png.rf.f9cf2c7b4c2ea93fc65e405ef50cf110.jpg,C:\Users\mviei\AppData\Local\Temp\aed_nativa\Placas-de-Transito-BR-1\valid\images\captura_2023-10-05_18-15-16_png.rf.f9cf2c7b4c2ea93fc65e405ef50cf110.jpg,valid,,,1,43
captura_2023-10-05_18-15-50_png.rf.cac7e1a4adcab7693537077fe8af1509.jpg,C:\Users\mviei\AppData\Local\Temp\aed_nativa\Placas-de-Transito-BR-1\valid\images\captura_2023-10-05_18-15-50_png.rf.cac7e1a4adcab7693537077fe8af1509.jpg,valid,,,2,43
captura_2023-10-05_18-16-21_png.rf.8cee78e01c830b5aff11d971731a725c.jpg,C:\Users\mviei\AppData\Local\Temp\aed_nativa\Placas-de-Transito-BR-1\valid\images\captura_2023-10-05_18-16-21_png.rf.8cee78e01c830b5aff11d971731a725c.jpg,valid,,,1,40
captura_2023-10-05_18-17-17_png.rf.d2f8d841124531661700a3b05eb96e12.jpg,C:\Users\mviei\AppData\Local\Temp\aed_nativa\Placas-de-Transito-BR-1\valid\images\captura_2023-10-05_18-17-17_png.rf.d2f8d841124531661700a3b05eb96e12.jpg,valid,,,1,65
captura_2023-10-05_18-18-01_png.rf.d3405f04274763111f0ab08874f24414.jpg,C:\Users\mviei\AppData\Local\Temp\aed_nativa\Placas-de-Transito-BR-1\valid\images\captura_2023-10-05_18-18-01_png.rf.d3405f04274763111f0ab08874f24414.jpg,valid,1257.0,631.0,0,
captura_2023-10-05_18-18-06_png.rf.2a1debb9ab48d4ef25a308a4223c1843.jpg,C:\Users\mviei\AppData\Local\Temp\aed_nativa\Placas-de-Transito-BR-1\valid\images\captura_2023-10-05_18-18-06_png.rf.2a1debb9ab48d4ef25a308a4223c1843.jpg,valid,,,1,41
captura_2023-10-05_18-18-11_png.rf.5ea46c46bb2cd9c95d69184162f2bc44.jpg,C:\Users\mviei\AppData\Local\Temp\aed_nativa\Placas-de-Transito-BR-1\valid\images\captura_2023-10-05_18-18-11_png.rf.5ea46c46bb2cd9c95d69184162f2bc44.jpg,valid,,,0,
captura_2023-10-05_18-18-19_png.rf.fd3e438dabc6cf9ae9367a1750ed09a3.jpg,C:\Users\mviei\AppData\Local\Temp\aed_nativa\Placas-de-Transito-BR-1\valid\images\captura_2023-10-05_18-18-19_png.rf.fd3e438dabc6cf9ae9367a1750ed09a3.jpg,valid,,,1,48
captura_2023-10-05_18-19-59_png.rf.b2f5641dd5f80ee8d02387594e6daf98.jpg,C:\Users\mviei\AppData\Local\Temp\aed_nativa\Placas-de-Transito-BR-1\valid\images\captura_2023-10-05_18-19-59_png.rf.b2f5641dd5f80ee8d02387594e6daf98.jpg,valid,,,1,49
captura_2023-10-05_18-20-12_png.rf.cdf6a619b6534e31c805e98b7efdb6cf.jpg,C:\Users\mviei\AppData\Local\Temp\aed_nativa\Placas-de-Transito-BR-1\valid\images\captura_2023-10-05_18-20-12_png.rf.cdf6a619b6534e31c805e98b7efdb6cf.jpg,valid,,,0,
captura_2023-10-05_18-21-26_png.rf.f50c87d0c807957b83061b06c85823a8.jpg,C:\Users\mviei\AppData\Local\Temp\aed_nativa\Placas-de-Transito-BR-1\valid\images\captura_2023-10-05_18-21-26_png.rf.f50c87d0c807957b83061b06c85823a8.jpg,valid,,,0,
captura_2023-10-05_18-21-27_png.rf.b9e7d942d465be4db89272ef1fb2e7c3.jpg,C:\Users\mviei\AppData\Local\Temp\aed_nativa\Placas-de-Transito-BR-1\valid\images\captura_2023-10-05_18-21-27_png.rf.b9e7d942d465be4db89272ef1fb2e7c3.jpg,valid,1257.0,631.0,0,
captura_2023-10-05_18-23-01_png.rf.fa893cbc7da234d9c4220c43010187a2.jpg,C:\Users\mviei\AppData\Local\Temp\aed_nativa\Placas-de-Transito-BR-1\valid\images\captura_2023-10-05_18-23-01_png.rf.fa893cbc7da234d9c4220c43010187a2.jpg,valid,,,1,46
captura_2023-10-05_18-23-40_png.rf.f81d1ee0daa3e30208254f21dd9c3470.jpg,C:\Users\mviei\AppData\Local\Temp\aed_nativa\Placas-de-Transito-BR-1\valid\images\captura_2023-10-05_18-23-40_png.rf.f81d1ee0daa3e30208254f21dd9c3470.jpg,valid,,,0,
captura_2023-10-05_18-26-35_png.rf.d3776973e16ce9991f0afe9fe47870e5.jpg,C:\Users\mviei\AppData\Local\Temp\aed_nativa\Placas-de-Transito-BR-1\valid\images\captura_2023-10-05_18-26-35_png.rf.d3776973e16ce9991f0afe9fe47870e5.jpg,valid,,,0,
captura_2023-10-09_12-52-30_png.rf.e80d6216923bfe48a215f3a402d67b81.jpg,C:\Users\mviei\AppData\Local\Temp\aed_nativa\Placas-de-Transito-BR-1\valid\images\captura_2023-10-09_12-52-30_png.rf.e80d6216923bfe48a215f3a402d67b81.jpg,valid,,,2,"42,46"
captura_2023-10-09_12-52-32_png.rf.da0a7fe85893ad0f68ae7f8a9befd576.jpg,C:\Users\mviei\AppData\Local\Temp\aed_nativa\Placas-de-Transito-BR-1\valid\images\captura_2023-10-09_12-52-32_png.rf.da0a7fe85893ad0f68ae7f8a9befd576.jpg,valid,,,1,50
captura_2023-10-09_12-53-20_png.rf.0b61e18d64adb236e14974a9f9397b5c.jpg,C:\Users\mviei\AppData\Local\Temp\aed_nativa\Placas-de-Transito-BR-1\valid\images\captura_2023-10-09_12-53-20_png.rf.0b61e18d64adb236e14974a9f9397b5c.jpg,valid,,,1,40
captura_2023-10-09_12-54-18_png.rf.656a0c8e687d820eaa5b8fa4c8804274.jpg,C:\Users\mviei\AppData\Local\Temp\aed_nativa\Placas-de-Transito-BR-1\valid\images\captura_2023-10-09_12-54-18_png.rf.656a0c8e687d820eaa5b8fa4c8804274.jpg,valid,1257.0,631.0,1,2
captura_2023-10-09_12-54-23_png.rf.52c5311361fef0c300fbc35bb20cbc35.jpg,C:\Users\mviei\AppData\Local\Temp\aed_nativa\Placas-de-Transito-BR-1\valid\images\captura_2023-10-09_12-54-23_png.rf.52c5311361fef0c300fbc35bb20cbc35.jpg,valid,,,1,28
captura_2023-10-09_12-54-34_png.rf.5ec40a9998a828b5ad9514d57d07b616.jpg,C:\Users\mviei\AppData\Local\Temp\aed_nativa\Placas-de-Transito-BR-1\valid\images\captura_2023-10-09_12-54-34_png.rf.5ec40a9998a828b5ad9514d57d07b616.jpg,valid,,,1,45
captura_2023-10-09_12-57-12_png.rf.1c6414c549b285c0055a7ec35531706a.jpg,C:\Users\mviei\AppData\Local\Temp\aed_nativa\Placas-de-Transito-BR-1\valid\images\captura_2023-10-09_12-57-12_png.rf.1c6414c549b285c0055a7ec35531706a.jpg,valid,,,1,46
captura_2023-10-09_12-57-54_png.rf.429baa2240249a07a29d2b854ceb51c2.jpg,C:\Users\mviei\AppData\Local\Temp\aed_nativa\Placas-de-Transito-BR-1\valid\images\captura_2023-10-09_12-57-54_png.rf.429baa2240249a07a29d2b854ceb51c2.jpg,valid,,,0,
captura_2023-10-09_13-41-07_png.rf.ab8ec333d160dafc00e4ecfdc42d7186.jpg,C:\Users\mviei\AppData\Local\Temp\aed_nativa\Placas-de-Transito-BR-1\valid\images\captura_2023-10-09_13-41-07_png.rf.ab8ec333d160dafc00e4ecfdc42d7186.jpg,valid,,,0,
captura_2023-10-09_13-46-32_png.rf.0fb338e6009bb5e08a8d01f09415f156.jpg,C:\Users\mviei\AppData\Local\Temp\aed_nativa\Placas-de-Transito-BR-1\valid\images\captura_2023-10-09_13-46-32_png.rf.0fb338e6009bb5e08a8d01f09415f156.jpg,valid,,,1,48
captura_2023-10-09_13-47-03_png.rf.67a4afe2367a822d124279638016062d.jpg,C:\Users\mviei\AppData\Local\Temp\aed_nativa\Placas-de-Transito-BR-1\valid\images\captura_2023-10-09_13-47-03_png.rf.67a4afe2367a822d124279638016062d.jpg,valid,1257.0,631.0,1,48
captura_2023-10-09_13-47-35_png.rf.fd0a542a9e9a990b8d3f331427898c86.jpg,C:\Users\mviei\AppData\Local\Temp\aed_nativa\Placas-de-Transito-BR-1\valid\images\captura_2023-10-09_13-47-35_png.rf.fd0a542a9e9a990b8d3f331427898c86.jpg,valid,,,1,48
captura_2023-10-09_13-49-19_png.rf.f97665e264ac36a770d79395711e9034.jpg,C:\Users\mviei\AppData\Local\Temp\aed_nativa\Placas-de-Transito-BR-1\valid\images\captura_2023-10-09_13-49-19_png.rf.f97665e264ac36a770d79395711e9034.jpg,valid,,,1,43
captura_2023-10-09_13-50-10_png.rf.42b619c9c92bfad649f55d5ab25e72e5.jpg,C:\Users\mviei\AppData\Local\Temp\aed_nativa\Placas-de-Transito-BR-1\valid\images\captura_2023-10-09_13-50-10_png.rf.42b619c9c92bfad649f55d5ab25e72e5.jpg,valid,,,0,
captura_2023-10-09_13-50-23_png.rf.a420f5984f1bbd3660767b8148dafb67.jpg,C:\Users\mviei\AppData\Local\Temp\aed_nativa\Placas-de-Transito-BR-1\valid\images\captura_2023-10-09_13-50-23_png.rf.a420f5984f1bbd3660767b8148dafb67.jpg,valid,,,0,
captura_2023-10-09_13-52-33_png.rf.589d5dd9724ba03a1c7d999a7b8ecfcf.jpg,C:\Users\mviei\AppData\Local\Temp\aed_nativa\Placas-de-Transito-BR-1\valid\images\captura_2023-10-09_13-52-33_png.rf.589d5dd9724ba03a1c7d999a7b8ecfcf.jpg,valid,,,0,
captura_2023-10-09_13-52-36_png.rf.edca19f97b5bdb52e00aa2d1039af0e5.jpg,C:\Users\mviei\AppData\Local\Temp\aed_nativa\Placas-de-Transito-BR-1\valid\images\captura_2023-10-09_13-52-36_png.rf.edca19f97b5bdb52e00aa2d1039af0e5.jpg,valid,,,1,63
captura_2023-10-09_13-52-44_png.rf.1739c9784d4b53100887b85978fc2ad0.jpg,C:\Users\mviei\AppData\Local\Temp\aed_nativa\Placas-de-Transito-BR-1\valid\images\captura_2023-10-09_13-52-44_png.rf.1739c9784d4b53100887b85978fc2ad0.jpg,valid,1257.0,631.0,0,
captura_2023-10-09_13-52-52_png.rf.f57a6dfff150837264a624907cccd7bd.jpg,C:\Users\mviei\AppData\Local\Temp\aed_nativa\Placas-de-Transito-BR-1\valid\images\captura_2023-10-09_13-52-52_png.rf.f57a6dfff150837264a624907cccd7bd.jpg,valid,,,0,
captura_2023-10-09_13-52-55_png.rf.e0429f4ae9fa8dd57b1094bd149bb007.jpg,C:\Users\mviei\AppData\Local\Temp\aed_nativa\Placas-de-Transito-BR-1\valid\images\captura_2023-10-09_13-52-55_png.rf.e0429f4ae9fa8dd57b1094bd149bb007.jpg,valid,,,0,
captura_2023-10-09_13-52-57_png.rf.eae65820709edb8456a24c6f4aeb2daf.jpg,C:\Users\mviei\AppData\Local\Temp\aed_nativa\Placas-de-Transito-BR-1\valid\images\captura_2023-10-09_13-52-57_png.rf.eae65820709edb8456a24c6f4aeb2daf.jpg,valid,,,0,
captura_2023-10-09_13-54-23_png.rf.746d91aa56230bbb2722e95e3e259fe0.jpg,C:\Users\mviei\AppData\Local\Temp\aed_nativa\Placas-de-Transito-BR-1\valid\images\captura_2023-10-09_13-54-23_png.rf.746d91aa56230bbb2722e95e3e259fe0.jpg,valid,,,1,45
captura_2023-10-09_13-54-46_png.rf.9bcc401123be789340d14f9249f2ce1d.jpg,C:\Users\mviei\AppData\Local\Temp\aed_nativa\Placas-de-Transito-BR-1\valid\images\captura_2023-10-09_13-54-46_png.rf.9bcc401123be789340d14f9249f2ce1d.jpg,valid,,,1,23
captura_2023-10-09_13-54-48_png.rf.1d009258e660cb769a11f80d97e45096.jpg,C:\Users\mviei\AppData\Local\Temp\aed_nativa\Placas-de-Transito-BR-1\valid\images\captura_2023-10-09_13-54-48_png.rf.1d009258e660cb769a11f80d97e45096.jpg,valid,,,2,"23,46"
captura_2023-10-09_13-55-18_png.rf.c177060a03df3d193e55d35682b5cde0.jpg,C:\Users\mviei\AppData\Local\Temp\aed_nativa\Placas-de-Transito-BR-1\valid\images\captura_2023-10-09_13-55-18_png.rf.c177060a03df3d193e55d35682b5cde0.jpg,valid,1257.0,631.0,0,
captura_2023-10-09_15-10-23_png.rf.39f08bd382b4e7192e282033add00810.jpg,C:\Users\mviei\AppData\Local\Temp\aed_nativa\Placas-de-Transito-BR-1\valid\images\captura_2023-10-09_15-10-23_png.rf.39f08bd382b4e7192e282033add00810.jpg,valid,,,0,
captura_2023-10-09_15-15-08_png.rf.baab14e2b7da43041843eda4e4225d4a.jpg,C:\Users\mviei\AppData\Local\Temp\aed_nativa\Placas-de-Transito-BR-1\valid\images\captura_2023-10-09_15-15-08_png.rf.baab14e2b7da43041843eda4e4225d4a.jpg,valid,,,1,65
captura_2023-10-09_15-15-56_png.rf.42e67270972519049ec5a8e5f7566085.jpg,C:\Users\mviei\AppData\Local\Temp\aed_nativa\Placas-de-Transito-BR-1\valid\images\captura_2023-10-09_15-15-56_png.rf.42e67270972519049ec5a8e5f7566085.jpg,valid,,,1,65
captura_2023-10-09_15-19-05_png.rf.01ec836b96b722a59807fb3131e5b061.jpg,C:\Users\mviei\AppData\Local\Temp\aed_nativa\Placas-de-Transito-BR-1\valid\images\captura_2023-10-09_15-19-05_png.rf.01ec836b96b722a59807fb3131e5b061.jpg,valid,,,1,43
captura_2023-10-09_15-23-21_png.rf.ae43df1b09a1e90a192680478bfac30c.jpg,C:\Users\mviei\AppData\Local\Temp\aed_nativa\Placas-de-Transito-BR-1\valid\images\captura_2023-10-09_15-23-21_png.rf.ae43df1b09a1e90a192680478bfac30c.jpg,valid,,,1,50
captura_2023-10-10_17-29-46_png.rf.e9429a765a929a2c9519f7dd4a389488.jpg,C:\Users\mviei\AppData\Local\Temp\aed_nativa\Placas-de-Transito-BR-1\valid\images\captura_2023-10-10_17-29-46_png.rf.e9429a765a929a2c9519f7dd4a389488.jpg,valid,,,1,48
captura_2023-10-10_17-36-46_png.rf.8b952183c907fc1708ebbb2f41be62ea.jpg,C:\Users\mviei\AppData\Local\Temp\aed_nativa\Placas-de-Transito-BR-1\valid\images\captura_2023-10-10_17-36-46_png.rf.8b952183c907fc1708ebbb2f41be62ea.jpg,valid,1273.0,633.0,0,
captura_2023-10-10_17-38-56_png.rf.db9d1aeea6db512b5cd030d204154585.jpg,C:\Users\mviei\AppData\Local\Temp\aed_nativa\Placas-de-Transito-BR-1\valid\images\captura_2023-10-10_17-38-56_png.rf.db9d1aeea6db512b5cd030d204154585.jpg,valid,,,0,
captura_2023-10-10_17-40-08_png.rf.75058ace25cd8b7965babfecccb08423.jpg,C:\Users\mviei\AppData\Local\Temp\aed_nativa\Placas-de-Transito-BR-1\valid\images\captura_2023-10-10_17-40-08_png.rf.75058ace25cd8b7965babfecccb08423.jpg,valid,,,0,
captura_2023-10-10_17-41-19_png.rf.16263a678b1a205922179f0d502d8e1c.jpg,C:\Users\mviei\AppData\Local\Temp\aed_nativa\Placas-de-Transito-BR-1\valid\images\captura_2023-10-10_17-41-19_png.rf.16263a678b1a205922179f0d502d8e1c.jpg,valid,,,1,63
captura_2023-10-10_17-43-42_png.rf.c997b6dd5dd1d091422b483f731060af.jpg,C:\Users\mviei\AppData\Local\Temp\aed_nativa\Placas-de-Transito-BR-1\valid\images\captura_2023-10-10_17-43-42_png.rf.c997b6dd5dd1d091422b483f731060af.jpg,valid,,,1,19
captura_2023-10-10_17-44-03_png.rf.6bcb90e036c1c5949bb768fa2a40389d.jpg,C:\Users\mviei\AppData\Local\Temp\aed_nativa\Placas-de-Transito-BR-1\valid\images\captura_2023-10-10_17-44-03_png.rf.6bcb90e036c1c5949bb768fa2a40389d.jpg,valid,,,1,48
captura_2023-10-10_17-46-26_png.rf.6b86a6e394b3170f52ff17027e3658d7.jpg,C:\Users\mviei\AppData\Local\Temp\aed_nativa\Placas-de-Transito-BR-1\valid\images\captura_2023-10-10_17-46-26_png.rf.6b86a6e394b3170f52ff17027e3658d7.jpg,valid,,,1,64
captura_2023-10-10_17-50-38_png.rf.ae2dec634ff97151603733c0c044b4f6.jpg,C:\Users\mviei\AppData\Local\Temp\aed_nativa\Placas-de-Transito-BR-1\valid\images\captura_2023-10-10_17-50-38_png.rf.ae2dec634ff97151603733c0c044b4f6.jpg,valid,1273.0,633.0,1,14
captura_2023-10-10_17-51-33_png.rf.c3c6711ab585c45cc0879144172353c5.jpg,C:\Users\mviei\AppData\Local\Temp\aed_nativa\Placas-de-Transito-BR-1\valid\images\captura_2023-10-10_17-51-33_png.rf.c3c6711ab585c45cc0879144172353c5.jpg,valid,,,0,
captura_2023-10-10_17-52-11_png.rf.205bd815a78fa557483386aee5c1e270.jpg,C:\Users\mviei\AppData\Local\Temp\aed_nativa\Placas-de-Transito-BR-1\valid\images\captura_2023-10-10_17-52-11_png.rf.205bd815a78fa557483386aee5c1e270.jpg,valid,,,1,46
captura_2023-10-10_17-53-39_png.rf.8a4845ec56a454d63a8407a3a42863cc.jpg,C:\Users\mviei\AppData\Local\Temp\aed_nativa\Placas-de-Transito-BR-1\valid\images\captura_2023-10-10_17-53-39_png.rf.8a4845ec56a454d63a8407a3a42863cc.jpg,valid,,,0,
captura_2023-10-10_17-54-02_png.rf.a3f9b917e10f7f8dacbdfd593c559b21.jpg,C:\Users\mviei\AppData\Local\Temp\aed_nativa\Placas-de-Transito-BR-1\valid\images\captura_2023-10-10_17-54-02_png.rf.a3f9b917e10f7f8dacbdfd593c559b21.jpg,valid,,,1,58
captura_2023-10-10_17-54-35_png.rf.17a9bb3374783b42ec23a5d717f6cced.jpg,C:\Users\mviei\AppData\Local\Temp\aed_nativa\Placas-de-Transito-BR-1\valid\images\captura_2023-10-10_17-54-35_png.rf.17a9bb3374783b42ec23a5d717f6cced.jpg,valid,,,2,23
captura_2023-10-10_17-54-45_png.rf.4394eab75a48e8f08cb6edde50d57ca0.jpg,C:\Users\mviei\AppData\Local\Temp\aed_nativa\Placas-de-Transito-BR-1\valid\images\captura_2023-10-10_17-54-45_png.rf.4394eab75a48e8f08cb6edde50d57ca0.jpg,valid,,,1,45
captura_2023-10-10_17-55-32_png.rf.7f44d07fa323e84e956d4139b405568d.jpg,C:\Users\mviei\AppData\Local\Temp\aed_nativa\Placas-de-Transito-BR-1\valid\images\captura_2023-10-10_17-55-32_png.rf.7f44d07fa323e84e956d4139b405568d.jpg,valid,1273.0,633.0,1,19
captura_2023-10-10_17-55-42_png.rf.b0742fc71f2747c2b2e8681e3f9d7967.jpg,C:\Users\mviei\AppData\Local\Temp\aed_nativa\Placas-de-Transito-BR-1\valid\images\captura_2023-10-10_17-55-42_png.rf.b0742fc71f2747c2b2e8681e3f9d7967.jpg,valid,,,1,45
captura_2023-10-10_18-02-06_png.rf.39b0907a8e7fcc1bc2aa335ec592ce23.jpg,C:\Users\mviei\AppData\Local\Temp\aed_nativa\Placas-de-Transito-BR-1\valid\images\captura_2023-10-10_18-02-06_png.rf.39b0907a8e7fcc1bc2aa335ec592ce23.jpg,valid,,,0,
captura_2023-10-10_18-02-19_png.rf.9c8410665be80cfd998e0483e3163abd.jpg,C:\Users\mviei\AppData\Local\Temp\aed_nativa\Placas-de-Transito-BR-1\valid\images\captura_2023-10-10_18-02-19_png.rf.9c8410665be80cfd998e0483e3163abd.jpg,valid,,,1,5
captura_2023-10-10_18-02-39_png.rf.ec1c40cf993b2b88741ce38bd7da4c6f.jpg,C:\Users\mviei\AppData\Local\Temp\aed_nativa\Placas-de-Transito-BR-1\valid\images\captura_2023-10-10_18-02-39_png.rf.ec1c40cf993b2b88741ce38bd7da4c6f.jpg,valid,,,1,58
captura_2023-10-10_18-02-40_png.rf.611f82f50997ca8d4bafd94054b63baa.jpg,C:\Users\mviei\AppData\Local\Temp\aed_nativa\Placas-de-Transito-BR-1\valid\images\captura_2023-10-10_18-02-40_png.rf.611f82f50997ca8d4bafd94054b63baa.jpg,valid,,,0,
captura_2023-10-10_18-02-59_png.rf.b6f211a8b4b158cd51e20a8db2e5dc1b.jpg,C:\Users\mviei\AppData\Local\Temp\aed_nativa\Placas-de-Transito-BR-1\valid\images\captura_2023-10-10_18-02-59_png.rf.b6f211a8b4b158cd51e20a8db2e5dc1b.jpg,valid,,,0,
captura_2023-10-10_18-03-12_png.rf.824e421f137a17ce48fc1bb9392ed08f.jpg,C:\Users\mviei\AppData\Local\Temp\aed_nativa\Placas-de-Transito-BR-1\valid\images\captura_2023-10-10_18-03-12_png.rf.824e421f137a17ce48fc1bb9392ed08f.jpg,valid,1273.0,633.0,1,49
captura_2023-10-10_18-03-15_png.rf.c638cf63d45d6f2c54a65bb376f2b2fd.jpg,C:\Users\mviei\AppData\Local\Temp\aed_nativa\Placas-de-Transito-BR-1\valid\images\captura_2023-10-10_18-03-15_png.rf.c638cf63d45d6f2c54a65bb376f2b2fd.jpg,valid,,,1,5
captura_2023-10-10_18-03-19_png.rf.91259254e1607ec50f509cab464079ab.jpg,C:\Users\mviei\AppData\Local\Temp\aed_nativa\Placas-de-Transito-BR-1\valid\images\captura_2023-10-10_18-03-19_png.rf.91259254e1607ec50f509cab464079ab.jpg,valid,,,0,
captura_2023-10-10_18-05-54_png.rf.09ca3504bf94340f48e4008e3d945d66.jpg,C:\Users\mviei\AppData\Local\Temp\aed_nativa\Placas-de-Transito-BR-1\valid\images\captura_2023-10-10_18-05-54_png.rf.09ca3504bf94340f48e4008e3d945d66.jpg,valid,,,0,
captura_2023-10-10_18-06-00_png.rf.15fe88af964161dcaeb67b3040f8b4f6.jpg,C:\Users\mviei\AppData\Local\Temp\aed_nativa\Placas-de-Transito-BR-1\valid\images\captura_2023-10-10_18-06-00_png.rf.15fe88af964161dcaeb67b3040f8b4f6.jpg,valid,,,0,
captura_2023-10-10_18-08-05_png.rf.cf5fcdf74650dc2ef9d2c15d1e3d7e38.jpg,C:\Users\mviei\AppData\Local\Temp\aed_nativa\Placas-de-Transito-BR-1\valid\images\captura_2023-10-10_18-08-05_png.rf.cf5fcdf74650dc2ef9d2c15d1e3d7e38.jpg,valid,,,1,65
captura_2023-10-10_18-08-08_png.rf.53cbdc530b51a01a6decba239b31164b.jpg,C:\Users\mviei\AppData\Local\Temp\aed_nativa\Placas-de-Transito-BR-1\valid\images\captura_2023-10-10_18-08-08_png.rf.53cbdc530b51a01a6decba239b31164b.jpg,valid,,,1,20
captura_2023-10-10_18-09-10_png.rf.43a753cba2d8796fd270eef59f42d845.jpg,C:\Users\mviei\AppData\Local\Temp\aed_nativa\Placas-de-Transito-BR-1\valid\images\captura_2023-10-10_18-09-10_png.rf.43a753cba2d8796fd270eef59f42d845.jpg,valid,1273.0,633.0,1,65
captura_2023-10-10_18-09-36_png.rf.efd04c799f37d3049001f2a4776af9ef.jpg,C:\Users\mviei\AppData\Local\Temp\aed_nativa\Placas-de-Transito-BR-1\valid\images\captura_2023-10-10_18-09-36_png.rf.efd04c799f37d3049001f2a4776af9ef.jpg,valid,,,1,65
captura_2023-10-10_18-09-49_png.rf.74ff902a6589a1490284e3a0eb86d779.jpg,C:\Users\mviei\AppData\Local\Temp\aed_nativa\Placas-de-Transito-BR-1\valid\images\captura_2023-10-10_18-09-49_png.rf.74ff902a6589a1490284e3a0eb86d779.jpg,valid,,,0,
captura_2023-10-10_18-13-54_png.rf.bb2222c36d749eab17d4d4d1f6c8a584.jpg,C:\Users\mviei\AppData\Local\Temp\aed_nativa\Placas-de-Transito-BR-1\valid\images\captura_2023-10-10_18-13-54_png.rf.bb2222c36d749eab17d4d4d1f6c8a584.jpg,valid,,,1,46
captura_2023-10-10_18-14-25_png.rf.62ef569cf8023e25a6f49970131ff6b9.jpg,C:\Users\mviei\AppData\Local\Temp\aed_nativa\Placas-de-Transito-BR-1\valid\images\captura_2023-10-10_18-14-25_png.rf.62ef569cf8023e25a6f49970131ff6b9.jpg,valid,,,1,63
captura_2023-10-10_18-14-53_png.rf.2248aacf32e64083bab2779028c4bf64.jpg,C:\Users\mviei\AppData\Local\Temp\aed_nativa\Placas-de-Transito-BR-1\valid\images\captura_2023-10-10_18-14-53_png.rf.2248aacf32e64083bab2779028c4bf64.jpg,valid,,,0,
captura_2023-10-10_18-15-37_png.rf.ce80c69df954f55f23058655f1ceac2a.jpg,C:\Users\mviei\AppData\Local\Temp\aed_nativa\Placas-de-Transito-BR-1\valid\images\captura_2023-10-10_18-15-37_png.rf.ce80c69df954f55f23058655f1ceac2a.jpg,valid,,,0,
captura_2023-10-10_18-17-19_png.rf.7af18b3e96d94f6e7fb7a0d3ee85723e.jpg,C:\Users\mviei\AppData\Local\Temp\aed_nativa\Placas-de-Transito-BR-1\valid\images\captura_2023-10-10_18-17-19_png.rf.7af18b3e96d94f6e7fb7a0d3ee85723e.jpg,valid,1273.0,633.0,1,19
captura_2023-10-10_18-18-21_png.rf.432c27a9afb637d67a77be8f697265e5.jpg,C:\Users\mviei\AppData\Local\Temp\aed_nativa\Placas-de-Transito-BR-1\valid\images\captura_2023-10-10_18-18-21_png.rf.432c27a9afb637d67a77be8f697265e5.jpg,valid,,,1,46
captura_2023-10-10_18-18-41_png.rf.ff6db9420456ac5fed830d6b67b7b02e.jpg,C:\Users\mviei\AppData\Local\Temp\aed_nativa\Placas-de-Transito-BR-1\valid\images\captura_2023-10-10_18-18-41_png.rf.ff6db9420456ac5fed830d6b67b7b02e.jpg,valid,,,1,12
captura_2023-10-10_18-20-28_png.rf.e3c25f6b2d820c30454ce7e356a1cd2e.jpg,C:\Users\mviei\AppData\Local\Temp\aed_nativa\Placas-de-Transito-BR-1\valid\images\captura_2023-10-10_18-20-28_png.rf.e3c25f6b2d820c30454ce7e356a1cd2e.jpg,valid,,,0,
captura_2023-10-10_18-21-15_png.rf.762816bcb139d033d94f1cbb9e620726.jpg,C:\Users\mviei\AppData\Local\Temp\aed_nativa\Placas-de-Transito-BR-1\valid\images\captura_2023-10-10_18-21-15_png.rf.762816bcb139d033d94f1cbb9e620726.jpg,valid,,,1,42
captura_2023-10-10_18-21-17_png.rf.c53ec62f8af542e431744ab708f0bd90.jpg,C:\Users\mviei\AppData\Local\Temp\aed_nativa\Placas-de-Transito-BR-1\valid\images\captura_2023-10-10_18-21-17_png.rf.c53ec62f8af542e431744ab708f0bd90.jpg,valid,,,1,40
captura_2023-10-10_18-21-20_png.rf.443b8c0b318d4090a22b1db4dbbf7eeb.jpg,C:\Users\mviei\AppData\Local\Temp\aed_nativa\Placas-de-Transito-BR-1\valid\images\captura_2023-10-10_18-21-20_png.rf.443b8c0b318d4090a22b1db4dbbf7eeb.jpg,valid,,,1,40
captura_2023-10-10_18-21-24_png.rf.162889ec687a9ea024708076d0592c40.jpg,C:\Users\mviei\AppData\Local\Temp\aed_nativa\Placas-de-Transito-BR-1\valid\images\captura_2023-10-10_18-21-24_png.rf.162889ec687a9ea024708076d0592c40.jpg,valid,1273.0,633.0,1,49
captura_2023-10-10_18-21-32_png.rf.217ecec2b1a3be4ff2a49a4c58c32d59.jpg,C:\Users\mviei\AppData\Local\Temp\aed_nativa\Placas-de-Transito-BR-1\valid\images\captura_2023-10-10_18-21-32_png.rf.217ecec2b1a3be4ff2a49a4c58c32d59.jpg,valid,,,1,48
captura_2023-10-11_16-20-38_png.rf.6bee9efc7a292586c7ad292a882e71d8.jpg,C:\Users\mviei\AppData\Local\Temp\aed_nativa\Placas-de-Transito-BR-1\valid\images\captura_2023-10-11_16-20-38_png.rf.6bee9efc7a292586c7ad292a882e71d8.jpg,valid,,,0,
captura_2023-10-11_16-20-43_png.rf.a2f3ba7633452ed4cd51394384d85cd1.jpg,C:\Users\mviei\AppData\Local\Temp\aed_nativa\Placas-de-Transito-BR-1\valid\images\captura_2023-10-11_16-20-43_png.rf.a2f3ba7633452ed4cd51394384d85cd1.jpg,valid,,,0,
captura_2023-10-11_16-20-57_png.rf.e154f3d56214c6a0d4d82dd54ff3deb0.jpg,C:\Users\mviei\AppData\Local\Temp\aed_nativa\Placas-de-Transito-BR-1\valid\images\captura_2023-10-11_16-20-57_png.rf.e154f3d56214c6a0d4d82dd54ff3deb0.jpg,valid,,,1,43
captura_2023-10-11_16-21-57_png.rf.d88ef1668415e924dcdfe08ed7de8876.jpg,C:\Users\mviei\AppData\Local\Temp\aed_nativa\Placas-de-Transito-BR-1\valid\images\captura_2023-10-11_16-21-57_png.rf.d88ef1668415e924dcdfe08ed7de8876.jpg,valid,,,1,43
captura_2023-10-11_16-22-37_png.rf.6a0d69770e64d64c8c126aa58e921dcb.jpg,C:\Users\mviei\AppData\Local\Temp\aed_nativa\Placas-de-Transito-BR-1\valid\images\captura_2023-10-11_16-22-37_png.rf.6a0d69770e64d64c8c126aa58e921dcb.jpg,valid,,,1,42
captura_2023-10-11_16-22-38_png.rf.c4c9d3555b2e881b398473ce02ab0ffb.jpg,C:\Users\mviei\AppData\Local\Temp\aed_nativa\Placas-de-Transito-BR-1\valid\images\captura_2023-10-11_16-22-38_png.rf.c4c9d3555b2e881b398473ce02ab0ffb.jpg,valid,1248.0,633.0,1,28
captura_2023-10-11_16-22-43_png.rf.6f1fa7c24603152243d53f2fa8e058d1.jpg,C:\Users\mviei\AppData\Local\Temp\aed_nativa\Placas-de-Transito-BR-1\valid\images\captura_2023-10-11_16-22-43_png.rf.6f1fa7c24603152243d53f2fa8e058d1.jpg,valid,,,1,48
captura_2023-10-11_16-23-21_png.rf.4b739773daaf67ac8405206759b709c4.jpg,C:\Users\mviei\AppData\Local\Temp\aed_nativa\Placas-de-Transito-BR-1\valid\images\captura_2023-10-11_16-23-21_png.rf.4b739773daaf67ac8405206759b709c4.jpg,valid,,,0,
captura_2023-10-11_16-24-26_png.rf.969687df55c7eb2250c0b9dfee6e1585.jpg,C:\Users\mviei\AppData\Local\Temp\aed_nativa\Placas-de-Transito-BR-1\valid\images\captura_2023-10-11_16-24-26_png.rf.969687df55c7eb2250c0b9dfee6e1585.jpg,valid,,,0,
captura_2023-10-11_16-25-44_png.rf.0899229fbb8f7b4a1a04b19e79df434b.jpg,C:\Users\mviei\AppData\Local\Temp\aed_nativa\Placas-de-Transito-BR-1\valid\images\captura_2023-10-11_16-25-44_png.rf.0899229fbb8f7b4a1a04b19e79df434b.jpg,valid,,,1,22
captura_2023-10-11_16-25-54_png.rf.c0e99bdb96c1867dfb518ddd536c36a1.jpg,C:\Users\mviei\AppData\Local\Temp\aed_nativa\Placas-de-Transito-BR-1\valid\images\captura_2023-10-11_16-25-54_png.rf.c0e99bdb96c1867dfb518ddd536c36a1.jpg,valid,,,0,
captura_2023-10-11_16-26-23_png.rf.cdb9aa466803f20d13b049dc5d409934.jpg,C:\Users\mviei\AppData\Local\Temp\aed_nativa\Placas-de-Transito-BR-1\valid\images\captura_2023-10-11_16-26-23_png.rf.cdb9aa466803f20d13b049dc5d409934.jpg,valid,,,0,
captura_2023-10-11_16-28-37_png.rf.cdde80e8d0d7fd98fe85820e463202d6.jpg,C:\Users\mviei\AppData\Local\Temp\aed_nativa\Placas-de-Transito-BR-1\valid\images\captura_2023-10-11_16-28-37_png.rf.cdde80e8d0d7fd98fe85820e463202d6.jpg,valid,1248.0,633.0,0,
captura_2023-10-11_16-28-43_png.rf.a54ed816717ec07cd3919170f9f0e8a4.jpg,C:\Users\mviei\AppData\Local\Temp\aed_nativa\Placas-de-Transito-BR-1\valid\images\captura_2023-10-11_16-28-43_png.rf.a54ed816717ec07cd3919170f9f0e8a4.jpg,valid,,,0,
captura_2023-10-11_16-30-15_png.rf.c69c59abbf0d468c55772a26133c13eb.jpg,C:\Users\mviei\AppData\Local\Temp\aed_nativa\Placas-de-Transito-BR-1\valid\images\captura_2023-10-11_16-30-15_png.rf.c69c59abbf0d468c55772a26133c13eb.jpg,valid,,,1,63
captura_2023-10-11_16-32-20_png.rf.e55c7e262340549b1462dfaa37b17db5.jpg,C:\Users\mviei\AppData\Local\Temp\aed_nativa\Placas-de-Transito-BR-1\valid\images\captura_2023-10-11_16-32-20_png.rf.e55c7e262340549b1462dfaa37b17db5.jpg,valid,,,0,
captura_2023-10-11_16-32-35_png.rf.fa2dace0adb827c675323ba7f16d5a5d.jpg,C:\Users\mviei\AppData\Local\Temp\aed_nativa\Placas-de-Transito-BR-1\valid\images\captura_2023-10-11_16-32-35_png.rf.fa2dace0adb827c675323ba7f16d5a5d.jpg,valid,,,1,46
captura_2023-10-11_16-32-45_png.rf.7efc3681ec0c5826ccd410dcd2b1f5ec.jpg,C:\Users\mviei\AppData\Local\Temp\aed_nativa\Placas-de-Transito-BR-1\valid\images\captura_2023-10-11_16-32-45_png.rf.7efc3681ec0c5826ccd410dcd2b1f5ec.jpg,valid,,,0,
captura_2023-10-11_16-34-42_png.rf.b9e17faa717fb622f80411c71a4d52e8.jpg,C:\Users\mviei\AppData\Local\Temp\aed_nativa\Placas-de-Transito-BR-1\valid\images\captura_2023-10-11_16-34-42_png.rf.b9e17faa717fb622f80411c71a4d52e8.jpg,valid,,,1,46
captura_2023-10-11_16-35-34_png.rf.11c4071bebfb1cb988cf10c380fb33f1.jpg,C:\Users\mviei\AppData\Local\Temp\aed_nativa\Placas-de-Transito-BR-1\valid\images\captura_2023-10-11_16-35-34_png.rf.11c4071bebfb1cb988cf10c380fb33f1.jpg,valid,1248.0,633.0,1,45
captura_2023-10-11_16-36-19_png.rf.b9a4dc526eb2411b6fe0176cabfb5b50.jpg,C:\Users\mviei\AppData\Local\Temp\aed_nativa\Placas-de-Transito-BR-1\valid\images\captura_2023-10-11_16-36-19_png.rf.b9a4dc526eb2411b6fe0176cabfb5b50.jpg,valid,,,0,
captura_2023-10-11_16-36-54_png.rf.cae99d89bbe66f58ef5644fd169aa94d.jpg,C:\Users\mviei\AppData\Local\Temp\aed_nativa\Placas-de-Transito-BR-1\valid\images\captura_2023-10-11_16-36-54_png.rf.cae99d89bbe66f58ef5644fd169aa94d.jpg,valid,,,1,43
captura_2023-10-11_16-37-04_png.rf.dd4ab0291c940051807ec677a365426a.jpg,C:\Users\mviei\AppData\Local\Temp\aed_nativa\Placas-de-Transito-BR-1\valid\images\captura_2023-10-11_16-37-04_png.rf.dd4ab0291c940051807ec677a365426a.jpg,valid,,,0,
captura_2023-10-11_16-37-07_png.rf.a2ae64806a5dfc9cd163fa5aeae94b6a.jpg,C:\Users\mviei\AppData\Local\Temp\aed_nativa\Placas-de-Transito-BR-1\valid\images\captura_2023-10-11_16-37-07_png.rf.a2ae64806a5dfc9cd163fa5aeae94b6a.jpg,valid,,,0,
captura_2023-10-11_16-37-29_png.rf.4af48307f68884a237849aef88fc4087.jpg,C:\Users\mviei\AppData\Local\Temp\aed_nativa\Placas-de-Transito-BR-1\valid\images\captura_2023-10-11_16-37-29_png.rf.4af48307f68884a237849aef88fc4087.jpg,valid,,,0,
captura_2023-10-11_16-37-37_png.rf.838a20ff2aa3d5d262f82a08fb43d8fc.jpg,C:\Users\mviei\AppData\Local\Temp\aed_nativa\Placas-de-Transito-BR-1\valid\images\captura_2023-10-11_16-37-37_png.rf.838a20ff2aa3d5d262f82a08fb43d8fc.jpg,valid,,,1,65
captura_2023-10-11_16-38-41_png.rf.337daa9a507a8f635dbcad327f783a6a.jpg,C:\Users\mviei\AppData\Local\Temp\aed_nativa\Placas-de-Transito-BR-1\valid\images\captura_2023-10-11_16-38-41_png.rf.337daa9a507a8f635dbcad327f783a6a.jpg,valid,1248.0,633.0,1,43
captura_2023-10-11_16-39-29_png.rf.e5e799b943a3784a6c832d078b348677.jpg,C:\Users\mviei\AppData\Local\Temp\aed_nativa\Placas-de-Transito-BR-1\valid\images\captura_2023-10-11_16-39-29_png.rf.e5e799b943a3784a6c832d078b348677.jpg,valid,,,1,41
captura_2023-10-11_16-39-36_png.rf.1438ec4812100bd21617c273eba584e7.jpg,C:\Users\mviei\AppData\Local\Temp\aed_nativa\Placas-de-Transito-BR-1\valid\images\captura_2023-10-11_16-39-36_png.rf.1438ec4812100bd21617c273eba584e7.jpg,valid,,,1,48
captura_2023-10-11_16-39-51_png.rf.f5a6f2937b436a5059469cb9f6ca7499.jpg,C:\Users\mviei\AppData\Local\Temp\aed_nativa\Placas-de-Transito-BR-1\valid\images\captura_2023-10-11_16-39-51_png.rf.f5a6f2937b436a5059469cb9f6ca7499.jpg,valid,,,0,
captura_2023-10-11_16-41-38_png.rf.dbc417fd8e8728776127135776958a88.jpg,C:\Users\mviei\AppData\Local\Temp\aed_nativa\Placas-de-Transito-BR-1\valid\images\captura_2023-10-11_16-41-38_png.rf.dbc417fd8e8728776127135776958a88.jpg,valid,,,1,65
captura_2023-10-11_16-42-49_png.rf.fbf8139b3b0bbee62ce0a72e7ea2fd4e.jpg,C:\Users\mviei\AppData\Local\Temp\aed_nativa\Placas-de-Transito-BR-1\valid\images\captura_2023-10-11_16-42-49_png.rf.fbf8139b3b0bbee62ce0a72e7ea2fd4e.jpg,valid,,,1,45
captura_2023-10-11_16-43-30_png.rf.81b4dbd1cb56cfbf596f554a1e4af8b9.jpg,C:\Users\mviei\AppData\Local\Temp\aed_nativa\Placas-de-Transito-BR-1\valid\images\captura_2023-10-11_16-43-30_png.rf.81b4dbd1cb56cfbf596f554a1e4af8b9.jpg,valid,,,1,49
captura_2023-10-11_16-44-09_png.rf.c1832e4cf2957e94375f41ea4c0cde66.jpg,C:\Users\mviei\AppData\Local\Temp\aed_nativa\Placas-de-Transito-BR-1\valid\images\captura_2023-10-11_16-44-09_png.rf.c1832e4cf2957e94375f41ea4c0cde66.jpg,valid,1248.0,633.0,1,45
captura_2023-10-11_16-45-43_png.rf.ac29546af3564dd12fbbf580da0dbaac.jpg,C:\Users\mviei\AppData\Local\Temp\aed_nativa\Placas-de-Transito-BR-1\valid\images\captura_2023-10-11_16-45-43_png.rf.ac29546af3564dd12fbbf580da0dbaac.jpg,valid,,,1,46
